Amount,PreviousAmount,TransactionsToday,NewDevice,NewLocation,TransactionType,TransactionDate,TransactionTime,Class
158.53,100.0,7,0,0,Online,2026-01-01,09:00,0
254.65,252.37,2,0,0,Online,2026-01-01,10:11,0
508.37,244.32,3,0,0,UPI,2026-01-01,10:29,0
236.5,257.02,7,0,0,Bank Transfer,2026-01-01,10:38,0
318.43,176.56,7,0,0,ATM,2026-01-01,10:50,0
587.08,285.52,9,0,0,Online,2026-01-01,11:22,0
299.93,123.05,5,0,0,Online,2026-01-01,11:40,0
488.9,466.73,8,0,0,UPI,2026-01-01,11:51,0
1562.15,794.0,2,0,0,Online,2026-01-01,11:51,0
348.6,180.58,5,0,0,UPI,2026-01-01,12:04,0
1099.31,543.32,9,0,0,Card,2026-01-01,12:33,0
649.02,395.85,1,0,0,UPI,2026-01-01,12:35,0
115.91,133.3,4,0,0,Online,2026-01-01,12:53,0
158.09,120.72,6,0,0,Online,2026-01-01,13:25,0
198.63,113.57,5,0,1,UPI,2026-01-01,13:27,0
195.08,100.0,8,0,0,Card,2026-01-01,13:41,0
373.63,136.77,6,0,0,Card,2026-01-01,13:46,0
680.24,449.13,3,0,0,Card,2026-01-01,13:47,0
1172.49,520.06,5,0,0,Card,2026-01-01,14:33,0
524.24,195.52,4,0,0,UPI,2026-01-01,15:26,0
276.21,120.85,5,0,1,Card,2026-01-01,15:38,0
68.72,100.0,5,0,0,UPI,2026-01-01,15:52,0
428.38,423.34,7,0,0,UPI,2026-01-01,16:08,0
412.36,167.81,3,0,0,Card,2026-01-01,16:47,0
471.3,436.83,5,0,0,Online,2026-01-01,17:41,0
2417.05,2120.87,4,0,0,UPI,2026-01-01,17:48,0
1158.07,1273.52,9,0,0,Bank Transfer,2026-01-01,17:51,0
786.27,398.16,6,0,0,UPI,2026-01-01,18:04,0
178.08,182.55,7,0,0,UPI,2026-01-01,18:04,0
260.85,283.06,13,0,0,Card,2026-01-01,18:20,0
372.18,439.18,6,0,0,Bank Transfer,2026-01-01,19:24,0
208.7,216.48,4,0,0,Card,2026-01-01,19:27,0
617.32,281.01,4,0,0,UPI,2026-01-01,20:12,0
546.41,631.14,6,0,0,Online,2026-01-01,20:31,0
159.96,166.8,2,0,0,Online,2026-01-01,20:32,0
1115.76,591.89,5,0,0,Card,2026-01-01,21:06,0
440.08,215.82,5,0,0,Bank Transfer,2026-01-01,21:24,0
92.79,106.33,3,0,0,UPI,2026-01-01,21:34,0
386.2,186.28,1,0,0,Card,2026-01-01,21:36,0
512.36,517.76,6,0,1,UPI,2026-01-01,21:40,0
922.3,640.51,4,0,0,Card,2026-01-01,21:48,0
302.82,292.29,7,0,0,UPI,2026-01-01,21:57,0
815.46,349.08,4,1,0,Card,2026-01-01,22:09,1
472.99,457.05,3,0,0,Card,2026-01-01,22:18,0
131.92,103.57,3,0,0,Card,2026-01-01,22:27,0
121.16,135.13,2,0,0,Card,2026-01-01,22:34,0
1047.51,534.38,2,0,1,UPI,2026-01-01,22:38,0
1114.97,493.88,2,0,0,Bank Transfer,2026-01-01,22:39,0
530.85,274.33,7,0,1,UPI,2026-01-01,22:59,0
1438.49,599.55,2,0,0,Online,2026-01-01,23:05,0
990.41,1171.78,9,0,0,Card,2026-01-01,23:21,0
721.32,327.79,8,0,0,Card,2026-01-01,23:22,0
185.93,100.0,5,1,0,UPI,2026-01-01,23:40,1
1757.62,1824.82,2,1,0,Online,2026-01-02,00:00,0
636.42,356.23,4,0,1,ATM,2026-01-02,00:17,0
290.63,156.63,4,0,0,Online,2026-01-02,00:23,0
228.6,210.65,3,0,1,ATM,2026-01-02,00:38,0
501.83,345.74,3,0,0,Bank Transfer,2026-01-02,00:45,0
97.48,103.34,6,0,0,Card,2026-01-02,00:45,0
731.23,652.64,4,0,0,UPI,2026-01-02,01:17,0
179.37,106.72,5,0,0,Online,2026-01-02,01:53,0
552.81,474.44,1,0,0,Card,2026-01-02,02:23,0
258.95,281.34,3,0,0,UPI,2026-01-02,02:26,0
322.22,212.61,5,0,0,UPI,2026-01-02,02:41,0
212.01,206.92,3,0,0,Online,2026-01-02,03:12,0
351.76,247.45,5,0,0,Online,2026-01-02,03:25,0
2010.17,1631.48,4,0,0,Card,2026-01-02,03:36,0
1309.37,1274.86,4,0,1,Card,2026-01-02,03:45,0
545.28,218.9,7,0,0,Card,2026-01-02,04:04,0
394.85,290.89,5,0,0,UPI,2026-01-02,04:20,0
826.81,356.3,6,0,0,UPI,2026-01-02,04:48,0
1054.13,1018.56,3,0,0,UPI,2026-01-02,05:22,1
199.27,172.69,6,0,0,UPI,2026-01-02,05:24,0
377.73,237.17,10,0,0,Bank Transfer,2026-01-02,05:27,0
85.74,100.0,9,0,1,Online,2026-01-02,06:03,0
1048.0,1191.5,5,0,0,Online,2026-01-02,06:09,0
2333.84,1441.74,3,0,0,UPI,2026-01-02,06:12,0
431.85,252.23,7,0,0,Bank Transfer,2026-01-02,06:21,0
66.27,100.0,3,0,0,Online,2026-01-02,06:33,0
676.92,569.12,5,0,0,Bank Transfer,2026-01-02,06:37,0
187.08,107.72,6,0,0,Bank Transfer,2026-01-02,06:50,0
229.56,244.81,7,0,0,Online,2026-01-02,07:37,0
687.18,639.32,4,0,0,Card,2026-01-02,07:51,0
500.88,176.98,10,0,0,Card,2026-01-02,07:55,0
266.43,221.36,4,0,0,Card,2026-01-02,07:57,0
232.25,127.06,6,1,0,Card,2026-01-02,08:12,0
448.97,163.0,3,0,0,Online,2026-01-02,08:23,0
284.85,249.66,7,0,0,Online,2026-01-02,09:08,0
157.14,100.0,5,0,0,Card,2026-01-02,09:36,0
304.09,338.97,8,0,0,Online,2026-01-02,09:42,0
538.43,450.87,3,0,0,Card,2026-01-02,09:49,0
346.75,183.02,2,0,0,Bank Transfer,2026-01-02,10:24,0
121.33,143.44,7,0,0,ATM,2026-01-02,10:48,0
935.15,761.66,3,0,0,Card,2026-01-02,11:36,0
39.33,100.0,7,0,0,Card,2026-01-02,11:40,0
276.05,217.99,7,0,0,Card,2026-01-02,11:52,0
238.13,277.53,4,0,0,Online,2026-01-02,12:11,0
457.58,325.15,3,0,0,Card,2026-01-02,12:32,0
650.29,462.71,2,0,0,Card,2026-01-02,12:42,0
1051.27,779.99,3,0,0,Card,2026-01-02,13:33,0
220.18,129.49,6,0,1,Bank Transfer,2026-01-02,14:04,0
664.21,323.81,6,0,0,Card,2026-01-02,14:05,0
476.49,401.25,5,0,0,Card,2026-01-02,14:10,0
94.18,104.54,4,0,0,ATM,2026-01-02,14:21,0
2029.33,1979.34,7,0,0,Online,2026-01-02,15:53,0
118.75,100.0,5,0,0,Online,2026-01-02,15:58,0
576.27,398.04,4,1,0,UPI,2026-01-02,16:29,0
561.98,199.22,6,0,0,Online,2026-01-02,16:43,0
509.94,311.95,6,0,0,UPI,2026-01-02,17:13,0
264.97,243.5,8,0,0,Card,2026-01-02,17:52,1
814.98,486.3,8,0,0,Online,2026-01-02,18:51,0
107.09,114.0,1,0,0,Online,2026-01-02,19:00,0
381.48,288.31,4,0,0,Bank Transfer,2026-01-02,19:42,0
249.81,229.53,4,0,0,UPI,2026-01-02,19:42,0
226.85,249.83,7,0,0,ATM,2026-01-02,19:49,0
580.82,540.39,7,0,1,ATM,2026-01-02,19:57,0
1008.13,1121.78,6,0,0,Bank Transfer,2026-01-02,20:10,0
301.34,312.44,7,0,0,Card,2026-01-02,20:16,0
783.35,651.75,6,1,0,UPI,2026-01-02,20:25,0
420.85,253.63,4,0,0,Card,2026-01-02,20:42,0
188.89,113.98,2,1,0,UPI,2026-01-02,20:54,0
324.0,354.47,4,0,0,UPI,2026-01-02,20:54,0
312.76,123.79,8,0,0,Online,2026-01-02,21:16,0
223.15,256.67,5,0,1,Card,2026-01-02,21:31,0
580.69,364.67,4,0,0,Online,2026-01-02,22:25,0
492.48,481.66,4,0,0,UPI,2026-01-02,23:36,1
104.37,100.0,6,0,0,Online,2026-01-03,00:40,0
99.11,114.99,10,0,0,Online,2026-01-03,01:03,0
578.81,220.53,5,0,0,Bank Transfer,2026-01-03,01:08,0
201.75,131.2,4,0,0,Online,2026-01-03,01:14,0
521.51,567.06,7,0,0,Bank Transfer,2026-01-03,01:35,0
783.52,456.75,3,0,0,Online,2026-01-03,01:40,0
136.96,100.0,7,0,0,UPI,2026-01-03,01:41,0
121.53,135.38,3,0,0,UPI,2026-01-03,02:07,0
1674.5,1768.26,3,0,0,ATM,2026-01-03,02:32,0
543.94,239.28,5,0,1,Online,2026-01-03,02:34,1
282.49,238.18,7,0,0,Card,2026-01-03,02:44,0
182.39,100.0,4,0,0,Online,2026-01-03,02:58,0
261.42,139.3,4,0,0,Bank Transfer,2026-01-03,03:17,0
146.64,128.03,8,0,0,UPI,2026-01-03,04:10,0
854.83,389.19,5,0,0,Card,2026-01-03,05:14,0
208.46,156.2,7,0,1,UPI,2026-01-03,05:15,1
1021.99,579.93,4,0,1,Card,2026-01-03,05:17,0
287.0,308.76,10,0,0,UPI,2026-01-03,05:28,0
166.19,136.5,8,0,0,Online,2026-01-03,05:52,0
280.8,149.62,3,0,0,Online,2026-01-03,06:21,0
43.36,100.0,4,0,0,Bank Transfer,2026-01-03,06:30,0
364.07,382.08,5,0,0,UPI,2026-01-03,06:31,0
349.11,200.91,5,0,0,UPI,2026-01-03,06:48,0
813.24,948.97,8,0,0,UPI,2026-01-03,06:50,0
81.18,100.0,4,0,0,UPI,2026-01-03,07:02,0
1083.1,648.5,1,0,1,Online,2026-01-03,07:04,0
810.38,549.5,4,0,0,UPI,2026-01-03,07:13,0
1169.39,573.1,3,1,0,Online,2026-01-03,07:22,0
385.75,360.28,6,0,0,Card,2026-01-03,07:44,0
955.1,786.75,5,0,0,UPI,2026-01-03,07:46,0
115.52,128.26,6,0,0,Card,2026-01-03,07:49,0
739.59,410.28,7,0,0,Card,2026-01-03,08:28,0
209.46,103.62,2,0,0,Online,2026-01-03,08:29,0
99.12,100.0,6,0,0,ATM,2026-01-03,08:44,0
155.16,100.0,4,0,0,Online,2026-01-03,09:21,0
405.33,467.84,7,0,0,ATM,2026-01-03,09:27,0
200.21,192.16,5,0,0,ATM,2026-01-03,09:28,0
555.39,570.25,3,1,0,Bank Transfer,2026-01-03,09:30,0
86.75,100.0,6,0,0,UPI,2026-01-03,10:50,0
66.15,100.0,4,0,0,Bank Transfer,2026-01-03,10:53,0
1295.34,608.24,8,0,0,Online,2026-01-03,11:53,0
869.77,621.9,2,1,0,Card,2026-01-03,12:00,0
165.36,174.39,6,0,0,Bank Transfer,2026-01-03,12:22,0
402.4,253.89,4,0,0,Online,2026-01-03,12:26,0
959.66,343.68,6,0,0,Online,2026-01-03,12:27,0
576.12,524.88,7,0,0,Online,2026-01-03,12:29,0
457.6,237.98,5,0,0,Online,2026-01-03,12:43,0
1023.4,830.39,7,0,0,Online,2026-01-03,13:18,0
216.78,100.0,5,1,0,Bank Transfer,2026-01-03,13:30,0
414.26,324.17,1,0,0,UPI,2026-01-03,14:06,0
397.35,272.02,3,0,0,Online,2026-01-03,14:37,0
319.95,351.41,3,0,0,Card,2026-01-03,15:17,0
289.65,279.09,5,0,0,Online,2026-01-03,15:18,0
429.21,163.37,6,0,0,UPI,2026-01-03,15:49,0
415.4,424.16,4,0,0,UPI,2026-01-03,16:13,0
165.48,169.21,13,0,0,UPI,2026-01-03,16:53,0
797.54,728.87,6,0,0,UPI,2026-01-03,16:56,0
175.93,200.54,4,0,0,Bank Transfer,2026-01-03,17:13,0
335.12,346.1,5,0,0,ATM,2026-01-03,17:55,0
313.88,168.26,7,0,0,Online,2026-01-03,18:19,0
546.97,368.83,6,0,0,UPI,2026-01-03,18:32,0
66.6,100.0,7,0,0,Card,2026-01-03,19:00,0
860.29,670.32,5,0,0,Bank Transfer,2026-01-03,19:20,0
226.91,263.37,6,0,0,ATM,2026-01-03,19:21,0
1137.93,993.71,4,0,0,ATM,2026-01-03,19:25,0
268.69,165.51,3,0,0,Online,2026-01-03,19:39,0
387.02,445.19,3,0,0,ATM,2026-01-03,19:50,0
2052.3,1939.9,5,0,0,UPI,2026-01-03,19:52,0
318.7,183.63,8,0,0,Online,2026-01-03,20:07,0
1156.35,1295.73,4,0,0,UPI,2026-01-03,20:13,0
417.04,267.98,3,0,0,Card,2026-01-03,20:34,0
574.27,452.98,5,0,0,UPI,2026-01-03,20:51,0
428.15,324.25,1,0,0,UPI,2026-01-03,21:12,0
829.38,941.41,7,0,0,UPI,2026-01-03,21:23,1
225.27,129.71,7,0,0,Online,2026-01-03,21:33,0
174.79,110.69,8,0,0,Online,2026-01-03,21:54,0
234.44,213.61,4,0,0,Online,2026-01-03,21:55,0
439.11,484.61,2,0,0,Card,2026-01-03,23:14,0
334.39,149.69,5,0,0,UPI,2026-01-03,23:33,0
737.84,389.88,3,0,0,Online,2026-01-03,23:37,0
1222.95,1413.52,6,0,0,Card,2026-01-03,23:52,0
176.01,177.89,3,0,0,UPI,2026-01-04,00:00,0
216.19,139.26,6,1,1,Card,2026-01-04,00:10,1
119.01,100.0,4,0,0,UPI,2026-01-04,00:41,0
2266.1,1697.55,1,1,0,UPI,2026-01-04,01:01,0
522.68,482.29,5,0,0,Online,2026-01-04,01:08,0
606.58,501.57,5,0,0,Card,2026-01-04,01:22,0
129.13,130.38,4,0,1,Online,2026-01-04,02:24,1
403.03,159.62,10,0,0,Card,2026-01-04,02:40,0
621.95,650.68,9,0,0,ATM,2026-01-04,03:38,0
325.43,129.96,3,0,1,UPI,2026-01-04,03:53,0
1006.62,1106.1,3,0,0,ATM,2026-01-04,03:59,0
2878.59,1113.34,7,1,0,Online,2026-01-04,04:04,0
180.37,100.0,5,0,0,ATM,2026-01-04,04:12,0
169.22,100.0,4,0,0,Card,2026-01-04,04:21,0
191.31,103.23,3,0,0,Online,2026-01-04,04:52,0
1580.14,1092.66,9,0,1,UPI,2026-01-04,04:59,1
978.48,887.64,8,0,0,UPI,2026-01-04,05:09,1
359.53,398.62,14,0,0,UPI,2026-01-04,05:13,1
416.16,331.19,8,0,0,Bank Transfer,2026-01-04,05:25,0
201.53,161.75,7,0,0,Bank Transfer,2026-01-04,05:27,0
859.65,534.19,3,0,0,Bank Transfer,2026-01-04,05:50,0
292.1,301.03,7,0,1,ATM,2026-01-04,06:01,0
323.41,143.57,8,0,0,Card,2026-01-04,06:02,0
676.86,410.14,2,0,0,Card,2026-01-04,06:46,0
343.85,148.69,3,0,0,Online,2026-01-04,06:54,0
330.39,175.79,4,0,0,ATM,2026-01-04,07:25,0
407.07,345.44,8,0,0,Online,2026-01-04,07:30,0
793.18,362.54,2,0,0,Online,2026-01-04,08:21,0
1635.2,712.17,6,1,0,ATM,2026-01-04,08:21,0
663.59,698.11,8,0,0,Bank Transfer,2026-01-04,08:29,0
798.57,359.8,4,0,0,ATM,2026-01-04,08:35,0
340.4,295.07,8,0,0,Bank Transfer,2026-01-04,08:50,0
221.05,143.51,5,0,0,Online,2026-01-04,09:01,0
703.37,782.09,4,0,0,UPI,2026-01-04,09:06,0
466.64,443.97,3,0,0,UPI,2026-01-04,09:17,0
120.39,100.0,11,0,0,Online,2026-01-04,09:23,0
305.25,339.18,9,0,0,Card,2026-01-04,09:35,0
375.98,263.87,5,1,0,Bank Transfer,2026-01-04,10:26,0
261.42,157.76,7,0,1,Online,2026-01-04,10:34,0
1421.51,1310.44,5,0,0,Online,2026-01-04,10:38,0
606.6,582.5,6,0,0,Bank Transfer,2026-01-04,10:58,0
1296.21,787.79,8,0,0,Online,2026-01-04,11:55,0
504.67,327.49,5,0,0,UPI,2026-01-04,12:07,0
432.33,208.76,6,0,0,Online,2026-01-04,12:27,1
181.98,155.49,8,0,0,Online,2026-01-04,12:28,0
407.54,474.12,4,1,0,Online,2026-01-04,12:31,0
407.93,287.24,5,0,0,UPI,2026-01-04,12:52,0
126.21,151.05,2,0,0,Online,2026-01-04,13:02,0
255.04,127.51,9,0,0,Online,2026-01-04,13:15,0
306.5,314.68,2,0,0,UPI,2026-01-04,13:24,0
573.33,652.96,4,0,0,UPI,2026-01-04,13:31,0
597.14,558.23,7,0,1,Online,2026-01-04,13:32,0
246.13,109.02,8,1,1,UPI,2026-01-04,14:13,0
600.97,377.14,2,0,0,Online,2026-01-04,14:20,0
345.58,146.12,5,0,0,Bank Transfer,2026-01-04,14:42,0
35.19,100.0,4,0,0,Online,2026-01-04,14:58,1
267.2,320.22,6,0,0,Card,2026-01-04,15:06,0
1009.43,674.85,6,0,1,ATM,2026-01-04,15:17,0
96.59,100.0,4,0,0,Online,2026-01-04,15:48,0
443.98,256.78,5,0,0,Card,2026-01-04,17:41,0
1552.27,1296.43,7,0,0,Card,2026-01-04,18:16,0
211.34,176.18,7,0,0,Bank Transfer,2026-01-04,18:28,0
404.17,220.41,5,0,0,Online,2026-01-04,18:37,0
133.16,131.58,8,0,1,Card,2026-01-04,19:41,0
1608.64,683.37,4,0,0,Online,2026-01-04,19:53,1
375.84,330.58,4,0,0,Card,2026-01-04,20:31,0
419.74,298.79,6,0,0,Card,2026-01-04,20:43,0
1275.58,584.34,7,1,0,UPI,2026-01-04,21:14,0
707.87,629.45,6,0,0,Card,2026-01-04,21:41,0
191.66,176.73,7,1,0,Online,2026-01-04,22:16,0
232.71,168.49,4,0,0,Online,2026-01-04,22:20,0
614.43,631.81,6,0,0,UPI,2026-01-04,22:27,0
237.34,185.82,8,1,0,Card,2026-01-04,22:38,0
66.71,100.0,3,0,1,Online,2026-01-04,22:51,0
385.58,447.49,5,0,0,Bank Transfer,2026-01-04,22:54,0
114.64,132.12,4,0,0,UPI,2026-01-04,22:55,0
1593.74,687.35,6,0,0,Online,2026-01-04,23:16,1
468.84,541.12,7,0,1,Bank Transfer,2026-01-04,23:33,0
186.91,188.62,3,0,0,Online,2026-01-04,23:33,0
222.78,100.0,6,0,0,Bank Transfer,2026-01-04,23:42,0
80.96,100.0,6,1,0,Card,2026-01-04,23:50,0
158.45,100.0,5,0,0,Online,2026-01-04,23:51,0
957.07,814.01,8,0,0,Online,2026-01-05,00:00,0
2689.25,3074.38,5,0,0,Card,2026-01-05,00:34,0
748.03,495.92,4,0,0,Card,2026-01-05,00:44,0
373.07,291.86,3,0,0,Card,2026-01-05,00:47,0
279.45,151.86,6,0,0,UPI,2026-01-05,01:41,0
178.93,144.9,2,0,0,ATM,2026-01-05,01:45,0
2323.43,2398.22,5,1,0,ATM,2026-01-05,01:58,0
343.63,183.14,5,0,0,UPI,2026-01-05,02:15,0
2436.42,1998.99,5,0,0,Online,2026-01-05,02:25,1
1318.82,859.14,3,0,0,Card,2026-01-05,02:28,0
91.87,100.0,7,0,0,Card,2026-01-05,02:31,1
229.05,216.85,3,0,0,Bank Transfer,2026-01-05,02:43,0
228.45,215.65,3,0,0,UPI,2026-01-05,02:58,0
376.96,252.99,6,0,0,Online,2026-01-05,03:05,0
383.27,329.38,5,0,0,Online,2026-01-05,03:39,0
5150.26,4652.86,3,0,0,UPI,2026-01-05,03:57,0
161.48,149.96,2,0,0,Online,2026-01-05,04:30,0
490.11,411.18,4,0,0,Card,2026-01-05,04:54,0
681.32,740.45,6,0,0,Online,2026-01-05,05:17,0
402.89,226.21,5,0,0,UPI,2026-01-05,05:35,1
443.04,176.08,3,1,0,UPI,2026-01-05,05:35,0
165.99,193.89,3,0,0,UPI,2026-01-05,06:04,0
441.65,177.38,7,0,0,UPI,2026-01-05,06:15,1
623.09,696.31,8,0,1,Card,2026-01-05,06:37,0
532.97,463.92,7,0,0,Online,2026-01-05,06:51,0
655.02,740.79,2,0,0,Bank Transfer,2026-01-05,07:20,0
1340.39,1112.81,4,0,0,UPI,2026-01-05,07:29,0
894.64,937.46,7,0,0,UPI,2026-01-05,07:39,0
428.63,412.81,2,0,1,Online,2026-01-05,07:51,0
149.01,118.66,5,0,0,UPI,2026-01-05,08:37,0
242.26,159.6,5,0,0,ATM,2026-01-05,08:59,0
334.73,117.97,2,0,0,Card,2026-01-05,09:25,0
499.94,281.6,9,0,0,Card,2026-01-05,09:47,0
268.65,311.37,4,1,0,UPI,2026-01-05,10:05,0
182.11,106.38,7,0,0,UPI,2026-01-05,10:32,0
146.94,145.34,3,0,0,Bank Transfer,2026-01-05,10:34,1
99.14,100.0,7,0,1,Bank Transfer,2026-01-05,10:40,0
330.4,202.28,6,0,0,ATM,2026-01-05,11:26,0
115.67,137.93,4,0,0,UPI,2026-01-05,11:56,0
172.35,100.0,7,0,0,Online,2026-01-05,12:15,0
288.64,243.83,3,0,0,Online,2026-01-05,12:16,0
129.6,100.0,8,0,0,ATM,2026-01-05,12:54,0
557.12,231.23,5,0,0,Card,2026-01-05,13:06,0
756.87,402.64,1,0,0,ATM,2026-01-05,13:20,0
252.9,237.75,9,0,0,UPI,2026-01-05,13:33,0
278.25,123.01,3,0,0,Online,2026-01-05,14:01,0
637.03,656.7,3,0,0,Bank Transfer,2026-01-05,14:03,0
219.88,193.78,3,0,0,UPI,2026-01-05,14:08,0
207.41,100.0,8,0,0,ATM,2026-01-05,14:13,0
1115.46,662.35,7,0,0,Card,2026-01-05,14:17,0
855.39,399.13,4,0,0,Bank Transfer,2026-01-05,14:18,0
672.71,691.52,6,0,0,Bank Transfer,2026-01-05,14:36,0
886.07,711.53,9,0,0,Online,2026-01-05,14:36,0
75.14,100.0,11,0,0,Bank Transfer,2026-01-05,16:12,0
1275.07,1034.68,6,0,0,UPI,2026-01-05,16:13,0
562.98,428.08,5,0,0,UPI,2026-01-05,16:23,0
952.57,854.09,7,0,0,UPI,2026-01-05,16:45,0
560.64,212.83,6,0,0,ATM,2026-01-05,16:51,0
420.56,159.86,2,0,0,UPI,2026-01-05,17:05,0
319.25,206.55,11,0,0,Card,2026-01-05,17:08,0
551.19,515.5,7,0,0,Bank Transfer,2026-01-05,17:19,0
309.52,283.7,6,0,0,Online,2026-01-05,17:19,0
843.61,494.8,3,0,0,Card,2026-01-05,17:32,0
104.74,100.0,4,0,0,Online,2026-01-05,17:33,0
254.59,236.94,8,0,0,Card,2026-01-05,17:55,0
2294.11,855.81,5,0,0,UPI,2026-01-05,17:55,0
236.95,195.07,6,0,0,Card,2026-01-05,18:15,0
329.35,234.0,8,0,0,UPI,2026-01-05,19:15,0
190.53,105.41,7,0,0,UPI,2026-01-05,19:22,0
536.72,425.21,5,0,0,UPI,2026-01-05,19:28,0
215.76,115.34,6,0,0,Online,2026-01-05,19:48,0
344.55,285.86,4,0,0,Online,2026-01-05,19:57,0
830.09,395.64,4,0,1,Online,2026-01-05,20:00,0
222.75,154.78,9,1,0,UPI,2026-01-05,20:01,0
788.65,618.19,7,0,0,Online,2026-01-05,20:04,0
811.51,305.89,4,0,0,Card,2026-01-05,20:17,0
989.02,859.57,3,0,0,UPI,2026-01-05,20:18,0
454.62,449.06,5,0,0,Online,2026-01-05,20:27,0
6342.77,7374.5,4,0,0,Online,2026-01-05,20:44,0
988.66,516.73,2,0,0,Card,2026-01-05,21:42,0
531.74,280.43,2,0,0,UPI,2026-01-05,22:34,0
191.61,116.71,3,0,0,Online,2026-01-05,22:46,0
371.48,411.29,8,0,0,Card,2026-01-05,23:22,0
1356.11,943.62,5,0,1,UPI,2026-01-06,00:00,0
1725.21,1046.38,6,0,0,UPI,2026-01-06,00:06,0
1417.4,1389.06,6,0,0,Bank Transfer,2026-01-06,00:10,0
786.36,300.62,5,0,0,ATM,2026-01-06,00:17,0
138.75,113.29,8,0,0,Card,2026-01-06,00:31,0
610.38,447.2,2,0,0,Online,2026-01-06,00:36,0
140.44,123.75,5,0,0,Bank Transfer,2026-01-06,01:03,0
113.94,110.68,3,0,1,Online,2026-01-06,01:12,0
494.37,309.59,2,0,0,Bank Transfer,2026-01-06,01:15,0
629.37,560.74,6,0,1,Bank Transfer,2026-01-06,01:48,0
869.46,691.81,2,0,0,UPI,2026-01-06,02:14,0
615.58,285.55,4,0,0,Card,2026-01-06,02:49,0
633.87,696.92,4,0,0,Card,2026-01-06,02:49,0
174.7,173.19,4,0,0,Card,2026-01-06,02:53,0
368.99,418.22,7,0,0,UPI,2026-01-06,02:56,0
112.05,107.83,7,0,0,Bank Transfer,2026-01-06,04:01,0
73.49,100.0,3,0,0,UPI,2026-01-06,04:02,0
757.14,542.07,4,0,1,Bank Transfer,2026-01-06,04:28,0
212.69,144.38,4,1,0,Online,2026-01-06,04:38,0
846.93,322.22,3,0,0,Bank Transfer,2026-01-06,04:43,0
1034.94,723.39,5,0,0,Bank Transfer,2026-01-06,04:55,0
238.31,153.41,6,0,0,UPI,2026-01-06,05:20,0
666.32,235.43,4,1,0,Online,2026-01-06,05:26,1
229.99,246.1,4,0,0,Bank Transfer,2026-01-06,05:38,0
84.02,100.0,7,0,0,Online,2026-01-06,05:53,0
448.01,347.57,3,0,0,Card,2026-01-06,06:03,0
270.36,274.95,2,0,0,UPI,2026-01-06,06:12,0
277.53,239.73,2,0,0,Online,2026-01-06,06:25,0
2162.55,1068.19,8,0,0,Online,2026-01-06,06:42,0
110.28,100.0,8,1,0,Online,2026-01-06,06:46,0
558.6,555.23,8,1,0,UPI,2026-01-06,06:55,0
173.19,186.45,4,0,0,Bank Transfer,2026-01-06,07:18,0
873.08,542.05,12,0,0,Online,2026-01-06,07:44,0
519.92,196.96,6,0,1,Online,2026-01-06,07:48,0
556.93,482.72,4,1,0,Card,2026-01-06,08:04,0
180.7,100.0,10,0,0,Online,2026-01-06,08:50,0
210.45,213.35,6,0,0,Online,2026-01-06,08:59,0
887.28,823.31,8,0,0,Card,2026-01-06,09:08,0
1817.43,1830.53,7,0,0,UPI,2026-01-06,09:50,0
606.84,711.46,5,0,0,Bank Transfer,2026-01-06,10:09,0
188.14,159.33,4,0,0,Card,2026-01-06,10:21,0
538.13,601.99,6,0,0,Card,2026-01-06,10:57,0
3175.92,2844.38,5,0,1,UPI,2026-01-06,10:58,0
440.13,222.04,6,0,0,Card,2026-01-06,11:16,0
1397.67,1438.78,4,1,0,Bank Transfer,2026-01-06,11:32,0
215.02,202.04,4,0,0,UPI,2026-01-06,12:43,0
389.25,459.8,6,0,0,UPI,2026-01-06,12:46,0
683.09,380.43,6,0,0,UPI,2026-01-06,12:50,0
565.51,358.06,4,0,0,Bank Transfer,2026-01-06,13:18,0
210.31,220.46,5,0,0,Bank Transfer,2026-01-06,13:20,0
202.74,100.0,5,0,0,Online,2026-01-06,13:28,0
934.53,830.07,7,0,0,Card,2026-01-06,14:08,0
1110.78,894.35,3,1,0,Bank Transfer,2026-01-06,14:12,0
1458.73,719.88,5,0,1,Online,2026-01-06,15:09,0
1869.34,916.64,4,0,0,Online,2026-01-06,15:32,0
452.34,469.83,5,0,0,Bank Transfer,2026-01-06,16:12,0
309.66,112.45,3,0,1,Bank Transfer,2026-01-06,16:13,0
1272.0,1252.68,3,0,0,UPI,2026-01-06,16:33,0
739.6,719.46,5,1,0,Bank Transfer,2026-01-06,16:51,0
175.02,157.91,5,0,0,UPI,2026-01-06,17:35,0
167.57,116.98,5,0,0,UPI,2026-01-06,17:58,0
612.86,229.26,4,0,0,Online,2026-01-06,18:12,0
347.0,357.93,8,0,0,ATM,2026-01-06,18:15,0
394.47,180.21,7,0,0,Card,2026-01-06,18:20,0
1003.91,590.97,6,0,1,Online,2026-01-06,18:21,0
769.07,888.1,6,0,0,ATM,2026-01-06,18:25,0
1249.37,757.84,3,0,0,Online,2026-01-06,18:29,0
78.12,100.0,4,0,0,Online,2026-01-06,18:55,0
500.39,589.14,4,0,0,ATM,2026-01-06,19:05,0
728.13,308.03,5,1,0,UPI,2026-01-06,19:47,0
110.21,100.0,6,0,0,Card,2026-01-06,20:25,0
231.21,167.07,5,0,0,Bank Transfer,2026-01-06,20:30,0
197.47,201.33,4,0,0,ATM,2026-01-06,21:01,0
410.94,452.73,5,0,0,Online,2026-01-06,21:04,0
1609.5,1597.09,3,0,0,UPI,2026-01-06,21:22,0
2251.16,2655.8,5,1,0,UPI,2026-01-06,21:40,0
201.92,100.0,6,0,0,Bank Transfer,2026-01-06,22:08,0
631.17,553.27,8,0,0,Bank Transfer,2026-01-06,22:23,0
648.71,291.2,6,0,0,Online,2026-01-06,22:53,0
560.87,630.31,8,0,0,UPI,2026-01-06,23:05,0
566.3,648.43,5,0,0,Card,2026-01-06,23:16,0
522.27,317.32,3,0,0,UPI,2026-01-06,23:40,0
1693.3,1783.98,2,0,0,UPI,2026-01-07,00:33,0
1029.78,912.11,3,0,1,Bank Transfer,2026-01-07,01:04,0
163.84,100.0,4,0,0,Online,2026-01-07,01:13,0
793.43,684.22,2,0,0,ATM,2026-01-07,01:24,0
861.36,1016.11,5,0,0,UPI,2026-01-07,01:25,0
527.27,322.63,6,0,0,Card,2026-01-07,01:26,0
1055.44,370.43,6,0,0,Online,2026-01-07,01:27,0
473.36,558.7,6,0,0,Card,2026-01-07,01:43,0
478.38,335.77,10,0,1,Bank Transfer,2026-01-07,01:50,1
447.22,320.34,5,0,1,Card,2026-01-07,04:02,0
72.57,100.0,8,0,0,Online,2026-01-07,04:52,0
376.78,325.44,7,0,0,UPI,2026-01-07,05:06,0
228.6,138.69,6,0,0,Bank Transfer,2026-01-07,05:09,0
147.16,100.0,2,1,0,ATM,2026-01-07,05:15,1
1365.01,1437.71,4,0,0,Card,2026-01-07,05:19,0
619.29,471.2,8,0,0,Card,2026-01-07,05:45,0
393.33,362.49,9,0,0,Card,2026-01-07,06:00,0
249.61,269.94,6,0,0,Card,2026-01-07,06:05,0
518.92,189.44,7,0,0,Online,2026-01-07,06:19,0
937.04,1012.45,4,0,0,Online,2026-01-07,06:27,0
199.75,197.56,4,0,0,Online,2026-01-07,06:51,0
401.78,463.97,6,0,0,Card,2026-01-07,07:26,0
843.75,462.84,4,0,0,UPI,2026-01-07,07:39,1
77.82,100.0,8,0,0,UPI,2026-01-07,07:40,0
384.16,350.45,5,0,0,Online,2026-01-07,08:08,0
280.09,318.44,3,0,0,UPI,2026-01-07,08:15,0
360.05,429.82,5,0,0,UPI,2026-01-07,08:41,0
263.38,185.48,7,0,0,Online,2026-01-07,09:11,1
453.49,366.58,7,0,0,Bank Transfer,2026-01-07,09:18,0
2069.54,1024.36,2,0,0,UPI,2026-01-07,09:25,0
306.33,287.91,2,0,1,UPI,2026-01-07,09:28,0
516.95,548.88,3,0,0,Online,2026-01-07,10:05,0
2198.51,2261.94,6,0,0,ATM,2026-01-07,10:09,0
252.77,162.78,4,0,0,Online,2026-01-07,10:29,0
1886.49,2204.88,5,1,0,Online,2026-01-07,10:32,1
405.26,183.3,5,0,0,Bank Transfer,2026-01-07,11:24,0
1834.66,1412.45,6,0,0,Card,2026-01-07,11:28,0
763.32,626.99,7,0,0,Card,2026-01-07,11:32,0
523.76,422.17,6,0,0,Card,2026-01-07,11:43,0
381.54,379.33,3,0,1,UPI,2026-01-07,11:45,0
237.36,206.07,1,0,0,Card,2026-01-07,12:35,0
430.27,178.8,8,0,0,UPI,2026-01-07,13:05,0
865.02,435.0,3,0,0,UPI,2026-01-07,13:10,0
398.96,320.12,9,0,0,ATM,2026-01-07,13:46,0
308.24,289.86,5,0,0,Card,2026-01-07,13:46,0
325.98,256.56,10,0,1,UPI,2026-01-07,13:57,0
937.86,611.66,3,0,0,ATM,2026-01-07,14:02,0
1142.97,449.72,3,0,0,Bank Transfer,2026-01-07,14:11,0
228.82,232.94,5,0,0,ATM,2026-01-07,14:30,0
228.54,176.57,6,1,0,Online,2026-01-07,14:37,0
556.94,449.99,3,0,0,UPI,2026-01-07,14:38,0
1477.94,1106.4,6,0,0,Bank Transfer,2026-01-07,14:39,0
1068.59,615.02,4,0,0,Bank Transfer,2026-01-07,15:34,0
139.2,100.0,5,0,0,ATM,2026-01-07,16:13,0
322.32,130.21,4,0,0,Card,2026-01-07,16:25,0
182.91,174.03,6,0,1,ATM,2026-01-07,16:34,0
321.38,186.75,5,0,0,Online,2026-01-07,17:05,0
1577.74,952.6,5,0,0,Online,2026-01-07,17:42,0
120.4,143.81,6,0,0,Online,2026-01-07,17:43,0
101.9,100.0,5,0,0,UPI,2026-01-07,18:34,0
199.48,156.41,2,0,0,UPI,2026-01-07,18:36,0
515.02,349.45,6,0,0,UPI,2026-01-07,18:39,0
683.78,407.99,5,0,0,ATM,2026-01-07,18:44,0
585.13,207.7,4,0,0,Bank Transfer,2026-01-07,18:47,0
1095.9,1179.91,3,1,0,Online,2026-01-07,20:40,0
90.14,100.0,4,0,0,Card,2026-01-07,20:47,0
1107.75,1065.55,2,0,0,Bank Transfer,2026-01-07,21:05,0
309.43,360.44,6,0,0,UPI,2026-01-07,21:37,0
751.27,264.75,6,0,0,Bank Transfer,2026-01-07,21:57,0
130.99,121.0,3,0,0,UPI,2026-01-07,22:38,0
405.13,182.65,5,0,0,Online,2026-01-07,22:44,0
493.16,364.58,2,0,0,Online,2026-01-07,23:12,0
1077.49,1152.66,3,0,0,UPI,2026-01-07,23:33,0
104.85,100.0,4,0,1,ATM,2026-01-08,00:00,0
414.11,493.28,7,0,1,Online,2026-01-08,00:10,0
160.38,135.31,11,0,0,Card,2026-01-08,00:32,0
619.97,425.14,4,0,0,Online,2026-01-08,00:45,0
781.05,286.32,3,0,0,Card,2026-01-08,01:02,0
1204.83,1022.66,9,0,0,UPI,2026-01-08,01:05,0
256.01,197.3,6,0,0,Card,2026-01-08,01:25,0
887.26,472.93,5,0,0,Card,2026-01-08,02:07,0
1282.76,983.72,4,0,0,Bank Transfer,2026-01-08,02:44,0
99.81,100.0,4,0,0,UPI,2026-01-08,03:06,0
678.91,814.39,5,1,0,Card,2026-01-08,03:13,0
911.17,576.13,4,0,0,Card,2026-01-08,04:20,0
323.79,245.49,5,0,0,Online,2026-01-08,04:38,0
144.15,146.61,7,0,0,Online,2026-01-08,04:48,0
899.21,859.52,4,0,0,Card,2026-01-08,04:54,1
145.54,160.86,4,0,0,Card,2026-01-08,05:17,0
346.68,398.73,4,1,0,Card,2026-01-08,05:26,0
389.9,199.16,3,0,0,UPI,2026-01-08,05:27,0
741.15,505.35,10,0,0,Bank Transfer,2026-01-08,05:49,0
236.83,221.16,5,0,0,UPI,2026-01-08,05:59,0
225.45,100.0,9,0,0,UPI,2026-01-08,06:01,0
438.82,421.0,6,0,0,UPI,2026-01-08,06:11,0
949.02,336.1,5,0,0,Online,2026-01-08,06:53,0
2819.55,3177.56,7,1,0,UPI,2026-01-08,07:09,0
112.02,107.59,3,0,0,UPI,2026-01-08,07:37,0
527.44,438.13,5,0,0,ATM,2026-01-08,07:52,0
160.2,114.48,3,0,0,UPI,2026-01-08,08:19,0
959.09,1141.15,3,0,0,UPI,2026-01-08,08:21,0
181.68,177.32,6,0,0,Bank Transfer,2026-01-08,08:26,0
227.36,235.59,7,0,0,Card,2026-01-08,08:49,0
244.48,257.09,6,0,0,UPI,2026-01-08,08:54,0
378.13,139.38,4,0,0,Card,2026-01-08,09:14,0
530.98,210.52,3,0,0,UPI,2026-01-08,09:20,0
608.59,315.62,6,1,0,UPI,2026-01-08,09:20,0
401.46,364.09,4,0,1,Online,2026-01-08,10:06,0
130.27,114.68,5,0,0,Bank Transfer,2026-01-08,10:20,0
748.91,469.11,5,0,0,UPI,2026-01-08,10:29,0
385.67,453.95,4,0,0,Online,2026-01-08,10:40,0
1082.98,464.75,3,0,0,UPI,2026-01-08,11:01,0
221.06,223.31,3,0,0,Online,2026-01-08,11:17,0
103.34,100.0,2,0,0,ATM,2026-01-08,11:30,0
391.93,276.7,5,1,0,UPI,2026-01-08,12:04,0
1213.86,451.23,5,0,1,Online,2026-01-08,12:19,0
462.57,448.06,7,0,0,Card,2026-01-08,12:24,0
340.45,342.44,6,0,0,ATM,2026-01-08,13:04,0
192.52,119.58,4,0,1,Online,2026-01-08,13:15,0
1797.41,1418.91,8,0,1,UPI,2026-01-08,13:17,0
168.15,145.53,6,0,0,UPI,2026-01-08,13:17,0
217.76,144.27,6,0,0,UPI,2026-01-08,13:24,0
654.93,571.91,4,0,0,Bank Transfer,2026-01-08,13:46,0
83.29,100.0,6,0,1,UPI,2026-01-08,14:27,0
1192.02,1306.88,7,0,0,Online,2026-01-08,14:38,0
685.78,658.86,4,0,0,Card,2026-01-08,14:45,0
866.4,384.62,5,0,0,Bank Transfer,2026-01-08,15:01,0
648.33,667.56,4,0,0,Bank Transfer,2026-01-08,15:19,0
351.79,224.05,6,0,0,Online,2026-01-08,15:19,0
163.42,187.15,5,0,1,Card,2026-01-08,15:31,0
358.14,309.03,3,0,0,Online,2026-01-08,15:36,0
176.1,100.0,7,0,1,Card,2026-01-08,15:36,0
609.86,594.13,7,0,0,Card,2026-01-08,15:50,0
800.92,369.32,3,1,0,UPI,2026-01-08,16:11,0
1415.57,1551.01,6,0,0,ATM,2026-01-08,17:03,0
553.36,639.72,1,0,0,ATM,2026-01-08,17:03,0
885.27,833.01,6,0,0,Card,2026-01-08,17:06,0
313.38,251.63,4,0,0,UPI,2026-01-08,17:28,0
268.66,231.52,2,0,0,Online,2026-01-08,17:33,0
603.42,431.16,5,0,0,ATM,2026-01-08,17:36,0
290.47,122.3,7,0,0,Card,2026-01-08,18:03,0
507.15,577.91,6,0,0,ATM,2026-01-08,18:23,0
163.69,103.09,3,0,0,Card,2026-01-08,18:28,0
190.68,117.45,7,0,0,Online,2026-01-08,18:40,0
692.35,354.92,7,0,0,UPI,2026-01-08,19:01,1
857.21,1023.12,6,0,0,Card,2026-01-08,19:13,0
174.55,200.93,3,0,0,Online,2026-01-08,19:24,0
713.39,461.57,5,0,0,Online,2026-01-08,19:44,0
256.51,146.47,4,0,0,Card,2026-01-08,20:30,0
409.13,423.27,2,0,0,Online,2026-01-08,20:58,0
1345.34,954.14,5,0,0,UPI,2026-01-08,21:12,0
801.4,939.74,8,0,0,Online,2026-01-08,22:46,0
793.53,885.61,6,0,0,Bank Transfer,2026-01-08,23:07,1
2043.61,2034.48,7,0,0,UPI,2026-01-08,23:23,0
221.78,100.0,5,0,0,Card,2026-01-09,00:21,0
174.51,165.23,7,0,0,Online,2026-01-09,00:47,0
218.37,259.68,7,0,0,Card,2026-01-09,00:53,0
324.95,216.84,9,0,0,Card,2026-01-09,01:02,0
54.52,100.0,4,0,0,Online,2026-01-09,01:14,0
338.22,235.71,5,0,0,Bank Transfer,2026-01-09,01:27,0
253.94,298.54,4,0,0,Online,2026-01-09,01:41,0
785.4,711.22,6,0,0,Card,2026-01-09,01:55,0
544.33,235.16,6,0,0,Card,2026-01-09,02:03,0
242.11,183.33,7,1,0,Online,2026-01-09,02:38,1
666.12,261.3,2,0,0,Card,2026-01-09,03:26,1
746.04,511.64,5,0,0,Card,2026-01-09,03:29,0
209.92,236.81,3,0,0,Card,2026-01-09,03:49,0
265.32,145.23,5,0,0,ATM,2026-01-09,04:02,0
60.85,100.0,3,0,0,Card,2026-01-09,04:04,0
159.64,100.0,6,1,0,Online,2026-01-09,04:39,1
214.63,196.4,3,1,1,Online,2026-01-09,04:49,0
429.68,503.08,6,1,0,UPI,2026-01-09,04:50,0
180.63,163.65,6,0,0,Bank Transfer,2026-01-09,04:59,0
260.75,290.52,5,0,0,Online,2026-01-09,05:43,0
142.38,169.77,4,0,0,UPI,2026-01-09,06:19,0
466.59,417.86,3,0,0,UPI,2026-01-09,06:36,1
579.32,587.97,5,0,0,Bank Transfer,2026-01-09,06:56,0
567.94,214.22,5,0,0,ATM,2026-01-09,07:07,0
407.69,290.77,4,0,0,ATM,2026-01-09,07:12,0
108.86,100.0,5,0,0,UPI,2026-01-09,07:15,0
238.18,250.22,8,0,0,Card,2026-01-09,07:18,0
285.37,264.24,4,0,0,ATM,2026-01-09,08:05,0
286.35,249.77,5,0,0,UPI,2026-01-09,08:13,0
429.98,490.96,5,0,0,UPI,2026-01-09,08:38,0
1355.21,576.69,4,1,0,Online,2026-01-09,08:41,0
804.55,933.89,7,0,1,UPI,2026-01-09,08:51,0
174.27,100.0,4,0,0,Card,2026-01-09,09:06,0
718.12,463.16,6,1,1,UPI,2026-01-09,09:27,0
695.24,615.8,6,0,0,ATM,2026-01-09,09:53,0
203.33,130.18,5,0,0,UPI,2026-01-09,10:04,0
830.09,772.11,3,0,0,ATM,2026-01-09,10:24,0
352.02,355.22,7,0,0,Bank Transfer,2026-01-09,10:25,0
121.7,128.3,5,0,0,Online,2026-01-09,10:26,0
594.03,298.46,7,1,0,Card,2026-01-09,10:35,0
485.13,244.88,7,0,0,ATM,2026-01-09,11:02,0
332.44,131.14,3,1,0,UPI,2026-01-09,11:11,0
390.79,299.82,4,0,0,Card,2026-01-09,11:19,0
218.94,102.22,6,0,0,Online,2026-01-09,11:27,0
677.64,420.68,6,0,0,Card,2026-01-09,11:28,0
388.8,413.83,3,0,0,Bank Transfer,2026-01-09,11:44,0
464.74,537.41,4,0,0,Online,2026-01-09,11:48,0
546.52,573.17,5,0,0,UPI,2026-01-09,11:55,0
151.2,100.0,5,0,0,Card,2026-01-09,12:36,0
188.64,157.11,6,0,1,Online,2026-01-09,12:51,1
61.65,100.0,5,0,0,UPI,2026-01-09,13:01,0
651.99,436.43,5,0,0,Card,2026-01-09,13:29,0
143.97,102.76,4,0,0,Card,2026-01-09,13:50,0
451.55,519.96,2,0,0,Bank Transfer,2026-01-09,14:37,0
552.99,491.43,9,0,0,Card,2026-01-09,14:49,0
673.17,388.76,5,0,0,Online,2026-01-09,15:13,0
144.98,129.96,5,0,1,Online,2026-01-09,15:26,0
381.69,442.41,5,1,0,Online,2026-01-09,15:32,0
1668.6,667.91,4,0,0,Card,2026-01-09,16:07,0
1732.23,1807.74,4,0,0,UPI,2026-01-09,16:07,0
933.76,498.97,3,0,1,Card,2026-01-09,16:08,0
537.47,258.06,3,0,0,UPI,2026-01-09,16:22,0
171.68,191.26,6,0,0,UPI,2026-01-09,17:10,0
743.1,261.25,5,0,0,UPI,2026-01-09,17:28,0
352.72,345.64,6,1,0,Bank Transfer,2026-01-09,17:33,0
649.66,275.55,5,0,0,UPI,2026-01-09,17:35,0
235.59,206.21,6,1,0,UPI,2026-01-09,18:03,0
348.28,305.71,5,0,0,Online,2026-01-09,18:03,0
463.83,502.5,4,0,0,UPI,2026-01-09,18:24,0
497.37,521.85,3,1,0,UPI,2026-01-09,18:55,0
613.8,572.3,6,0,1,UPI,2026-01-09,19:03,0
246.58,166.06,2,0,0,Bank Transfer,2026-01-09,19:10,0
128.79,100.0,3,0,0,UPI,2026-01-09,19:16,0
1605.3,1429.25,3,0,0,ATM,2026-01-09,19:25,0
3347.16,2585.42,5,0,0,Card,2026-01-09,19:29,0
590.11,245.63,6,0,1,Card,2026-01-09,20:00,0
130.92,152.16,7,0,0,Bank Transfer,2026-01-09,20:00,0
209.09,129.06,2,0,0,Online,2026-01-09,20:01,0
621.88,218.79,8,0,0,Card,2026-01-09,20:05,0
1261.36,1408.23,3,0,0,Card,2026-01-09,20:19,0
143.89,120.94,6,0,0,Card,2026-01-09,20:19,0
362.97,353.21,2,0,1,UPI,2026-01-09,20:28,0
476.54,228.63,3,0,0,Card,2026-01-09,20:54,1
841.25,583.76,7,0,1,UPI,2026-01-09,21:35,1
301.25,270.61,5,0,0,Card,2026-01-09,21:35,0
106.78,100.0,3,0,0,Card,2026-01-09,21:43,0
684.04,647.29,4,0,0,UPI,2026-01-09,21:57,0
1049.51,575.73,3,0,0,UPI,2026-01-09,22:11,0
376.08,198.48,2,0,0,ATM,2026-01-09,22:14,0
569.33,204.89,8,0,0,Online,2026-01-09,22:21,0
269.53,158.92,11,0,0,Card,2026-01-09,22:33,0
196.58,110.03,5,0,0,Online,2026-01-09,23:00,0
965.32,965.04,5,0,0,UPI,2026-01-09,23:06,0
560.8,467.85,6,0,0,ATM,2026-01-09,23:10,0
612.05,306.73,2,0,0,UPI,2026-01-09,23:39,0
1446.35,1204.68,2,0,1,Bank Transfer,2026-01-09,23:43,0
164.58,100.0,5,0,0,UPI,2026-01-09,23:46,0
252.34,179.58,7,0,0,UPI,2026-01-09,23:50,0
461.39,509.83,5,0,0,Card,2026-01-09,23:53,0
249.72,240.07,5,0,0,Online,2026-01-09,23:55,0
784.99,709.18,8,0,0,Online,2026-01-09,23:57,0
344.02,202.72,5,0,0,Online,2026-01-10,00:31,0
173.53,100.0,5,0,0,Card,2026-01-10,01:40,0
426.63,422.36,5,0,0,UPI,2026-01-10,01:42,0
466.28,388.28,7,0,0,Online,2026-01-10,01:44,1
892.9,785.17,5,0,0,ATM,2026-01-10,01:58,0
563.5,664.28,2,0,0,UPI,2026-01-10,02:43,0
597.03,385.73,3,0,0,Online,2026-01-10,02:48,0
529.67,545.89,2,0,0,Bank Transfer,2026-01-10,03:21,0
343.78,283.66,4,0,0,ATM,2026-01-10,03:53,0
219.47,120.7,4,0,1,UPI,2026-01-10,03:56,1
515.69,203.68,5,0,0,UPI,2026-01-10,03:57,0
303.94,265.53,6,1,0,UPI,2026-01-10,04:31,1
1696.55,1022.97,3,0,0,Online,2026-01-10,04:40,0
1262.51,1188.22,3,0,0,UPI,2026-01-10,04:59,0
690.84,653.27,3,0,0,UPI,2026-01-10,05:14,0
556.52,410.23,2,1,0,ATM,2026-01-10,05:17,1
374.37,301.72,7,0,0,ATM,2026-01-10,05:43,0
138.11,121.89,2,0,0,Card,2026-01-10,06:12,0
335.71,251.22,3,0,0,UPI,2026-01-10,06:12,0
439.74,481.85,8,0,0,Online,2026-01-10,06:17,0
490.31,203.26,7,0,0,ATM,2026-01-10,06:19,0
601.31,711.25,4,0,0,Bank Transfer,2026-01-10,06:37,0
882.83,334.09,5,0,0,UPI,2026-01-10,07:01,0
224.01,118.02,5,0,1,UPI,2026-01-10,08:22,0
225.74,214.92,3,1,0,Bank Transfer,2026-01-10,08:46,1
1384.69,584.64,4,0,0,Online,2026-01-10,08:56,0
776.92,445.05,6,0,0,UPI,2026-01-10,08:59,0
289.41,139.17,8,0,0,Online,2026-01-10,09:02,0
368.29,355.41,6,1,0,UPI,2026-01-10,09:24,0
369.7,311.32,5,0,0,Online,2026-01-10,09:57,0
414.4,167.75,6,1,0,Online,2026-01-10,10:00,0
602.92,446.83,5,0,0,Online,2026-01-10,10:13,0
3479.85,1834.67,7,0,0,Bank Transfer,2026-01-10,11:25,0
474.04,555.83,6,0,0,Bank Transfer,2026-01-10,11:43,0
708.54,312.98,7,0,0,Online,2026-01-10,12:08,0
96.21,100.0,2,0,1,Online,2026-01-10,12:52,0
267.16,202.92,6,0,0,Bank Transfer,2026-01-10,12:55,0
1146.53,964.66,4,0,0,Card,2026-01-10,13:28,0
567.91,660.49,4,0,0,UPI,2026-01-10,13:38,0
9.67,100.0,7,0,0,UPI,2026-01-10,13:43,0
715.46,705.76,4,1,0,Card,2026-01-10,13:53,0
2059.96,1504.48,5,0,0,UPI,2026-01-10,14:00,0
73.96,100.0,5,0,0,Card,2026-01-10,14:00,0
1467.74,969.9,5,0,0,Online,2026-01-10,15:57,0
38.24,100.0,4,0,0,Online,2026-01-10,16:00,0
895.43,377.04,5,0,0,UPI,2026-01-10,16:20,0
400.47,174.8,6,0,0,Card,2026-01-10,16:37,0
54.74,100.0,1,0,0,Online,2026-01-10,16:41,0
589.47,601.37,5,0,0,Bank Transfer,2026-01-10,16:54,0
1073.0,598.97,7,0,0,Card,2026-01-10,17:02,0
549.66,439.61,6,0,0,Online,2026-01-10,17:10,0
663.22,634.76,6,0,0,UPI,2026-01-10,17:57,0
284.31,184.71,6,0,0,UPI,2026-01-10,18:05,0
82.92,100.0,8,0,0,Bank Transfer,2026-01-10,18:23,0
726.39,697.79,2,0,0,Online,2026-01-10,19:46,0
1785.21,969.97,5,0,0,Bank Transfer,2026-01-10,19:51,0
1053.79,840.28,3,0,0,Online,2026-01-10,19:52,0
74.46,100.0,8,0,0,Card,2026-01-10,19:59,0
111.31,100.0,6,0,0,ATM,2026-01-10,20:13,0
196.55,184.12,3,0,0,Bank Transfer,2026-01-10,20:43,0
104.16,100.0,6,0,0,ATM,2026-01-10,21:05,0
418.87,501.12,3,0,0,ATM,2026-01-10,21:15,0
563.63,283.99,5,0,0,UPI,2026-01-10,21:25,0
119.62,117.06,4,0,1,Card,2026-01-10,21:48,0
780.99,902.64,9,0,0,Online,2026-01-10,21:58,0
672.46,603.79,7,0,0,Card,2026-01-10,22:03,0
253.17,295.87,5,0,0,Online,2026-01-10,23:13,0
348.4,416.44,5,0,0,Online,2026-01-10,23:32,0
76.91,100.0,5,0,0,Card,2026-01-10,23:41,0
304.17,364.82,9,1,1,Card,2026-01-11,00:11,1
405.97,358.04,3,0,0,UPI,2026-01-11,00:31,0
465.65,359.71,4,0,0,Online,2026-01-11,00:58,0
556.71,629.08,4,0,0,UPI,2026-01-11,01:05,0
496.51,524.47,3,0,0,UPI,2026-01-11,01:21,0
322.24,142.95,4,0,1,UPI,2026-01-11,01:31,0
514.54,312.49,6,0,0,Bank Transfer,2026-01-11,01:37,0
945.51,540.41,4,0,0,ATM,2026-01-11,01:39,0
371.97,400.61,5,1,0,Bank Transfer,2026-01-11,01:44,0
528.45,289.73,8,0,0,Card,2026-01-11,01:54,0
344.38,209.54,5,1,0,Card,2026-01-11,02:12,0
232.82,184.15,4,0,0,Card,2026-01-11,02:43,0
629.2,260.93,7,0,1,UPI,2026-01-11,02:49,1
251.65,293.69,3,0,0,Card,2026-01-11,03:33,0
560.16,429.87,4,0,0,UPI,2026-01-11,04:22,0
413.24,211.52,5,1,1,Bank Transfer,2026-01-11,04:37,1
311.58,180.78,2,0,0,UPI,2026-01-11,04:55,0
305.23,313.89,2,0,0,Bank Transfer,2026-01-11,06:22,0
261.94,232.84,3,0,0,Card,2026-01-11,06:23,0
99.59,100.0,4,0,1,Online,2026-01-11,06:53,0
558.62,352.97,4,0,0,Card,2026-01-11,07:01,0
491.18,547.95,7,0,0,Card,2026-01-11,07:15,0
830.66,836.21,7,0,0,ATM,2026-01-11,07:51,0
256.79,246.62,7,0,0,Online,2026-01-11,07:58,0
2020.45,1473.11,2,0,1,Online,2026-01-11,08:16,0
292.14,345.89,4,0,0,Online,2026-01-11,08:37,0
191.74,182.84,5,0,0,Card,2026-01-11,08:47,0
173.36,123.1,4,0,0,Card,2026-01-11,08:48,0
92.4,107.79,6,1,0,UPI,2026-01-11,09:39,0
1484.35,1649.66,8,0,0,Online,2026-01-11,10:10,0
1293.89,1266.68,4,0,0,Card,2026-01-11,10:35,0
672.25,673.56,6,0,0,Online,2026-01-11,11:15,0
188.35,133.75,8,0,0,Bank Transfer,2026-01-11,11:54,0
1881.04,1469.55,6,0,1,ATM,2026-01-11,12:02,0
299.18,153.42,11,1,0,Online,2026-01-11,12:11,0
320.96,274.77,7,0,0,Online,2026-01-11,12:18,0
1368.77,909.45,3,0,0,Bank Transfer,2026-01-11,12:20,0
706.32,455.81,8,0,0,Online,2026-01-11,13:09,0
2620.02,3028.73,7,0,0,Bank Transfer,2026-01-11,13:15,0
498.41,244.25,6,0,0,Online,2026-01-11,13:16,0
287.87,303.84,8,0,0,Online,2026-01-11,13:23,0
239.84,141.32,4,0,0,UPI,2026-01-11,13:33,0
83.94,100.0,5,0,0,ATM,2026-01-11,13:43,0
318.36,122.38,5,1,1,Online,2026-01-11,13:51,0
1067.32,762.92,6,0,0,Card,2026-01-11,13:52,0
671.16,494.17,7,0,1,Bank Transfer,2026-01-11,13:57,0
410.45,255.39,6,1,0,Online,2026-01-11,15:24,0
173.18,159.06,5,0,0,Online,2026-01-11,15:40,0
489.23,373.06,8,1,0,Bank Transfer,2026-01-11,16:21,0
954.22,394.09,4,0,0,ATM,2026-01-11,16:31,0
581.79,375.76,6,0,0,Card,2026-01-11,16:31,0
464.85,202.99,3,0,0,UPI,2026-01-11,16:37,0
204.91,100.0,6,0,0,UPI,2026-01-11,16:45,0
843.12,444.37,6,0,0,Bank Transfer,2026-01-11,17:25,0
28.16,100.0,4,0,1,Bank Transfer,2026-01-11,17:27,1
558.59,525.97,3,0,1,Online,2026-01-11,17:29,0
3585.93,3880.63,6,0,0,Online,2026-01-11,17:42,0
111.93,111.14,8,1,0,UPI,2026-01-11,17:45,1
328.6,264.58,4,0,0,UPI,2026-01-11,17:46,0
400.73,246.73,3,0,0,UPI,2026-01-11,17:56,0
272.27,100.0,8,0,0,UPI,2026-01-11,17:58,0
973.52,876.23,5,0,0,UPI,2026-01-11,18:43,1
602.8,359.42,5,0,0,Online,2026-01-11,18:49,0
459.19,258.33,7,0,0,Online,2026-01-11,18:52,0
794.48,936.37,7,1,0,UPI,2026-01-11,18:59,0
409.21,203.83,8,0,0,UPI,2026-01-11,19:02,1
6020.25,2273.06,7,0,0,Card,2026-01-11,19:29,0
458.81,530.84,6,0,0,Card,2026-01-11,20:02,0
476.27,290.58,7,0,1,Bank Transfer,2026-01-11,20:32,0
94.26,100.0,4,0,0,UPI,2026-01-11,20:48,0
254.19,106.45,5,0,1,Card,2026-01-11,21:23,0
1069.85,741.89,4,0,1,ATM,2026-01-11,21:25,1
129.65,152.52,5,0,0,ATM,2026-01-11,21:33,0
64.46,100.0,4,1,0,Online,2026-01-11,21:36,0
414.66,312.14,1,0,0,ATM,2026-01-11,21:41,0
1293.53,790.8,4,0,0,Card,2026-01-11,21:44,0
418.23,276.51,5,0,0,Online,2026-01-11,21:57,0
303.17,263.62,6,1,0,Card,2026-01-11,23:33,0
83.12,100.0,4,0,0,Bank Transfer,2026-01-11,23:35,0
592.54,283.92,8,0,0,ATM,2026-01-11,23:42,0
707.74,666.55,9,0,0,Card,2026-01-12,00:20,0
88.72,100.0,3,0,0,UPI,2026-01-12,00:33,0
1058.23,1181.31,3,0,0,Online,2026-01-12,00:39,0
773.43,823.87,13,0,0,Online,2026-01-12,00:55,0
1056.24,846.06,5,0,0,Online,2026-01-12,01:06,1
662.48,676.07,4,1,0,Bank Transfer,2026-01-12,01:26,0
703.19,799.81,5,0,0,UPI,2026-01-12,02:02,0
628.05,232.29,2,0,0,UPI,2026-01-12,02:30,0
844.04,591.07,1,0,0,Bank Transfer,2026-01-12,03:25,0
85.97,100.0,2,0,0,UPI,2026-01-12,03:29,0
112.63,134.85,4,0,0,Online,2026-01-12,03:41,0
215.81,246.05,8,1,0,Online,2026-01-12,03:44,1
361.28,372.79,9,0,0,Online,2026-01-12,04:12,1
561.11,337.51,6,0,0,Online,2026-01-12,04:20,0
531.65,616.33,4,0,0,ATM,2026-01-12,04:21,0
1042.67,390.86,5,0,0,ATM,2026-01-12,04:30,0
1070.86,545.96,3,0,0,Online,2026-01-12,04:35,0
192.19,168.04,4,0,0,UPI,2026-01-12,04:41,0
494.13,506.01,9,0,0,UPI,2026-01-12,05:14,0
196.24,216.08,7,0,0,ATM,2026-01-12,05:22,0
343.78,208.13,4,1,1,Online,2026-01-12,05:28,0
530.34,361.79,3,1,1,UPI,2026-01-12,05:49,0
22.26,100.0,5,0,0,Card,2026-01-12,05:49,0
3132.41,1168.16,5,0,0,ATM,2026-01-12,05:50,0
652.92,708.0,5,0,1,Online,2026-01-12,05:52,0
243.14,154.94,3,0,0,Card,2026-01-12,06:12,0
2076.14,1078.32,5,0,0,ATM,2026-01-12,06:13,0
300.27,209.53,6,0,0,Card,2026-01-12,06:52,0
451.53,430.75,7,0,0,ATM,2026-01-12,07:22,0
266.65,290.73,5,0,0,UPI,2026-01-12,07:27,0
1642.86,875.76,4,0,0,Bank Transfer,2026-01-12,08:41,0
368.99,183.28,5,0,0,Bank Transfer,2026-01-12,09:09,0
458.09,527.82,7,0,0,Card,2026-01-12,09:09,0
1122.39,918.41,6,0,0,Card,2026-01-12,09:35,0
663.39,438.44,1,0,0,UPI,2026-01-12,09:50,0
385.22,200.09,5,0,0,UPI,2026-01-12,10:21,0
1036.74,1239.9,6,0,0,Card,2026-01-12,10:42,0
3490.19,3355.14,4,0,0,Online,2026-01-12,11:05,0
528.37,282.79,7,0,0,UPI,2026-01-12,11:20,0
445.52,190.49,2,0,1,UPI,2026-01-12,11:30,0
466.4,242.24,3,0,0,Online,2026-01-12,12:07,0
1228.89,688.89,7,0,0,Online,2026-01-12,12:08,0
242.42,107.74,1,0,0,Online,2026-01-12,12:13,0
318.44,173.61,7,0,0,Card,2026-01-12,13:09,0
109.2,100.0,9,0,1,Bank Transfer,2026-01-12,13:13,0
147.48,100.0,4,0,1,Online,2026-01-12,13:28,0
259.79,198.29,1,0,0,Card,2026-01-12,13:37,0
384.7,283.52,3,0,0,Card,2026-01-12,13:39,0
1814.78,1914.28,5,0,0,Bank Transfer,2026-01-12,13:45,0
636.25,360.05,8,0,0,ATM,2026-01-12,14:01,0
185.81,205.14,6,0,0,UPI,2026-01-12,14:17,0
217.29,243.77,2,0,0,Card,2026-01-12,14:28,0
1297.94,1513.18,4,0,0,Card,2026-01-12,14:31,0
1051.13,529.6,4,0,0,UPI,2026-01-12,14:56,0
413.2,230.93,6,0,0,Card,2026-01-12,15:09,0
276.95,243.79,5,0,0,Card,2026-01-12,15:46,0
1049.63,493.07,4,0,0,UPI,2026-01-12,15:55,0
173.41,100.0,3,1,0,Card,2026-01-12,16:00,0
562.97,232.31,6,0,0,Online,2026-01-12,16:13,0
2784.32,2409.07,3,0,0,UPI,2026-01-12,16:22,0
480.37,496.69,6,0,0,Online,2026-01-12,16:32,0
208.67,118.95,1,0,0,Online,2026-01-12,16:42,0
571.81,653.87,1,0,0,UPI,2026-01-12,17:03,0
270.56,276.82,4,1,1,Online,2026-01-12,17:19,1
123.35,100.0,6,0,0,UPI,2026-01-12,17:33,0
732.07,509.68,4,1,0,Bank Transfer,2026-01-12,17:43,0
1043.32,425.48,3,0,0,Bank Transfer,2026-01-12,18:40,0
309.74,349.36,5,0,0,Online,2026-01-12,18:44,0
292.76,287.31,4,0,0,Bank Transfer,2026-01-12,18:45,0
178.16,166.32,3,0,0,ATM,2026-01-12,18:52,0
355.16,330.4,2,0,0,UPI,2026-01-12,19:08,0
250.13,148.18,4,0,0,Online,2026-01-12,19:09,1
170.82,195.34,3,0,0,Card,2026-01-12,19:10,0
2014.94,2285.66,7,0,0,Online,2026-01-12,19:16,0
599.75,586.9,7,0,0,Bank Transfer,2026-01-12,19:17,0
656.25,491.26,4,0,1,ATM,2026-01-12,19:37,0
854.82,333.42,4,0,1,ATM,2026-01-12,19:59,0
776.95,290.63,6,0,0,Card,2026-01-12,20:33,0
283.97,132.73,3,0,0,Card,2026-01-12,21:05,0
508.6,435.57,5,0,0,Card,2026-01-12,21:45,0
320.96,330.07,6,0,0,Online,2026-01-12,22:01,0
585.63,677.11,6,0,0,ATM,2026-01-12,22:36,0
539.39,269.19,2,0,0,UPI,2026-01-12,23:03,0
291.41,170.24,6,0,0,Online,2026-01-12,23:38,1
130.33,100.0,4,0,0,Card,2026-01-12,23:47,0
456.83,543.94,8,1,0,Online,2026-01-12,23:48,0
339.13,343.8,5,0,0,ATM,2026-01-13,00:05,0
80.9,100.0,6,0,0,ATM,2026-01-13,00:06,0
621.11,521.26,4,0,0,UPI,2026-01-13,00:10,0
916.48,758.71,1,0,0,Online,2026-01-13,00:17,0
3460.27,1959.23,2,0,0,Card,2026-01-13,00:47,0
289.31,146.85,4,0,0,UPI,2026-01-13,01:00,0
255.21,153.75,5,0,0,Online,2026-01-13,01:17,0
157.12,100.0,4,0,0,Card,2026-01-13,01:35,0
481.71,396.88,3,0,1,Online,2026-01-13,01:55,1
479.13,293.21,5,0,0,Online,2026-01-13,02:37,0
202.43,196.28,5,0,0,UPI,2026-01-13,02:45,0
347.69,289.54,8,0,0,Card,2026-01-13,02:54,0
75.05,100.0,8,0,0,UPI,2026-01-13,02:58,0
886.62,1027.24,1,0,0,Card,2026-01-13,03:28,0
209.54,130.76,3,1,0,Bank Transfer,2026-01-13,03:58,0
391.72,348.62,10,0,0,Card,2026-01-13,04:03,0
119.98,100.0,6,0,1,Online,2026-01-13,04:09,1
245.92,240.11,6,0,0,UPI,2026-01-13,05:24,0
318.09,247.21,10,0,0,ATM,2026-01-13,05:34,0
399.58,210.63,2,0,0,UPI,2026-01-13,05:37,0
606.54,213.07,4,0,0,Online,2026-01-13,05:54,0
1370.89,1303.58,4,0,0,Online,2026-01-13,06:00,0
752.05,686.84,2,0,0,Card,2026-01-13,06:05,0
914.01,836.86,4,0,0,UPI,2026-01-13,06:07,0
1379.1,995.49,3,0,0,ATM,2026-01-13,06:13,0
654.75,584.95,5,1,0,ATM,2026-01-13,06:17,0
391.04,326.76,4,0,0,Online,2026-01-13,06:26,0
951.22,526.08,4,0,1,Card,2026-01-13,06:34,1
1004.31,794.36,4,0,0,ATM,2026-01-13,07:35,0
700.14,551.29,7,0,0,Card,2026-01-13,08:14,0
117.16,123.03,6,0,0,Card,2026-01-13,08:30,0
197.31,141.76,6,0,0,Bank Transfer,2026-01-13,08:36,0
319.38,230.17,7,0,0,Bank Transfer,2026-01-13,08:48,0
782.64,928.8,5,0,0,Card,2026-01-13,08:51,0
396.17,439.87,6,0,0,UPI,2026-01-13,08:56,0
1060.33,589.48,8,0,0,UPI,2026-01-13,09:12,0
1233.92,1386.62,4,0,0,UPI,2026-01-13,09:13,0
1118.0,522.41,5,0,0,Card,2026-01-13,09:49,0
1124.07,1208.8,1,0,0,UPI,2026-01-13,10:08,0
167.09,100.0,6,0,0,Bank Transfer,2026-01-13,10:13,0
608.04,432.78,5,0,0,Bank Transfer,2026-01-13,10:30,0
240.71,285.56,5,0,0,Card,2026-01-13,11:01,0
99.31,100.0,7,0,0,Online,2026-01-13,11:11,0
315.97,336.14,5,1,0,Card,2026-01-13,11:20,0
1243.92,958.47,4,0,0,UPI,2026-01-13,11:44,0
596.83,265.2,5,0,0,Online,2026-01-13,11:58,0
2242.03,2599.9,5,1,0,UPI,2026-01-13,12:11,0
469.02,383.12,2,0,0,UPI,2026-01-13,12:25,0
3231.28,3549.7,3,0,0,Card,2026-01-13,12:26,0
469.14,510.77,1,0,0,Online,2026-01-13,13:07,0
411.21,149.04,6,0,0,ATM,2026-01-13,13:18,0
135.98,100.0,6,0,0,Card,2026-01-13,13:48,0
1036.89,659.86,4,0,0,ATM,2026-01-13,14:05,0
263.27,211.84,4,0,0,Online,2026-01-13,14:08,0
232.76,100.0,5,0,0,Card,2026-01-13,14:16,0
1198.76,815.9,6,0,0,Bank Transfer,2026-01-13,14:17,0
1079.75,1125.58,3,1,0,ATM,2026-01-13,14:27,0
1056.0,525.06,4,0,0,UPI,2026-01-13,14:28,0
296.53,280.54,4,0,0,UPI,2026-01-13,14:33,0
386.32,286.37,11,0,0,Card,2026-01-13,15:48,0
383.42,157.24,7,0,0,Bank Transfer,2026-01-13,16:14,0
784.57,392.89,4,0,0,Online,2026-01-13,16:20,0
1511.0,709.98,4,0,0,ATM,2026-01-13,16:31,0
551.66,483.67,4,0,0,Card,2026-01-13,17:03,0
2161.72,917.06,9,0,0,Online,2026-01-13,17:08,1
864.9,907.79,4,0,0,UPI,2026-01-13,17:21,0
330.44,342.22,4,0,0,Card,2026-01-13,17:38,0
815.99,341.13,11,0,0,Online,2026-01-13,17:41,0
1719.95,1900.49,3,0,0,UPI,2026-01-13,17:55,0
2205.14,2569.62,4,0,0,Online,2026-01-13,18:27,0
1106.39,428.12,2,0,0,ATM,2026-01-13,18:34,0
412.33,477.39,7,0,0,Card,2026-01-13,18:48,0
335.56,197.16,4,0,0,Card,2026-01-13,18:49,0
658.3,602.37,3,0,0,Online,2026-01-13,19:06,0
1673.84,834.57,5,0,0,Online,2026-01-13,19:59,0
583.3,609.45,3,0,0,Card,2026-01-13,20:17,0
593.69,632.65,4,0,0,ATM,2026-01-13,20:54,0
421.44,497.97,6,0,0,Online,2026-01-13,20:57,0
305.3,364.42,5,0,0,Card,2026-01-13,21:14,0
351.49,145.69,7,0,0,Card,2026-01-13,21:25,0
452.65,411.58,8,0,0,UPI,2026-01-13,22:06,0
1737.82,1011.56,6,1,1,UPI,2026-01-13,22:14,0
329.06,150.3,3,0,0,UPI,2026-01-13,22:14,0
421.88,201.02,4,0,0,Card,2026-01-13,22:17,0
193.34,221.56,6,0,0,Online,2026-01-13,22:23,0
741.84,690.73,5,0,0,Card,2026-01-13,22:46,0
1289.07,506.47,3,0,0,ATM,2026-01-13,22:52,0
1604.91,1904.38,5,0,0,Bank Transfer,2026-01-13,22:52,0
479.56,497.13,6,0,1,ATM,2026-01-13,23:20,1
657.34,402.82,8,0,0,Online,2026-01-14,00:02,0
354.07,265.63,6,1,0,Online,2026-01-14,00:06,0
631.95,611.47,3,0,0,Online,2026-01-14,00:08,0
526.83,487.12,5,0,0,UPI,2026-01-14,00:12,0
423.91,315.23,8,0,0,Online,2026-01-14,00:52,0
453.54,356.27,6,0,1,ATM,2026-01-14,01:00,0
592.37,229.09,11,0,0,UPI,2026-01-14,01:33,1
314.18,243.66,3,0,0,Online,2026-01-14,01:39,0
328.28,209.84,9,0,0,Online,2026-01-14,01:44,0
1722.03,1019.95,8,0,1,Online,2026-01-14,01:59,1
4039.86,2339.8,1,0,0,Bank Transfer,2026-01-14,02:06,0
144.94,130.67,3,0,0,Online,2026-01-14,02:07,0
138.3,100.0,6,0,0,UPI,2026-01-14,02:11,0
178.83,127.31,7,0,0,Bank Transfer,2026-01-14,02:17,0
369.52,179.33,5,0,0,ATM,2026-01-14,02:23,0
863.86,1008.63,5,0,0,Bank Transfer,2026-01-14,02:41,1
666.85,360.32,6,1,0,Card,2026-01-14,03:22,0
466.95,324.62,5,0,0,Online,2026-01-14,03:23,0
632.45,323.61,2,0,1,Online,2026-01-14,03:29,0
224.02,212.3,5,0,0,UPI,2026-01-14,04:09,0
327.83,236.27,8,0,0,Card,2026-01-14,04:12,1
396.6,278.25,2,0,0,Online,2026-01-14,04:25,0
104.94,114.79,5,0,0,Bank Transfer,2026-01-14,04:29,0
150.34,149.67,5,0,0,Bank Transfer,2026-01-14,05:05,0
155.5,123.14,6,0,0,UPI,2026-01-14,05:26,0
772.39,577.98,8,0,0,Online,2026-01-14,05:46,0
496.98,579.44,3,0,0,Online,2026-01-14,05:53,0
678.17,788.71,4,0,0,Online,2026-01-14,05:59,0
84.46,100.0,3,0,0,Online,2026-01-14,06:03,0
114.32,113.87,9,0,0,Online,2026-01-14,06:12,0
708.91,789.89,6,0,0,ATM,2026-01-14,06:15,0
38.02,100.0,7,0,0,Online,2026-01-14,06:19,0
1142.46,479.76,2,0,0,Card,2026-01-14,07:17,0
85.64,102.58,5,0,0,Card,2026-01-14,07:49,0
826.21,782.89,7,0,0,ATM,2026-01-14,08:30,0
189.56,161.85,5,0,0,Online,2026-01-14,08:45,0
983.94,689.93,5,0,0,UPI,2026-01-14,08:55,0
6166.81,3921.67,3,0,0,Bank Transfer,2026-01-14,09:03,0
58.43,100.0,5,0,0,UPI,2026-01-14,09:29,0
728.56,660.27,4,0,0,Online,2026-01-14,09:41,0
86.75,100.0,4,0,0,ATM,2026-01-14,09:43,0
579.84,503.55,4,0,1,UPI,2026-01-14,09:55,0
338.41,159.05,4,0,0,Online,2026-01-14,09:57,0
450.48,347.93,4,0,0,UPI,2026-01-14,10:57,0
185.87,157.24,4,0,0,Card,2026-01-14,11:04,0
783.26,697.36,6,0,0,Card,2026-01-14,11:07,0
117.79,100.0,4,0,0,Bank Transfer,2026-01-14,11:20,0
1159.09,499.87,4,1,0,UPI,2026-01-14,11:42,0
284.9,162.36,4,0,0,UPI,2026-01-14,11:43,0
122.45,106.04,3,0,0,Card,2026-01-14,11:56,0
1565.09,1787.22,4,0,0,Card,2026-01-14,12:19,0
380.98,385.65,6,0,0,Bank Transfer,2026-01-14,12:44,0
2041.6,2008.64,2,0,0,UPI,2026-01-14,12:48,1
1139.28,718.54,5,0,0,Online,2026-01-14,13:00,0
204.71,100.0,3,0,0,Bank Transfer,2026-01-14,14:17,0
375.31,415.9,5,1,0,Online,2026-01-14,15:29,0
447.14,346.86,4,0,0,Online,2026-01-14,15:36,0
1476.39,642.87,5,1,0,UPI,2026-01-14,15:47,0
585.16,470.89,2,1,0,UPI,2026-01-14,15:53,0
468.65,433.08,6,0,0,ATM,2026-01-14,15:57,0
340.39,211.7,8,0,0,Card,2026-01-14,16:06,0
386.46,138.3,9,0,0,Online,2026-01-14,16:09,0
1222.81,1074.07,10,0,0,Bank Transfer,2026-01-14,16:23,0
404.7,155.44,12,0,1,Card,2026-01-14,16:39,0
288.37,207.02,4,0,0,Bank Transfer,2026-01-14,16:57,0
249.68,262.43,7,1,0,Bank Transfer,2026-01-14,17:43,0
251.97,302.11,6,0,0,ATM,2026-01-14,18:10,0
122.51,100.0,4,0,0,Online,2026-01-14,18:13,0
213.19,100.0,2,0,0,Online,2026-01-14,18:24,0
1441.81,1108.71,7,0,0,Bank Transfer,2026-01-14,18:52,0
338.45,197.94,6,0,1,Online,2026-01-14,18:53,0
734.18,814.1,5,0,0,UPI,2026-01-14,19:06,0
49.06,100.0,5,0,0,Card,2026-01-14,19:06,1
653.97,453.64,7,0,0,UPI,2026-01-14,19:35,0
351.73,350.92,5,0,0,UPI,2026-01-14,19:42,0
267.94,171.49,5,0,0,Bank Transfer,2026-01-14,19:45,0
470.51,373.35,6,0,0,UPI,2026-01-14,19:50,0
264.69,300.25,4,1,0,Online,2026-01-14,19:54,0
66.33,100.0,8,0,0,Online,2026-01-14,20:02,0
883.52,544.33,3,0,1,Online,2026-01-14,20:05,0
495.99,546.96,5,0,0,UPI,2026-01-14,21:37,0
308.94,229.42,8,0,0,ATM,2026-01-14,22:20,0
177.46,110.06,9,0,0,UPI,2026-01-14,22:40,0
115.66,100.0,7,0,0,UPI,2026-01-14,23:34,0
488.0,344.58,4,0,0,Card,2026-01-14,23:50,0
1589.9,1232.98,4,0,1,UPI,2026-01-14,23:56,0
479.47,333.42,9,0,0,Card,2026-01-15,00:10,0
124.54,100.0,6,0,0,UPI,2026-01-15,00:30,0
488.5,324.25,6,1,0,Online,2026-01-15,00:32,0
385.55,345.48,3,0,0,Online,2026-01-15,00:32,0
840.87,931.34,7,0,0,Online,2026-01-15,01:03,0
675.68,609.62,3,0,0,UPI,2026-01-15,01:22,0
31.88,100.0,3,0,0,Bank Transfer,2026-01-15,01:32,0
641.27,669.71,3,0,0,Online,2026-01-15,01:37,0
171.92,100.0,6,1,0,Online,2026-01-15,01:37,0
120.49,100.0,4,0,0,UPI,2026-01-15,01:55,0
343.71,135.08,8,0,0,Card,2026-01-15,02:04,1
572.11,370.26,9,0,0,UPI,2026-01-15,02:31,0
100.02,119.92,3,0,1,Bank Transfer,2026-01-15,02:36,0
734.28,462.53,4,0,0,Online,2026-01-15,02:50,0
771.89,834.26,8,0,0,Bank Transfer,2026-01-15,02:54,0
419.86,177.56,2,0,1,UPI,2026-01-15,03:43,0
192.97,142.94,7,1,0,Card,2026-01-15,04:44,1
175.48,113.84,3,0,0,UPI,2026-01-15,04:58,0
964.92,503.06,3,0,0,Online,2026-01-15,05:08,0
111.66,100.0,4,0,0,Bank Transfer,2026-01-15,05:11,0
997.05,900.92,4,0,0,Bank Transfer,2026-01-15,05:22,0
350.58,268.81,6,0,1,Card,2026-01-15,05:36,0
371.87,397.04,7,0,0,Card,2026-01-15,06:13,0
94.46,105.71,5,0,0,UPI,2026-01-15,06:40,0
356.13,270.52,5,0,0,Online,2026-01-15,06:47,0
679.63,805.0,6,0,0,Bank Transfer,2026-01-15,07:01,0
129.55,100.0,5,0,0,Card,2026-01-15,07:21,0
616.37,360.51,6,0,0,UPI,2026-01-15,07:31,0
435.14,306.43,8,1,1,UPI,2026-01-15,08:31,0
233.41,197.3,5,1,0,Online,2026-01-15,09:48,0
834.2,679.07,4,0,0,Online,2026-01-15,10:15,0
62.06,100.0,2,0,0,Card,2026-01-15,10:47,0
541.68,602.25,7,0,1,Online,2026-01-15,11:20,0
1598.02,936.33,2,0,0,Online,2026-01-15,11:24,0
1371.9,1432.71,4,0,1,Online,2026-01-15,12:23,0
561.91,463.18,6,0,0,Card,2026-01-15,12:51,0
312.18,239.41,3,1,0,Card,2026-01-15,13:13,0
235.0,142.06,5,0,0,Bank Transfer,2026-01-15,13:16,0
311.85,189.75,4,1,0,Online,2026-01-15,13:31,0
640.49,435.67,2,0,0,UPI,2026-01-15,13:59,0
203.13,202.92,5,0,0,Card,2026-01-15,14:13,0
768.02,580.02,4,0,0,Card,2026-01-15,14:14,0
2473.0,1188.92,1,1,1,Online,2026-01-15,14:22,0
382.76,381.18,2,0,0,Bank Transfer,2026-01-15,14:25,0
128.67,117.59,3,0,0,UPI,2026-01-15,14:27,0
128.63,148.81,4,1,0,Bank Transfer,2026-01-15,14:29,0
780.61,624.49,3,0,0,Bank Transfer,2026-01-15,14:47,0
383.45,347.51,6,0,0,Online,2026-01-15,15:04,0
850.06,643.86,1,0,1,UPI,2026-01-15,15:13,0
256.32,238.03,5,0,0,Online,2026-01-15,15:21,0
817.32,589.04,9,0,0,Card,2026-01-15,15:24,0
352.64,164.75,3,0,0,ATM,2026-01-15,15:27,0
216.45,257.29,8,0,0,UPI,2026-01-15,15:32,0
286.91,276.09,5,0,0,UPI,2026-01-15,15:35,0
145.84,126.49,4,0,0,Online,2026-01-15,15:47,0
2188.46,1661.5,2,0,0,Online,2026-01-15,16:12,0
371.7,354.86,2,0,0,UPI,2026-01-15,16:20,0
697.73,319.39,11,0,0,UPI,2026-01-15,16:42,0
255.61,160.32,5,0,0,ATM,2026-01-15,16:52,0
164.99,100.0,2,0,0,Card,2026-01-15,17:00,0
330.7,151.17,7,0,0,ATM,2026-01-15,17:39,0
1028.66,378.7,5,0,0,Online,2026-01-15,17:49,0
259.14,257.2,3,0,0,Online,2026-01-15,18:15,0
192.49,104.56,5,0,0,Card,2026-01-15,18:36,0
460.42,486.76,5,0,0,Bank Transfer,2026-01-15,18:55,0
616.57,689.8,7,0,0,UPI,2026-01-15,19:04,0
1630.14,804.12,4,0,0,Bank Transfer,2026-01-15,19:15,0
544.95,519.08,6,0,0,Online,2026-01-15,19:49,0
697.42,516.97,7,1,0,Online,2026-01-15,20:15,1
743.51,841.0,3,0,0,Bank Transfer,2026-01-15,20:21,0
151.4,115.33,7,0,0,UPI,2026-01-15,20:29,0
177.89,119.55,7,0,0,UPI,2026-01-15,20:53,0
160.56,100.0,3,0,0,Online,2026-01-15,22:29,0
130.02,145.37,4,0,0,UPI,2026-01-15,23:03,0
793.25,430.14,4,0,0,UPI,2026-01-15,23:28,0
516.22,543.87,4,0,0,Bank Transfer,2026-01-15,23:35,0
431.63,222.32,7,0,0,UPI,2026-01-15,23:40,0
44.53,100.0,4,0,0,ATM,2026-01-15,23:52,0
2314.98,1697.82,10,0,0,Card,2026-01-15,23:52,1
188.65,100.0,7,0,0,Online,2026-01-16,00:08,0
2307.78,1054.75,4,0,0,Online,2026-01-16,00:16,0
117.7,100.0,4,0,0,Card,2026-01-16,00:24,0
202.24,202.58,5,0,0,Online,2026-01-16,00:36,0
62.03,100.0,8,0,0,Online,2026-01-16,01:11,0
548.84,287.79,3,0,1,Bank Transfer,2026-01-16,01:15,0
158.21,119.41,6,0,0,ATM,2026-01-16,02:29,0
162.06,100.0,3,0,0,Card,2026-01-16,02:32,0
125.63,120.43,5,0,0,UPI,2026-01-16,02:59,0
781.14,800.12,8,0,0,Online,2026-01-16,03:09,0
738.59,819.46,7,0,0,Online,2026-01-16,03:33,0
1882.26,2075.92,6,0,0,Bank Transfer,2026-01-16,05:07,0
225.24,143.52,6,0,1,UPI,2026-01-16,05:24,0
485.9,275.19,4,0,0,Online,2026-01-16,05:27,0
134.84,149.95,4,0,0,Online,2026-01-16,05:30,0
303.45,143.87,4,0,0,ATM,2026-01-16,05:40,0
259.56,103.94,2,0,0,Card,2026-01-16,05:42,0
598.71,369.47,6,0,0,Card,2026-01-16,05:44,0
957.64,954.05,8,0,0,ATM,2026-01-16,05:54,0
936.74,880.6,4,0,0,UPI,2026-01-16,05:56,0
197.08,234.33,7,1,0,Online,2026-01-16,06:05,0
942.65,618.01,4,0,0,Online,2026-01-16,06:10,0
388.59,227.12,5,0,0,Card,2026-01-16,06:10,0
306.16,205.58,9,0,0,ATM,2026-01-16,06:23,0
220.91,224.21,4,0,0,ATM,2026-01-16,06:24,0
250.65,133.38,8,0,1,Online,2026-01-16,06:30,0
1773.95,2049.96,4,0,0,UPI,2026-01-16,06:37,0
523.9,411.61,6,0,0,Online,2026-01-16,07:11,0
467.98,475.31,7,0,0,UPI,2026-01-16,07:18,0
322.82,339.98,9,0,0,UPI,2026-01-16,07:24,0
3226.27,2442.26,8,0,0,Card,2026-01-16,07:32,0
1223.24,1198.98,7,0,0,UPI,2026-01-16,07:52,0
218.57,144.25,4,0,1,Online,2026-01-16,08:37,0
319.71,332.28,6,1,0,ATM,2026-01-16,08:38,0
336.26,353.18,7,0,0,Online,2026-01-16,08:46,0
456.68,379.63,5,0,1,ATM,2026-01-16,09:56,0
222.28,119.02,2,0,0,ATM,2026-01-16,10:01,0
585.81,688.14,4,0,0,UPI,2026-01-16,10:28,0
1386.14,1600.89,5,0,0,UPI,2026-01-16,10:48,0
132.08,115.81,4,0,0,Online,2026-01-16,10:54,0
154.64,183.44,8,0,0,Online,2026-01-16,11:19,0
267.55,207.99,4,0,0,UPI,2026-01-16,11:57,0
278.31,186.23,6,0,0,Bank Transfer,2026-01-16,12:22,0
2205.47,1635.2,5,1,0,UPI,2026-01-16,12:33,0
945.25,367.72,3,0,0,ATM,2026-01-16,12:34,0
900.25,735.28,3,0,0,UPI,2026-01-16,12:41,0
322.24,295.27,3,0,0,ATM,2026-01-16,13:30,0
316.28,140.14,4,0,1,ATM,2026-01-16,14:21,0
117.45,100.0,5,0,1,Card,2026-01-16,14:30,0
784.06,755.05,5,0,0,Online,2026-01-16,14:34,0
612.41,627.44,6,0,0,UPI,2026-01-16,14:37,0
1203.63,1429.9,3,0,0,Bank Transfer,2026-01-16,15:24,0
337.24,190.62,3,0,0,Online,2026-01-16,15:33,0
357.63,380.95,5,1,0,UPI,2026-01-16,15:52,0
466.16,231.35,4,0,0,UPI,2026-01-16,15:59,0
861.02,397.14,3,0,0,ATM,2026-01-16,16:07,0
115.62,112.13,3,0,0,UPI,2026-01-16,16:11,0
754.19,549.8,7,1,0,Online,2026-01-16,16:25,0
396.46,406.31,4,1,0,Card,2026-01-16,16:28,0
164.05,100.0,6,0,0,Card,2026-01-16,16:37,0
68.59,100.0,5,0,0,Card,2026-01-16,17:00,0
359.24,293.31,7,1,0,UPI,2026-01-16,17:18,0
1380.99,618.7,5,0,0,Bank Transfer,2026-01-16,17:24,0
1674.86,983.03,3,0,1,UPI,2026-01-16,17:24,0
545.7,268.1,2,0,1,ATM,2026-01-16,17:32,0
2138.17,1330.03,3,0,0,Online,2026-01-16,17:47,0
388.97,389.23,5,0,1,Card,2026-01-16,17:58,0
907.15,410.6,6,0,0,Online,2026-01-16,18:09,0
274.91,239.2,3,0,0,UPI,2026-01-16,18:11,0
260.5,220.65,5,0,0,Online,2026-01-16,18:24,0
226.81,183.13,7,0,0,ATM,2026-01-16,18:25,0
70.0,100.0,6,0,0,UPI,2026-01-16,18:29,0
1204.75,1101.48,4,1,0,Bank Transfer,2026-01-16,19:04,0
233.83,251.15,4,0,0,ATM,2026-01-16,19:19,0
204.13,100.0,5,0,0,UPI,2026-01-16,19:20,0
147.97,154.19,5,0,0,Online,2026-01-16,19:50,0
339.1,136.4,2,0,1,UPI,2026-01-16,20:08,0
1806.18,1372.34,5,0,0,UPI,2026-01-16,20:10,0
2391.59,1876.79,6,0,0,ATM,2026-01-16,20:13,0
98.32,100.0,2,0,0,Online,2026-01-16,20:36,0
298.48,127.22,4,0,0,Card,2026-01-16,20:54,0
167.47,100.0,2,0,0,Online,2026-01-16,21:04,0
934.57,356.68,6,0,0,Online,2026-01-16,21:29,0
514.71,431.1,8,0,0,Online,2026-01-16,21:29,0
234.84,113.23,5,0,0,Online,2026-01-16,21:33,0
429.1,445.15,5,0,0,UPI,2026-01-16,21:34,0
268.86,299.54,5,0,0,Online,2026-01-16,21:50,0
1590.99,952.28,7,0,0,Online,2026-01-16,21:56,0
642.21,314.55,2,0,0,Online,2026-01-16,22:11,0
712.91,497.73,5,1,0,Card,2026-01-16,22:37,0
41.81,100.0,10,1,0,Card,2026-01-16,22:42,0
381.16,262.94,5,0,0,Online,2026-01-16,23:10,0
2370.2,1047.83,4,0,0,UPI,2026-01-16,23:28,0
1245.4,1478.25,5,0,0,UPI,2026-01-17,00:38,0
83.93,100.0,4,0,0,Bank Transfer,2026-01-17,01:15,0
309.08,198.12,10,0,0,Card,2026-01-17,01:33,0
145.29,161.21,2,1,0,UPI,2026-01-17,01:50,0
1727.51,1966.41,4,0,0,UPI,2026-01-17,01:57,0
496.53,383.46,5,0,0,Bank Transfer,2026-01-17,02:01,0
210.06,128.28,4,1,0,UPI,2026-01-17,02:03,0
415.31,315.74,6,0,0,UPI,2026-01-17,02:18,0
43.98,100.0,5,0,0,Card,2026-01-17,02:26,0
160.42,121.36,5,0,0,ATM,2026-01-17,02:35,0
416.12,226.79,5,0,0,Online,2026-01-17,02:43,0
827.84,727.57,3,0,0,Online,2026-01-17,02:52,0
77.47,100.0,2,0,0,Bank Transfer,2026-01-17,03:07,0
291.79,342.56,5,0,0,Bank Transfer,2026-01-17,03:31,0
951.68,1014.67,3,0,0,ATM,2026-01-17,04:27,0
117.48,100.0,6,0,0,UPI,2026-01-17,04:38,0
490.2,259.7,3,0,0,Online,2026-01-17,05:00,0
426.7,342.19,6,0,0,UPI,2026-01-17,05:08,0
1732.33,985.61,7,0,0,Bank Transfer,2026-01-17,05:14,0
331.75,120.16,7,0,0,Card,2026-01-17,05:14,0
348.67,345.74,2,0,0,Online,2026-01-17,05:27,0
834.4,545.79,6,0,0,Card,2026-01-17,05:47,0
130.66,100.0,5,0,0,Card,2026-01-17,05:57,0
334.37,261.65,4,0,0,Bank Transfer,2026-01-17,05:59,0
273.86,323.33,8,0,0,UPI,2026-01-17,06:16,0
358.5,332.24,7,0,0,Bank Transfer,2026-01-17,06:24,0
829.77,402.4,5,1,0,Online,2026-01-17,06:43,0
646.15,508.62,2,0,0,Card,2026-01-17,06:44,0
213.5,238.36,10,0,0,Online,2026-01-17,06:52,0
453.14,179.49,4,0,0,Card,2026-01-17,07:04,0
1432.07,1277.7,5,0,0,UPI,2026-01-17,07:10,0
199.01,191.66,2,0,1,Online,2026-01-17,07:24,0
456.41,432.86,3,0,1,UPI,2026-01-17,08:26,0
342.34,163.52,7,0,1,Card,2026-01-17,08:31,0
382.39,428.73,6,0,0,Card,2026-01-17,09:15,0
100.88,100.0,5,0,0,Card,2026-01-17,09:28,0
1338.29,527.26,8,0,0,UPI,2026-01-17,10:11,0
208.89,100.0,4,0,0,Online,2026-01-17,10:18,0
965.03,713.1,5,0,0,Bank Transfer,2026-01-17,10:36,0
237.9,100.0,7,0,0,Card,2026-01-17,10:40,0
237.06,240.05,4,0,0,Card,2026-01-17,10:51,0
1131.34,1228.57,6,0,0,Online,2026-01-17,11:10,0
938.99,339.32,5,0,0,Card,2026-01-17,11:11,0
481.72,500.27,4,0,0,Card,2026-01-17,11:22,0
770.45,912.24,8,0,1,Card,2026-01-17,11:40,0
315.68,118.64,4,1,0,Online,2026-01-17,11:47,0
400.57,387.04,3,0,0,Online,2026-01-17,11:58,0
229.89,275.7,5,0,0,Online,2026-01-17,12:30,0
869.97,893.94,8,0,1,Bank Transfer,2026-01-17,12:54,0
223.77,174.44,2,0,0,Online,2026-01-17,12:58,0
1425.65,1571.21,4,0,0,ATM,2026-01-17,13:54,0
308.44,293.56,3,0,0,UPI,2026-01-17,13:56,0
410.52,245.73,2,1,0,Bank Transfer,2026-01-17,14:01,0
768.87,415.71,5,0,0,UPI,2026-01-17,14:24,0
411.7,323.45,4,0,1,UPI,2026-01-17,14:26,0
313.18,208.9,8,0,0,Online,2026-01-17,14:36,0
393.26,247.77,4,0,0,Card,2026-01-17,14:59,0
862.42,432.28,7,0,0,Card,2026-01-17,15:35,0
229.65,245.38,4,0,1,Online,2026-01-17,16:00,0
362.38,344.0,6,0,0,UPI,2026-01-17,16:45,0
406.97,257.05,3,0,1,UPI,2026-01-17,17:44,0
841.26,464.39,3,0,0,Online,2026-01-17,18:02,0
370.6,170.08,6,0,0,Online,2026-01-17,18:11,0
1876.29,836.14,4,1,0,UPI,2026-01-17,18:25,0
353.17,311.37,4,0,0,ATM,2026-01-17,18:35,0
329.63,145.86,7,0,0,Online,2026-01-17,18:43,0
348.84,406.81,9,1,0,Card,2026-01-17,19:02,0
131.74,100.0,3,0,0,Online,2026-01-17,19:04,0
167.13,100.0,7,0,0,Card,2026-01-17,19:16,0
256.96,276.76,4,0,0,Card,2026-01-17,19:18,0
1059.4,701.8,7,0,0,Card,2026-01-17,19:31,0
392.23,251.62,5,0,0,ATM,2026-01-17,19:58,0
267.21,120.47,5,0,0,Online,2026-01-17,20:10,0
1144.31,1042.87,6,0,0,UPI,2026-01-17,20:44,0
1507.94,987.66,6,0,0,Bank Transfer,2026-01-17,21:09,0
1172.71,1230.82,4,0,0,Card,2026-01-17,21:50,0
195.37,173.1,5,0,0,Online,2026-01-17,21:56,0
264.82,290.75,6,0,0,ATM,2026-01-17,22:09,0
1884.99,1657.24,6,0,0,UPI,2026-01-17,22:24,0
495.2,501.34,2,0,0,UPI,2026-01-17,22:25,0
321.35,302.73,6,0,1,Online,2026-01-17,22:44,1
742.93,552.14,4,0,0,Online,2026-01-17,23:01,0
949.76,888.38,5,0,0,Online,2026-01-17,23:15,0
248.21,226.88,4,0,0,Card,2026-01-17,23:23,0
486.15,172.92,7,1,0,Online,2026-01-18,00:06,0
886.76,836.96,3,0,0,Card,2026-01-18,00:19,0
150.47,100.0,4,0,0,Bank Transfer,2026-01-18,00:28,0
407.68,330.45,3,0,0,Bank Transfer,2026-01-18,00:32,0
156.46,100.0,3,1,0,Online,2026-01-18,00:53,0
174.85,100.0,4,0,0,Card,2026-01-18,01:20,0
249.98,100.0,4,0,0,Bank Transfer,2026-01-18,01:42,1
605.2,293.2,4,0,0,Online,2026-01-18,02:27,0
306.83,112.58,4,0,0,Card,2026-01-18,02:45,0
232.49,107.54,5,0,0,Online,2026-01-18,03:06,0
421.5,347.86,8,0,0,Online,2026-01-18,03:14,1
152.18,105.04,3,0,1,Online,2026-01-18,03:19,0
580.84,687.51,2,0,1,UPI,2026-01-18,03:29,0
1055.4,1094.87,12,0,0,UPI,2026-01-18,03:31,1
377.16,179.06,4,1,1,UPI,2026-01-18,03:35,0
339.59,239.17,5,0,0,ATM,2026-01-18,03:36,0
554.14,396.95,3,0,0,Card,2026-01-18,03:59,1
71.94,100.0,2,0,0,Online,2026-01-18,04:17,0
636.7,491.05,4,0,0,Online,2026-01-18,04:21,0
5634.16,5180.01,2,0,0,ATM,2026-01-18,04:43,0
363.48,325.23,6,0,1,Card,2026-01-18,04:49,0
364.58,238.26,7,1,0,Online,2026-01-18,04:50,0
759.05,720.56,5,0,0,UPI,2026-01-18,04:55,0
1633.59,973.72,3,0,0,UPI,2026-01-18,04:55,0
924.01,979.59,4,0,0,Online,2026-01-18,05:09,0
64.57,100.0,4,0,0,UPI,2026-01-18,05:10,0
651.25,391.09,9,0,0,Online,2026-01-18,05:22,0
3590.84,3651.83,3,0,0,Card,2026-01-18,05:29,0
684.76,713.12,2,0,0,Card,2026-01-18,06:58,0
151.2,115.99,5,0,0,UPI,2026-01-18,07:09,0
512.63,217.66,7,0,0,Online,2026-01-18,07:50,0
135.83,138.31,6,0,0,Bank Transfer,2026-01-18,07:54,0
1150.42,801.1,5,0,1,UPI,2026-01-18,08:19,0
179.02,100.0,2,0,1,ATM,2026-01-18,08:28,0
429.71,379.28,4,0,0,Card,2026-01-18,08:47,0
194.59,140.38,2,0,0,Bank Transfer,2026-01-18,08:55,0
253.54,107.61,4,0,0,Card,2026-01-18,09:18,0
1426.86,1692.43,4,0,0,Online,2026-01-18,10:11,0
440.51,245.79,6,0,0,UPI,2026-01-18,10:15,0
250.81,196.71,8,0,0,UPI,2026-01-18,10:45,0
152.41,139.79,6,0,0,Online,2026-01-18,10:46,0
82.19,100.0,8,0,0,ATM,2026-01-18,11:07,0
139.27,136.28,9,0,1,UPI,2026-01-18,11:16,0
443.71,399.8,4,0,0,Online,2026-01-18,11:30,0
928.15,714.39,2,0,0,ATM,2026-01-18,11:33,0
250.56,200.22,5,0,1,Online,2026-01-18,11:36,0
1532.97,1780.66,5,0,0,Card,2026-01-18,11:59,0
219.23,246.47,6,0,0,Online,2026-01-18,12:40,0
329.54,146.71,2,0,0,Online,2026-01-18,12:51,0
161.15,106.92,2,0,0,Card,2026-01-18,12:54,0
936.5,739.14,3,0,0,UPI,2026-01-18,13:05,0
2399.18,2715.83,3,0,0,Online,2026-01-18,13:19,0
90.24,100.0,9,0,0,UPI,2026-01-18,13:24,0
300.59,203.96,6,0,0,Card,2026-01-18,13:31,0
1182.12,1304.21,4,0,0,Bank Transfer,2026-01-18,13:40,0
117.93,100.0,7,0,0,UPI,2026-01-18,13:42,0
653.07,379.12,2,0,1,UPI,2026-01-18,13:49,0
1139.39,989.46,8,0,0,UPI,2026-01-18,13:50,0
431.17,281.34,4,0,0,Online,2026-01-18,14:34,0
644.02,566.12,5,0,0,ATM,2026-01-18,14:54,0
1802.21,1258.36,12,0,0,UPI,2026-01-18,15:21,0
2113.63,2169.44,6,0,1,Card,2026-01-18,15:25,0
382.73,444.41,9,0,0,UPI,2026-01-18,15:27,0
256.59,148.76,2,0,0,Bank Transfer,2026-01-18,15:51,0
184.57,144.61,2,0,0,Online,2026-01-18,15:53,0
925.58,893.89,4,0,0,Online,2026-01-18,16:07,0
125.71,100.0,3,0,0,UPI,2026-01-18,16:10,0
325.48,334.12,6,0,0,Card,2026-01-18,16:19,0
440.23,372.22,5,0,0,Bank Transfer,2026-01-18,16:51,0
263.08,125.56,6,1,0,Online,2026-01-18,17:13,0
511.76,556.79,5,0,0,Bank Transfer,2026-01-18,17:26,0
3568.27,2543.09,4,0,0,UPI,2026-01-18,18:23,0
363.81,181.95,4,0,0,UPI,2026-01-18,18:32,0
278.64,143.8,5,0,0,UPI,2026-01-18,18:58,0
956.26,973.17,6,0,0,UPI,2026-01-18,19:38,0
494.55,566.44,2,0,0,UPI,2026-01-18,20:59,0
1371.19,920.77,7,0,0,ATM,2026-01-18,21:35,0
464.05,193.51,3,0,0,Online,2026-01-18,21:58,0
326.63,142.31,2,0,0,Online,2026-01-18,22:44,0
88.57,100.0,8,0,0,Card,2026-01-18,22:51,0
101.82,100.0,7,0,0,Bank Transfer,2026-01-18,23:03,0
84.75,100.0,6,0,0,Card,2026-01-18,23:16,0
556.93,354.48,3,0,0,Card,2026-01-18,23:32,0
126.73,100.0,5,0,0,ATM,2026-01-18,23:37,0
1172.91,1052.12,4,0,0,Online,2026-01-18,23:58,0
413.94,335.27,9,0,1,UPI,2026-01-19,00:47,0
327.81,160.5,2,0,0,UPI,2026-01-19,01:35,0
196.91,151.14,6,0,1,Online,2026-01-19,02:25,0
684.66,507.69,4,0,1,UPI,2026-01-19,02:30,0
203.6,165.71,5,0,0,ATM,2026-01-19,02:36,1
174.59,100.0,6,0,0,Online,2026-01-19,02:53,0
1107.76,532.28,8,0,0,UPI,2026-01-19,03:00,0
545.35,436.67,5,0,0,UPI,2026-01-19,03:01,0
330.4,192.99,4,0,0,Bank Transfer,2026-01-19,03:04,0
695.91,615.65,4,0,0,Bank Transfer,2026-01-19,03:05,0
406.5,271.07,2,0,0,UPI,2026-01-19,03:50,0
558.67,300.36,6,0,0,Online,2026-01-19,04:16,1
201.48,182.93,6,0,0,UPI,2026-01-19,04:24,0
2344.53,1605.58,8,0,0,ATM,2026-01-19,04:30,0
246.49,119.29,6,0,0,UPI,2026-01-19,04:38,0
1514.16,1570.92,5,0,1,UPI,2026-01-19,04:57,1
343.59,246.36,4,0,0,Card,2026-01-19,05:01,1
801.14,903.53,8,0,0,Online,2026-01-19,05:02,0
753.02,387.35,5,0,0,Bank Transfer,2026-01-19,05:10,0
1069.37,1170.85,6,0,0,Card,2026-01-19,06:03,0
197.45,206.04,2,0,0,Online,2026-01-19,06:14,0
1006.56,441.2,6,0,1,Online,2026-01-19,06:39,0
1938.12,1554.24,7,0,0,Bank Transfer,2026-01-19,06:46,0
323.8,293.24,7,0,0,Card,2026-01-19,06:48,0
415.51,320.42,7,0,0,UPI,2026-01-19,07:11,0
258.55,176.26,3,0,0,Online,2026-01-19,07:36,0
300.52,346.28,6,0,0,Card,2026-01-19,08:14,0
1727.98,1634.15,6,0,0,UPI,2026-01-19,08:18,0
171.81,201.19,5,0,0,Bank Transfer,2026-01-19,08:22,0
181.13,193.68,9,0,0,Card,2026-01-19,08:31,0
1586.47,1657.16,1,0,0,UPI,2026-01-19,08:38,0
685.99,663.21,4,0,0,UPI,2026-01-19,08:49,0
2446.26,2199.6,7,0,0,UPI,2026-01-19,09:06,0
275.1,303.66,6,0,0,ATM,2026-01-19,09:22,0
449.14,391.38,4,0,0,ATM,2026-01-19,10:18,0
230.08,100.0,4,0,0,UPI,2026-01-19,10:43,0
455.69,385.14,3,0,0,Bank Transfer,2026-01-19,10:43,0
89.3,100.0,5,0,1,Card,2026-01-19,10:52,0
722.13,835.44,8,0,0,Bank Transfer,2026-01-19,10:56,0
531.1,477.82,6,0,0,UPI,2026-01-19,11:51,0
384.17,315.9,7,0,1,ATM,2026-01-19,11:58,0
289.51,150.01,3,0,1,Card,2026-01-19,11:58,0
188.57,148.67,5,0,0,UPI,2026-01-19,12:08,0
748.86,480.13,5,0,0,Online,2026-01-19,12:22,0
149.09,137.77,8,0,0,Online,2026-01-19,12:45,0
623.35,538.42,2,1,0,UPI,2026-01-19,12:45,0
2352.62,1821.89,6,0,0,Bank Transfer,2026-01-19,12:50,0
1426.09,805.5,7,0,0,Online,2026-01-19,13:12,0
112.24,100.0,4,0,0,Online,2026-01-19,13:16,0
255.64,189.8,3,1,0,UPI,2026-01-19,13:18,0
577.23,619.7,4,0,0,Online,2026-01-19,13:26,0
380.03,421.91,5,0,0,Online,2026-01-19,13:42,0
122.79,122.22,5,0,0,Online,2026-01-19,13:47,0
559.77,348.0,3,0,0,UPI,2026-01-19,14:11,0
400.01,152.95,6,1,0,UPI,2026-01-19,15:39,0
2053.24,2333.59,9,0,0,Bank Transfer,2026-01-19,15:42,0
325.3,388.15,7,0,0,ATM,2026-01-19,15:53,0
1088.77,498.62,7,0,0,ATM,2026-01-19,16:06,0
137.41,128.17,8,0,0,Card,2026-01-19,16:23,0
168.37,119.78,8,0,0,UPI,2026-01-19,16:44,0
745.02,354.81,6,0,0,UPI,2026-01-19,17:06,0
1013.51,1214.57,5,0,0,Bank Transfer,2026-01-19,17:17,0
178.79,204.4,4,0,0,Online,2026-01-19,17:20,0
411.77,488.04,6,1,0,Online,2026-01-19,17:21,0
124.67,100.0,2,0,0,UPI,2026-01-19,17:29,0
345.84,265.65,4,0,0,UPI,2026-01-19,17:44,0
821.71,913.25,1,0,0,Online,2026-01-19,17:55,0
278.74,257.53,2,0,0,Bank Transfer,2026-01-19,18:08,0
326.46,234.86,4,0,0,UPI,2026-01-19,18:15,0
154.42,121.87,6,0,0,Bank Transfer,2026-01-19,18:27,0
232.5,100.0,6,0,0,Online,2026-01-19,18:37,0
1797.94,1563.83,2,0,0,ATM,2026-01-19,18:55,0
429.23,463.89,3,0,0,UPI,2026-01-19,19:03,0
172.09,100.0,4,1,0,Card,2026-01-19,19:08,0
308.72,150.03,4,0,0,UPI,2026-01-19,19:09,0
103.77,100.0,5,0,0,Card,2026-01-19,19:09,0
170.37,140.86,7,0,0,UPI,2026-01-19,19:10,0
1282.14,822.94,9,0,0,UPI,2026-01-19,19:14,0
357.41,133.58,5,1,0,Card,2026-01-19,19:18,1
2012.48,1976.37,5,0,0,UPI,2026-01-19,19:18,0
372.02,207.03,4,0,0,Online,2026-01-19,19:22,0
391.28,351.32,2,0,0,Online,2026-01-19,19:24,0
695.59,574.05,5,0,0,Card,2026-01-19,19:24,0
41.61,100.0,2,0,0,Online,2026-01-19,19:45,0
480.2,409.01,5,0,0,Online,2026-01-19,20:24,0
386.98,364.06,6,0,0,Card,2026-01-19,20:33,0
1426.72,1193.32,3,0,0,UPI,2026-01-19,21:03,0
915.96,754.66,3,0,1,UPI,2026-01-19,21:04,0
153.91,110.92,9,0,0,Online,2026-01-19,21:13,0
1159.59,829.72,5,1,1,Bank Transfer,2026-01-19,21:20,0
322.8,247.69,7,0,0,Card,2026-01-19,21:21,0
187.02,137.32,3,0,0,UPI,2026-01-19,21:21,0
477.01,344.96,5,0,0,Bank Transfer,2026-01-19,21:23,0
339.56,179.56,4,0,0,Bank Transfer,2026-01-19,21:44,0
1491.74,1441.18,3,0,0,Online,2026-01-19,21:48,0
538.9,249.52,3,0,0,ATM,2026-01-19,23:21,0
480.49,539.31,7,1,0,Online,2026-01-19,23:30,1
867.44,764.32,5,0,0,UPI,2026-01-19,23:44,0
1021.41,399.95,4,0,0,Bank Transfer,2026-01-19,23:53,0
785.3,714.74,4,0,1,Online,2026-01-20,00:00,0
1348.22,886.17,6,0,0,Card,2026-01-20,00:32,0
676.8,771.76,6,0,0,UPI,2026-01-20,00:40,0
465.22,532.98,6,0,0,Card,2026-01-20,01:01,0
1156.67,1236.52,3,0,0,Online,2026-01-20,01:20,0
373.43,310.95,4,0,0,Bank Transfer,2026-01-20,01:27,0
414.99,469.48,4,0,0,Bank Transfer,2026-01-20,01:29,0
1742.96,1572.74,4,0,0,Card,2026-01-20,01:33,0
1601.4,1751.71,4,1,0,Bank Transfer,2026-01-20,01:34,0
400.63,194.73,5,0,1,Online,2026-01-20,01:52,0
274.37,306.9,6,0,0,ATM,2026-01-20,02:18,1
1399.26,1276.62,1,0,0,Online,2026-01-20,02:57,0
796.6,484.16,3,0,0,Online,2026-01-20,02:58,0
527.55,632.08,4,0,0,Bank Transfer,2026-01-20,03:01,1
306.87,286.57,3,0,0,Online,2026-01-20,03:04,1
534.83,600.16,4,0,0,UPI,2026-01-20,03:07,0
396.05,140.5,6,1,0,Online,2026-01-20,03:13,1
229.36,187.96,5,0,1,UPI,2026-01-20,03:25,0
450.2,430.23,2,0,0,Bank Transfer,2026-01-20,04:27,0
505.53,182.84,4,0,1,Card,2026-01-20,05:11,0
293.22,292.68,4,0,0,Bank Transfer,2026-01-20,05:14,0
869.79,786.06,9,0,0,Bank Transfer,2026-01-20,05:22,0
1206.53,704.07,7,0,0,Card,2026-01-20,06:26,0
920.04,860.79,5,0,0,Card,2026-01-20,06:39,0
319.0,147.14,5,0,0,UPI,2026-01-20,06:40,0
766.97,805.65,7,0,0,Online,2026-01-20,06:53,0
431.07,468.27,6,1,0,Bank Transfer,2026-01-20,06:55,0
141.12,107.63,5,0,0,ATM,2026-01-20,06:57,0
714.67,558.39,6,0,0,UPI,2026-01-20,07:19,0
456.78,315.98,3,0,0,Card,2026-01-20,07:20,0
3657.43,2353.68,6,0,0,Card,2026-01-20,07:49,0
1392.26,1520.29,1,0,0,Online,2026-01-20,08:23,0
738.39,449.79,7,0,0,ATM,2026-01-20,08:31,0
498.6,345.24,5,0,1,Bank Transfer,2026-01-20,09:31,1
463.67,280.48,5,0,1,Online,2026-01-20,09:33,0
171.89,156.11,6,0,0,UPI,2026-01-20,09:34,0
92.01,100.0,5,0,0,Bank Transfer,2026-01-20,10:00,0
192.16,100.0,5,0,0,Online,2026-01-20,10:11,0
387.39,219.47,9,0,1,Online,2026-01-20,10:36,0
67.38,100.0,6,0,0,Bank Transfer,2026-01-20,10:51,0
254.0,123.48,4,0,0,UPI,2026-01-20,10:59,0
326.86,227.44,9,0,1,Online,2026-01-20,11:07,0
335.92,339.11,7,0,0,Online,2026-01-20,12:20,0
229.87,186.28,4,0,1,Online,2026-01-20,12:55,0
301.78,119.29,4,0,0,Online,2026-01-20,13:02,0
1746.4,1539.14,3,0,0,Card,2026-01-20,13:50,0
708.27,726.69,7,0,0,UPI,2026-01-20,14:08,0
250.57,171.5,3,0,0,Online,2026-01-20,14:41,0
380.66,212.51,2,0,0,ATM,2026-01-20,14:44,0
393.84,393.58,5,0,0,Card,2026-01-20,14:46,0
210.03,100.0,6,0,0,Bank Transfer,2026-01-20,14:55,0
209.82,218.89,4,0,0,Online,2026-01-20,14:56,0
952.36,984.38,3,0,0,Card,2026-01-20,15:29,0
282.36,311.95,4,0,0,Online,2026-01-20,15:33,0
159.1,100.0,7,0,0,Bank Transfer,2026-01-20,15:35,0
388.9,171.74,2,1,0,UPI,2026-01-20,15:46,0
446.0,486.96,4,0,1,Card,2026-01-20,16:02,0
75.43,100.0,3,0,1,Card,2026-01-20,16:31,0
389.7,266.35,2,1,0,UPI,2026-01-20,16:38,0
843.69,706.42,6,0,0,Bank Transfer,2026-01-20,16:44,0
592.02,236.69,7,0,0,UPI,2026-01-20,16:48,0
2684.7,2408.61,5,0,0,Card,2026-01-20,17:22,0
1168.46,1347.61,7,0,0,Bank Transfer,2026-01-20,17:24,0
1382.42,1277.86,3,0,0,Online,2026-01-20,17:27,0
4359.33,3247.07,5,0,1,Online,2026-01-20,17:31,0
768.49,896.64,9,0,0,ATM,2026-01-20,18:07,0
463.41,433.4,5,0,0,Online,2026-01-20,18:15,0
923.05,367.76,3,0,0,ATM,2026-01-20,18:20,0
250.8,230.62,2,0,0,Online,2026-01-20,18:56,0
442.1,177.17,2,0,0,UPI,2026-01-20,19:11,0
232.63,142.17,4,0,0,Online,2026-01-20,19:23,0
565.83,494.15,2,0,0,Card,2026-01-20,19:49,0
231.8,123.61,8,0,0,UPI,2026-01-20,20:04,0
225.0,100.0,4,0,0,UPI,2026-01-20,20:22,0
573.32,501.81,6,0,0,UPI,2026-01-20,20:35,0
358.86,212.8,4,0,0,Online,2026-01-20,20:44,0
78.38,100.0,4,0,0,Online,2026-01-20,20:58,0
117.07,100.0,3,0,0,Online,2026-01-20,21:11,0
152.14,142.02,3,0,0,Online,2026-01-20,21:40,0
190.47,211.67,6,0,0,Card,2026-01-20,21:42,0
573.79,243.05,9,0,0,Bank Transfer,2026-01-20,21:43,0
485.95,494.87,4,0,0,Bank Transfer,2026-01-20,22:01,0
997.73,481.59,6,0,0,UPI,2026-01-20,22:04,0
765.0,481.95,3,0,1,Bank Transfer,2026-01-20,22:57,0
1003.37,655.96,6,0,0,Card,2026-01-20,23:02,0
676.64,355.48,3,1,0,UPI,2026-01-20,23:17,0
482.14,199.58,4,1,0,Online,2026-01-20,23:22,0
1027.05,1030.35,4,0,0,Bank Transfer,2026-01-20,23:29,1
881.39,903.06,6,0,0,Card,2026-01-20,23:34,0
555.4,664.98,6,0,1,Online,2026-01-20,23:40,1
1188.46,1360.09,8,0,0,Bank Transfer,2026-01-21,00:06,0
54.93,100.0,6,0,0,Bank Transfer,2026-01-21,00:34,0
315.17,146.04,9,0,0,Online,2026-01-21,00:36,0
311.09,111.71,3,0,0,ATM,2026-01-21,02:02,0
1074.68,861.67,4,0,0,Card,2026-01-21,02:24,0
1534.08,1659.08,6,0,0,ATM,2026-01-21,02:27,0
117.61,100.0,3,0,0,UPI,2026-01-21,02:58,0
1338.75,694.95,7,0,0,ATM,2026-01-21,03:04,0
149.05,107.78,10,0,0,Online,2026-01-21,03:39,0
152.93,169.67,7,0,0,Online,2026-01-21,04:04,0
330.58,242.62,4,0,0,Card,2026-01-21,04:25,0
307.82,296.84,4,0,0,Online,2026-01-21,04:32,0
107.27,100.0,5,0,0,UPI,2026-01-21,04:33,0
700.92,467.53,6,0,0,UPI,2026-01-21,04:51,0
718.73,520.92,1,0,0,Card,2026-01-21,05:05,0
988.25,991.35,4,0,0,Bank Transfer,2026-01-21,05:21,0
279.1,276.65,4,0,0,ATM,2026-01-21,05:22,0
390.08,279.69,8,0,0,UPI,2026-01-21,05:36,0
393.13,227.02,3,0,0,Online,2026-01-21,05:43,0
1693.91,793.19,4,0,0,Card,2026-01-21,05:43,0
36.27,100.0,5,0,0,Card,2026-01-21,05:46,0
178.86,100.0,7,0,0,UPI,2026-01-21,06:01,0
405.33,198.6,3,0,0,Bank Transfer,2026-01-21,06:22,0
160.33,150.15,7,1,1,UPI,2026-01-21,06:41,0
323.9,338.55,3,0,0,Card,2026-01-21,06:48,0
362.43,353.88,10,0,0,UPI,2026-01-21,06:57,0
230.67,222.53,4,0,0,Card,2026-01-21,06:59,0
426.15,509.33,7,0,0,ATM,2026-01-21,07:03,0
688.09,803.84,4,0,0,ATM,2026-01-21,07:07,0
330.03,190.93,4,0,0,Card,2026-01-21,07:08,0
274.45,129.91,10,0,0,Bank Transfer,2026-01-21,07:15,0
350.41,168.3,7,0,0,Online,2026-01-21,07:41,0
400.89,445.49,5,0,0,UPI,2026-01-21,09:24,0
91.9,100.0,5,0,0,ATM,2026-01-21,09:52,0
597.24,381.71,2,1,0,Card,2026-01-21,10:47,0
274.97,220.19,9,0,0,ATM,2026-01-21,10:59,0
1178.86,1027.3,9,0,0,UPI,2026-01-21,11:00,0
666.74,570.98,7,0,0,UPI,2026-01-21,11:04,0
1090.68,1110.8,3,0,0,Bank Transfer,2026-01-21,11:05,0
170.83,142.8,7,0,0,UPI,2026-01-21,11:58,0
294.22,315.81,5,0,0,Bank Transfer,2026-01-21,12:01,0
140.32,100.0,5,0,0,Card,2026-01-21,12:25,0
221.54,239.29,6,0,0,Online,2026-01-21,12:39,0
1169.45,995.79,5,0,1,Card,2026-01-21,12:50,0
1428.48,770.66,6,0,0,Online,2026-01-21,13:01,0
152.03,179.56,4,0,0,Online,2026-01-21,13:38,0
273.27,313.93,5,0,0,Bank Transfer,2026-01-21,13:57,0
378.13,404.17,11,0,0,Card,2026-01-21,14:41,0
663.66,746.52,5,0,0,Card,2026-01-21,15:13,0
90.39,100.0,4,0,0,UPI,2026-01-21,15:21,0
103.28,100.0,3,0,0,UPI,2026-01-21,16:06,0
611.66,309.18,2,0,0,Online,2026-01-21,16:32,0
76.96,100.0,4,0,1,Card,2026-01-21,16:51,0
275.95,290.48,6,0,0,Online,2026-01-21,17:05,0
463.02,548.13,4,0,0,Online,2026-01-21,17:28,0
574.39,615.18,3,0,0,Bank Transfer,2026-01-21,17:41,0
357.64,317.41,4,0,0,Online,2026-01-21,17:43,0
295.63,139.22,3,0,0,ATM,2026-01-21,17:46,0
827.07,405.36,4,0,0,UPI,2026-01-21,18:01,0
514.1,386.94,5,0,0,Online,2026-01-21,18:06,0
232.77,233.38,3,0,0,Card,2026-01-21,18:17,1
416.57,207.16,3,0,0,UPI,2026-01-21,18:25,0
558.75,630.37,5,0,0,ATM,2026-01-21,18:32,0
1738.02,1618.48,7,0,0,Card,2026-01-21,19:24,0
787.12,484.44,2,0,0,UPI,2026-01-21,19:31,0
1132.72,1249.27,5,1,0,Card,2026-01-21,19:34,0
240.08,206.19,4,0,0,Bank Transfer,2026-01-21,19:43,0
258.38,251.45,3,0,0,Online,2026-01-21,20:18,0
330.28,223.8,3,0,0,UPI,2026-01-21,20:51,0
357.08,244.43,4,0,0,ATM,2026-01-21,21:29,0
171.26,100.0,9,0,0,Online,2026-01-21,22:02,0
1183.28,955.16,5,0,0,Online,2026-01-21,22:19,0
854.78,851.94,4,0,0,Online,2026-01-21,23:33,0
311.12,365.1,5,0,0,UPI,2026-01-21,23:59,0
696.07,771.52,4,1,0,Online,2026-01-22,00:14,0
487.58,206.71,7,0,0,ATM,2026-01-22,00:41,0
743.86,880.32,6,0,0,Card,2026-01-22,00:47,0
128.68,100.0,6,0,0,Card,2026-01-22,00:50,0
356.45,137.21,4,0,0,Card,2026-01-22,00:51,0
384.01,378.86,6,0,0,Card,2026-01-22,01:11,0
685.46,767.72,6,0,0,Online,2026-01-22,01:25,0
236.47,273.67,8,0,0,Online,2026-01-22,02:40,0
48.19,100.0,7,0,0,Bank Transfer,2026-01-22,03:01,0
160.86,100.0,5,0,0,Bank Transfer,2026-01-22,03:04,0
383.03,184.2,7,0,0,Online,2026-01-22,03:13,0
425.94,170.43,7,0,0,Online,2026-01-22,03:18,0
1687.81,1425.65,4,0,0,Online,2026-01-22,03:21,1
662.05,505.89,3,0,1,Online,2026-01-22,03:36,1
432.38,191.5,4,0,0,ATM,2026-01-22,04:04,0
392.47,292.43,7,1,0,Bank Transfer,2026-01-22,05:24,0
1031.28,858.26,5,0,0,ATM,2026-01-22,05:28,0
244.3,235.63,3,0,0,Online,2026-01-22,05:57,0
358.08,251.4,4,1,0,ATM,2026-01-22,06:41,0
159.83,100.0,4,0,0,UPI,2026-01-22,06:44,0
1347.59,1234.16,6,0,0,ATM,2026-01-22,06:47,0
563.19,524.67,3,0,0,Card,2026-01-22,06:55,0
221.1,128.21,5,0,0,ATM,2026-01-22,07:14,0
366.03,134.28,5,0,0,UPI,2026-01-22,07:16,0
622.16,717.88,4,1,0,ATM,2026-01-22,07:36,0
326.0,323.39,2,0,0,Card,2026-01-22,07:40,0
256.13,133.43,7,0,1,UPI,2026-01-22,07:49,0
231.34,192.2,6,0,0,Online,2026-01-22,07:58,0
538.14,460.49,4,0,0,Online,2026-01-22,08:05,0
297.57,136.02,2,0,0,UPI,2026-01-22,08:26,0
274.32,140.7,7,0,1,Card,2026-01-22,08:28,0
129.59,150.73,4,0,0,Online,2026-01-22,08:44,0
430.95,336.92,3,0,0,UPI,2026-01-22,08:45,0
345.83,177.32,3,0,1,UPI,2026-01-22,08:56,0
306.92,315.5,5,0,0,Card,2026-01-22,09:00,0
477.69,358.26,3,0,0,UPI,2026-01-22,09:03,0
761.89,680.1,4,0,0,Card,2026-01-22,09:31,1
732.4,441.55,4,0,0,ATM,2026-01-22,09:31,0
645.37,257.64,1,0,0,Bank Transfer,2026-01-22,09:59,0
328.79,161.18,4,1,0,Online,2026-01-22,10:19,0
249.15,293.27,5,0,0,UPI,2026-01-22,11:26,0
166.11,146.19,3,0,1,ATM,2026-01-22,11:39,0
243.67,257.42,7,0,0,Card,2026-01-22,11:52,0
410.22,151.08,3,0,0,Card,2026-01-22,12:16,0
206.78,206.91,8,0,0,Bank Transfer,2026-01-22,12:32,0
437.75,333.66,5,0,0,Online,2026-01-22,12:43,0
177.57,162.57,9,0,0,Bank Transfer,2026-01-22,12:54,0
98.31,100.0,6,1,0,Bank Transfer,2026-01-22,12:54,0
809.56,710.59,4,0,0,Online,2026-01-22,13:11,0
269.55,102.5,4,0,0,Online,2026-01-22,13:12,0
198.05,100.0,8,0,0,Online,2026-01-22,13:12,0
159.21,163.83,6,0,0,Online,2026-01-22,13:48,0
578.0,263.45,6,0,0,Card,2026-01-22,13:57,0
1298.12,469.77,3,0,0,Card,2026-01-22,14:06,0
286.4,322.37,5,0,0,UPI,2026-01-22,14:19,0
335.89,193.37,5,1,0,UPI,2026-01-22,14:33,0
1003.14,847.68,2,0,0,Bank Transfer,2026-01-22,14:45,0
86.58,100.0,6,0,0,Online,2026-01-22,15:26,0
2147.02,2112.72,6,0,0,ATM,2026-01-22,15:32,0
3221.12,1255.06,4,0,1,Card,2026-01-22,15:42,0
40.43,100.0,7,0,0,UPI,2026-01-22,15:52,0
371.34,300.98,5,0,0,Online,2026-01-22,16:13,0
218.96,141.79,6,0,0,Bank Transfer,2026-01-22,17:06,0
322.13,319.08,4,0,0,Online,2026-01-22,17:09,0
282.7,330.59,3,0,0,Card,2026-01-22,17:09,0
804.32,382.14,2,0,0,Bank Transfer,2026-01-22,17:23,0
366.62,173.57,3,0,0,Online,2026-01-22,17:36,0
186.0,181.26,9,1,0,Bank Transfer,2026-01-22,17:52,0
348.5,256.59,8,0,0,UPI,2026-01-22,18:01,0
624.88,641.09,7,0,0,Online,2026-01-22,18:10,0
147.5,100.0,6,1,0,UPI,2026-01-22,18:14,0
99.55,100.0,4,0,0,Online,2026-01-22,18:23,0
2194.77,2070.2,2,0,0,Online,2026-01-22,18:37,0
233.68,279.36,5,0,0,UPI,2026-01-22,18:39,0
358.97,154.57,1,0,0,Bank Transfer,2026-01-22,18:54,0
287.69,312.05,7,0,0,ATM,2026-01-22,19:22,0
642.83,435.51,4,0,0,Card,2026-01-22,19:53,0
1820.51,663.16,4,0,0,Card,2026-01-22,20:18,1
660.46,517.49,3,0,0,Bank Transfer,2026-01-22,20:52,0
110.98,100.0,5,0,0,Online,2026-01-22,21:03,0
124.4,116.86,11,0,0,Card,2026-01-22,21:17,1
287.4,170.9,5,0,0,Card,2026-01-22,21:50,0
321.18,243.92,3,0,0,Card,2026-01-22,21:56,0
93.35,100.0,3,0,1,ATM,2026-01-22,21:58,0
809.52,853.14,5,0,0,UPI,2026-01-22,22:09,0
160.23,182.12,7,0,0,Bank Transfer,2026-01-22,22:12,0
1435.55,994.6,8,0,0,Online,2026-01-22,22:16,0
1896.07,1387.07,7,0,0,Bank Transfer,2026-01-22,23:04,0
326.68,387.21,6,0,0,UPI,2026-01-22,23:06,0
585.89,275.83,2,0,0,UPI,2026-01-22,23:37,0
141.58,146.86,3,0,0,Online,2026-01-23,00:14,0
685.48,570.45,4,0,0,Bank Transfer,2026-01-23,00:17,0
264.16,290.21,5,0,0,Card,2026-01-23,00:23,0
160.11,100.0,6,0,0,UPI,2026-01-23,00:25,0
315.47,189.83,4,0,0,Card,2026-01-23,01:14,0
271.54,170.24,8,1,0,Online,2026-01-23,01:25,0
306.01,111.43,7,0,0,ATM,2026-01-23,01:26,0
904.36,447.12,5,0,0,ATM,2026-01-23,01:56,0
206.95,247.39,5,0,0,ATM,2026-01-23,01:57,0
1763.0,990.11,6,0,0,UPI,2026-01-23,02:04,0
130.8,100.0,5,0,0,Online,2026-01-23,02:18,1
1592.59,934.47,5,0,0,UPI,2026-01-23,03:12,0
170.03,118.53,7,0,0,Card,2026-01-23,03:35,0
403.08,328.76,3,1,1,Card,2026-01-23,03:37,0
265.96,108.59,3,0,0,UPI,2026-01-23,03:37,0
301.22,307.8,3,0,1,UPI,2026-01-23,03:42,0
797.24,838.44,8,0,0,Card,2026-01-23,03:47,0
1443.54,766.79,5,0,0,Online,2026-01-23,04:15,0
1109.81,1141.61,3,0,0,Card,2026-01-23,04:22,0
285.97,187.94,7,0,0,ATM,2026-01-23,04:37,0
471.83,334.83,4,0,0,UPI,2026-01-23,04:59,0
207.52,237.8,5,0,0,Bank Transfer,2026-01-23,05:42,0
173.67,192.45,6,0,0,Bank Transfer,2026-01-23,06:10,0
152.27,101.84,2,0,0,UPI,2026-01-23,06:36,0
278.12,212.73,4,0,0,ATM,2026-01-23,06:44,0
498.78,296.05,6,1,0,Bank Transfer,2026-01-23,07:29,0
79.44,100.0,6,0,0,Online,2026-01-23,07:45,0
387.84,360.55,5,0,0,ATM,2026-01-23,07:47,0
1463.55,627.52,6,0,0,Bank Transfer,2026-01-23,08:35,0
1046.94,1184.99,7,0,0,ATM,2026-01-23,08:57,0
245.33,235.77,7,0,0,Online,2026-01-23,09:14,0
123.06,100.0,1,0,0,Card,2026-01-23,09:27,0
596.37,649.23,9,0,1,Online,2026-01-23,09:34,0
56.27,100.0,4,0,0,UPI,2026-01-23,09:37,0
1036.53,638.66,3,0,0,Card,2026-01-23,09:52,0
336.45,266.88,1,0,0,Bank Transfer,2026-01-23,10:19,0
1913.34,2068.53,6,0,0,Bank Transfer,2026-01-23,10:22,0
92.95,109.02,6,0,0,Card,2026-01-23,10:22,0
880.44,518.51,3,0,0,Card,2026-01-23,11:19,0
370.39,334.46,5,0,0,Card,2026-01-23,11:48,0
304.48,329.21,5,0,0,ATM,2026-01-23,11:52,0
125.92,149.84,6,0,0,Card,2026-01-23,12:12,0
669.4,274.53,6,0,0,Online,2026-01-23,12:16,0
716.74,557.68,4,0,0,Online,2026-01-23,13:22,0
1839.7,2010.09,4,0,0,Card,2026-01-23,13:22,0
950.36,335.18,2,0,0,Card,2026-01-23,13:28,0
243.52,175.73,3,0,1,Card,2026-01-23,14:06,0
171.87,145.5,2,0,0,UPI,2026-01-23,14:18,0
126.06,100.54,5,0,0,UPI,2026-01-23,14:28,0
1411.26,1372.96,4,0,0,ATM,2026-01-23,14:30,0
208.21,100.0,1,0,0,Card,2026-01-23,14:52,0
1419.69,1444.68,5,1,0,ATM,2026-01-23,15:18,0
630.37,372.36,6,0,0,UPI,2026-01-23,15:31,0
534.01,561.03,6,0,0,UPI,2026-01-23,15:41,0
310.8,219.6,3,0,0,ATM,2026-01-23,15:54,0
707.38,273.39,6,0,0,Card,2026-01-23,16:00,0
398.16,465.58,6,0,0,Online,2026-01-23,16:36,0
294.76,298.73,3,0,0,UPI,2026-01-23,17:04,0
728.95,470.64,4,0,1,UPI,2026-01-23,17:37,0
356.96,206.87,7,0,0,Bank Transfer,2026-01-23,17:59,0
204.67,174.1,3,0,0,Online,2026-01-23,18:04,0
671.73,798.82,6,0,1,Card,2026-01-23,18:04,0
382.07,227.96,4,0,0,Online,2026-01-23,18:35,0
611.29,706.67,4,0,0,Online,2026-01-23,18:40,0
274.3,173.04,5,0,0,Online,2026-01-23,18:40,0
144.35,136.91,6,0,0,UPI,2026-01-23,18:49,0
1763.07,1189.15,6,0,0,Card,2026-01-23,18:51,0
1502.1,634.33,4,0,0,Online,2026-01-23,19:48,1
855.1,979.74,3,0,1,Online,2026-01-23,20:01,0
290.14,141.98,8,0,0,UPI,2026-01-23,20:14,0
312.54,360.35,6,0,0,Card,2026-01-23,20:20,0
1306.33,571.93,5,0,0,Online,2026-01-23,20:26,0
298.64,172.29,3,0,0,UPI,2026-01-23,20:33,0
235.65,266.94,4,0,0,UPI,2026-01-23,20:42,0
1981.08,1802.31,7,0,0,Bank Transfer,2026-01-23,20:42,0
387.41,197.99,8,0,0,Bank Transfer,2026-01-23,21:05,0
1813.77,1547.65,6,0,0,Bank Transfer,2026-01-23,21:16,0
122.9,100.0,4,0,1,Card,2026-01-23,21:18,0
626.69,685.15,4,0,0,Card,2026-01-23,21:30,0
2345.89,920.42,2,0,0,Card,2026-01-23,21:37,0
413.76,331.14,8,0,0,Online,2026-01-23,22:01,0
322.34,130.21,8,0,0,Bank Transfer,2026-01-23,22:02,0
149.52,140.66,9,0,0,Online,2026-01-23,22:06,0
1012.31,1159.53,7,0,0,Card,2026-01-23,22:09,0
209.64,221.46,6,0,1,Bank Transfer,2026-01-23,22:42,0
372.19,247.87,8,0,1,Online,2026-01-23,22:44,0
141.27,100.0,2,0,0,UPI,2026-01-23,22:49,0
1515.29,686.23,4,0,0,UPI,2026-01-23,23:05,0
1076.7,1176.38,3,0,0,Online,2026-01-23,23:22,0
392.74,164.54,5,0,0,Online,2026-01-23,23:48,0
151.26,133.79,5,0,0,Online,2026-01-23,23:58,0
1488.5,985.65,3,0,0,Online,2026-01-24,00:03,0
295.59,353.64,2,0,0,Bank Transfer,2026-01-24,00:26,0
157.68,123.39,5,0,0,Bank Transfer,2026-01-24,00:29,0
90.22,100.0,5,0,0,Online,2026-01-24,00:40,0
232.97,263.31,7,0,0,Online,2026-01-24,00:50,0
117.16,137.57,6,0,0,Card,2026-01-24,01:12,0
237.6,201.03,3,0,0,Bank Transfer,2026-01-24,01:28,0
759.57,779.89,3,0,0,Online,2026-01-24,02:00,0
293.22,260.83,3,0,1,Bank Transfer,2026-01-24,02:08,0
545.85,389.35,7,0,1,Online,2026-01-24,02:22,0
218.15,100.0,5,0,1,Bank Transfer,2026-01-24,02:40,0
426.41,409.39,6,0,0,Online,2026-01-24,02:44,0
2064.75,1951.65,7,0,0,UPI,2026-01-24,02:44,0
300.0,134.76,4,0,0,Online,2026-01-24,03:10,0
559.34,305.16,6,0,1,Bank Transfer,2026-01-24,03:17,0
106.62,103.67,3,1,0,ATM,2026-01-24,03:31,1
1468.64,700.91,5,0,0,UPI,2026-01-24,03:31,0
268.91,252.05,3,0,0,Bank Transfer,2026-01-24,04:19,0
985.31,946.17,4,0,0,Online,2026-01-24,04:21,0
363.32,236.29,4,0,0,Card,2026-01-24,04:22,1
678.47,386.36,4,0,0,Online,2026-01-24,04:24,0
713.63,476.05,5,0,0,UPI,2026-01-24,04:40,0
274.63,179.97,4,0,0,UPI,2026-01-24,05:24,0
1020.57,883.78,7,0,1,Online,2026-01-24,05:37,1
211.63,207.88,7,0,0,Online,2026-01-24,05:45,0
781.52,845.99,3,0,0,Card,2026-01-24,06:03,0
289.55,108.72,5,0,0,Online,2026-01-24,06:17,0
543.01,525.4,4,0,0,Bank Transfer,2026-01-24,06:44,0
272.41,168.09,6,0,0,UPI,2026-01-24,08:06,0
420.94,447.39,5,0,0,Bank Transfer,2026-01-24,08:19,0
161.82,100.0,8,0,0,Card,2026-01-24,08:37,0
497.91,407.54,6,0,1,Online,2026-01-24,08:49,0
418.87,341.95,7,0,1,UPI,2026-01-24,09:38,0
254.9,159.96,3,0,0,UPI,2026-01-24,09:43,0
384.99,452.28,6,0,0,Card,2026-01-24,10:36,0
452.1,199.32,3,1,0,Online,2026-01-24,10:38,0
238.91,111.32,6,0,0,Online,2026-01-24,10:49,0
361.61,324.59,2,0,0,UPI,2026-01-24,10:49,0
171.62,135.09,4,0,0,ATM,2026-01-24,10:51,0
2962.75,1702.98,9,0,0,Card,2026-01-24,11:15,0
992.52,604.08,6,0,0,ATM,2026-01-24,11:22,0
508.84,246.01,6,0,0,Bank Transfer,2026-01-24,11:32,0
1092.58,1188.29,5,0,0,Online,2026-01-24,11:34,0
75.01,100.0,6,0,0,UPI,2026-01-24,11:39,0
45.88,100.0,4,0,0,UPI,2026-01-24,12:40,0
287.32,196.65,2,0,0,Bank Transfer,2026-01-24,12:51,0
124.99,140.07,3,1,0,Online,2026-01-24,12:54,0
329.93,364.18,4,0,0,Card,2026-01-24,12:57,0
480.49,196.4,6,1,1,Card,2026-01-24,13:05,0
882.14,799.21,8,0,1,UPI,2026-01-24,13:26,0
153.31,100.0,5,0,1,UPI,2026-01-24,13:56,0
566.62,299.88,6,0,0,Card,2026-01-24,14:39,0
408.39,442.93,8,0,1,Card,2026-01-24,14:40,0
542.06,602.18,4,0,0,Bank Transfer,2026-01-24,15:07,0
259.35,109.0,5,0,0,ATM,2026-01-24,15:57,0
1307.23,1428.59,4,0,1,Online,2026-01-24,16:28,0
369.45,358.08,7,0,0,Online,2026-01-24,16:50,0
1822.66,1839.71,4,0,0,Online,2026-01-24,17:25,0
206.06,210.81,3,0,0,Card,2026-01-24,17:31,0
758.55,592.54,5,0,0,Online,2026-01-24,17:33,0
383.48,442.87,4,0,0,Online,2026-01-24,17:48,0
305.34,158.87,6,0,0,ATM,2026-01-24,18:05,0
690.54,538.08,5,1,0,UPI,2026-01-24,18:07,0
312.84,194.2,7,0,0,Card,2026-01-24,18:15,0
41.99,100.0,5,1,1,UPI,2026-01-24,18:17,0
29.86,100.0,6,0,0,Card,2026-01-24,18:22,0
1189.82,855.04,6,0,0,ATM,2026-01-24,18:41,0
1147.93,1156.49,5,0,0,Card,2026-01-24,18:57,0
2006.69,1235.09,5,0,0,Card,2026-01-24,19:00,0
397.46,220.36,5,0,0,Card,2026-01-24,19:08,0
134.46,100.0,4,0,0,Online,2026-01-24,19:15,0
282.41,270.14,5,1,0,Online,2026-01-24,19:17,1
407.37,241.88,5,0,0,Card,2026-01-24,19:21,0
171.4,118.66,4,0,0,Online,2026-01-24,19:48,0
1638.09,1333.11,8,0,1,Online,2026-01-24,20:00,0
2706.95,3112.03,2,0,0,UPI,2026-01-24,20:01,0
605.79,621.06,3,0,0,UPI,2026-01-24,20:49,0
399.72,202.85,4,0,0,Card,2026-01-24,22:02,0
134.19,147.7,2,0,0,Bank Transfer,2026-01-24,22:43,0
1501.87,1604.08,4,0,0,Online,2026-01-24,22:46,0
430.46,423.33,5,0,0,Online,2026-01-24,22:50,0
315.52,249.06,6,0,0,Online,2026-01-24,23:25,0
607.28,248.59,3,0,0,Bank Transfer,2026-01-24,23:37,0
245.22,234.13,2,0,0,Card,2026-01-24,23:43,0
457.07,361.36,8,0,0,Online,2026-01-25,00:09,0
118.38,100.0,3,0,0,UPI,2026-01-25,00:14,0
1016.4,364.33,4,0,0,UPI,2026-01-25,00:16,0
369.17,201.71,4,0,0,Card,2026-01-25,00:18,0
1080.29,934.27,5,0,0,Online,2026-01-25,00:39,1
340.03,151.47,5,0,0,Online,2026-01-25,00:42,0
359.33,325.95,5,0,0,ATM,2026-01-25,01:44,0
143.96,150.69,3,0,0,Online,2026-01-25,02:16,1
769.54,477.46,3,0,0,UPI,2026-01-25,02:36,0
191.62,100.0,3,0,0,Bank Transfer,2026-01-25,02:40,0
266.81,125.07,4,0,0,UPI,2026-01-25,02:41,0
403.79,264.17,4,1,0,Bank Transfer,2026-01-25,02:51,0
447.22,465.74,7,0,1,UPI,2026-01-25,03:03,0
94.62,100.0,7,0,0,Bank Transfer,2026-01-25,03:11,0
331.56,360.64,4,0,0,Card,2026-01-25,03:34,0
793.1,947.96,4,0,0,Bank Transfer,2026-01-25,03:48,0
292.48,152.73,5,0,0,Card,2026-01-25,03:49,0
333.28,313.48,6,0,0,Card,2026-01-25,04:20,0
463.15,345.76,6,0,0,UPI,2026-01-25,04:55,0
362.47,278.9,4,0,0,UPI,2026-01-25,05:23,0
168.02,105.3,3,0,0,Card,2026-01-25,05:52,0
391.16,250.78,6,0,0,Online,2026-01-25,05:59,0
939.14,868.55,3,0,0,UPI,2026-01-25,06:20,0
165.09,144.9,7,0,0,Card,2026-01-25,06:36,0
293.45,182.15,6,0,0,UPI,2026-01-25,07:40,0
124.66,100.0,4,0,0,UPI,2026-01-25,08:04,0
898.0,755.68,5,0,0,UPI,2026-01-25,08:18,0
372.97,364.95,3,0,0,UPI,2026-01-25,08:21,0
195.85,161.54,7,0,0,ATM,2026-01-25,08:24,0
436.34,154.07,4,0,0,UPI,2026-01-25,08:25,0
145.03,100.0,2,0,0,Card,2026-01-25,08:27,0
167.59,169.57,7,0,0,Card,2026-01-25,08:28,0
116.62,114.42,4,0,0,Bank Transfer,2026-01-25,08:42,0
162.92,100.0,5,0,0,Card,2026-01-25,08:44,0
1278.88,958.84,4,0,0,Bank Transfer,2026-01-25,09:27,0
216.34,156.14,6,0,0,Bank Transfer,2026-01-25,09:28,0
599.62,542.32,6,0,0,Bank Transfer,2026-01-25,09:31,0
198.17,100.0,3,0,0,Card,2026-01-25,09:46,0
769.39,675.68,2,0,0,UPI,2026-01-25,09:53,0
168.65,194.77,7,0,0,Bank Transfer,2026-01-25,09:54,0
417.11,277.79,5,0,0,Online,2026-01-25,10:00,0
421.97,268.69,5,0,1,ATM,2026-01-25,10:23,0
2917.94,1091.41,4,1,0,Online,2026-01-25,10:36,0
689.43,274.93,8,0,0,UPI,2026-01-25,10:37,0
243.72,278.29,7,0,0,Online,2026-01-25,10:55,0
722.19,851.59,6,0,0,Online,2026-01-25,11:21,0
2483.56,881.16,4,0,0,UPI,2026-01-25,11:55,0
100.97,112.64,5,0,1,Online,2026-01-25,11:59,0
197.14,100.0,3,0,0,UPI,2026-01-25,12:52,0
329.85,272.84,3,0,0,Online,2026-01-25,13:13,0
283.01,262.18,3,0,1,ATM,2026-01-25,13:13,0
304.04,199.21,6,0,0,Online,2026-01-25,13:25,0
133.14,106.46,6,0,0,ATM,2026-01-25,13:28,0
1330.57,1175.44,6,0,0,UPI,2026-01-25,13:51,0
120.4,100.0,5,0,0,Card,2026-01-25,13:55,0
340.3,406.7,6,1,0,UPI,2026-01-25,14:07,0
981.38,513.55,6,0,0,UPI,2026-01-25,14:22,0
393.21,141.08,5,0,1,Bank Transfer,2026-01-25,14:41,0
175.48,202.26,3,0,0,Online,2026-01-25,15:00,0
128.2,100.0,4,0,0,ATM,2026-01-25,15:05,0
331.79,228.55,4,0,0,Bank Transfer,2026-01-25,15:13,0
211.99,123.87,8,0,1,UPI,2026-01-25,15:38,0
480.32,178.66,9,0,0,Online,2026-01-25,15:47,0
122.58,100.0,6,0,0,UPI,2026-01-25,15:48,0
805.19,551.0,10,0,0,Online,2026-01-25,15:55,0
445.06,352.61,4,0,0,Online,2026-01-25,15:55,0
474.07,350.34,9,0,0,Online,2026-01-25,16:02,0
1373.22,1506.67,3,0,0,Card,2026-01-25,16:09,0
278.07,312.73,4,0,0,Card,2026-01-25,16:15,0
217.69,134.87,6,0,0,UPI,2026-01-25,16:42,0
253.26,295.2,7,0,0,UPI,2026-01-25,16:50,0
342.53,371.71,2,0,0,UPI,2026-01-25,16:53,0
373.41,425.12,8,0,0,Card,2026-01-25,17:02,0
199.12,189.24,5,0,0,Online,2026-01-25,17:04,0
72.27,100.0,7,0,0,Card,2026-01-25,17:15,0
250.44,129.21,3,0,0,Bank Transfer,2026-01-25,17:52,0
547.77,614.79,6,0,0,Card,2026-01-25,18:04,0
452.97,353.76,8,0,0,Bank Transfer,2026-01-25,18:55,0
1118.36,1237.91,6,0,0,Online,2026-01-25,19:03,0
2126.35,2046.54,1,0,0,Bank Transfer,2026-01-25,19:09,0
769.26,408.2,8,0,0,Card,2026-01-25,19:37,0
1306.55,884.59,5,0,0,UPI,2026-01-25,20:07,0
774.14,907.8,5,0,0,Card,2026-01-25,20:33,0
1725.75,632.74,8,0,0,Card,2026-01-25,21:33,0
1945.41,1862.52,4,0,0,Card,2026-01-25,21:39,0
905.5,1070.27,4,0,0,Online,2026-01-25,21:52,0
735.41,322.49,7,0,0,Bank Transfer,2026-01-25,22:15,0
338.85,196.94,3,0,0,Online,2026-01-25,23:30,1
389.5,317.43,5,0,0,Online,2026-01-25,23:32,1
302.73,323.07,7,0,0,ATM,2026-01-26,00:08,0
684.07,533.94,4,0,0,Bank Transfer,2026-01-26,00:12,0
218.7,100.0,4,0,1,Bank Transfer,2026-01-26,00:31,0
342.94,157.1,4,0,0,Online,2026-01-26,01:41,0
54.49,100.0,2,0,0,Card,2026-01-26,01:45,0
1745.2,1089.29,3,0,0,Card,2026-01-26,01:53,0
334.49,179.53,3,0,0,Online,2026-01-26,01:59,0
594.22,632.31,5,0,0,Card,2026-01-26,02:06,0
1392.87,519.33,5,0,0,Online,2026-01-26,02:32,0
520.74,549.35,5,0,0,UPI,2026-01-26,03:03,0
1377.04,1560.78,5,0,0,Online,2026-01-26,03:46,0
140.4,124.34,4,0,0,UPI,2026-01-26,04:05,0
3095.7,2729.01,5,0,1,Bank Transfer,2026-01-26,04:10,0
1016.42,484.49,7,0,0,Card,2026-01-26,04:37,0
481.94,401.49,9,0,0,UPI,2026-01-26,04:39,0
1354.68,906.14,4,0,1,Bank Transfer,2026-01-26,04:56,1
149.4,100.0,3,0,0,Bank Transfer,2026-01-26,05:07,0
315.66,267.0,4,0,0,Card,2026-01-26,05:13,0
1376.93,483.32,3,0,0,Card,2026-01-26,06:09,0
82.52,100.0,9,0,0,UPI,2026-01-26,06:10,0
649.62,589.62,9,0,0,Bank Transfer,2026-01-26,06:14,0
634.19,467.26,6,0,0,ATM,2026-01-26,06:32,0
2151.33,1019.29,5,0,0,UPI,2026-01-26,06:33,0
105.06,100.0,3,0,0,ATM,2026-01-26,06:59,0
1584.76,918.96,3,0,0,ATM,2026-01-26,07:13,0
250.75,204.79,6,0,0,UPI,2026-01-26,07:42,0
275.9,221.92,8,0,0,Card,2026-01-26,08:02,0
142.78,100.0,6,0,0,Online,2026-01-26,08:48,0
160.02,139.48,8,0,0,Card,2026-01-26,08:50,0
568.5,681.68,2,0,0,Online,2026-01-26,09:07,0
156.73,132.77,5,0,0,UPI,2026-01-26,09:24,0
756.91,604.39,4,0,1,Bank Transfer,2026-01-26,09:53,0
229.63,201.9,8,1,0,ATM,2026-01-26,10:02,1
143.87,157.93,4,0,0,Card,2026-01-26,10:08,0
257.59,297.28,5,0,0,Online,2026-01-26,10:26,0
537.11,206.72,7,0,0,ATM,2026-01-26,10:48,0
318.7,167.08,4,1,0,Card,2026-01-26,11:05,1
415.33,186.23,6,0,0,Card,2026-01-26,11:43,0
729.07,733.81,5,0,0,Card,2026-01-26,12:09,0
1012.38,393.54,6,0,0,UPI,2026-01-26,12:09,0
309.95,346.29,3,0,0,ATM,2026-01-26,13:06,0
166.07,100.0,6,1,0,Bank Transfer,2026-01-26,13:42,0
430.39,371.06,10,1,0,Card,2026-01-26,13:44,0
601.88,351.64,3,0,0,Online,2026-01-26,13:44,0
116.56,100.0,3,0,0,Online,2026-01-26,13:47,0
189.23,137.31,6,0,0,UPI,2026-01-26,14:03,0
218.92,215.97,2,0,0,Card,2026-01-26,14:21,0
338.1,261.06,7,0,0,Online,2026-01-26,14:46,0
211.27,149.58,7,0,0,Bank Transfer,2026-01-26,14:47,0
735.82,714.29,6,0,0,Bank Transfer,2026-01-26,15:16,0
103.09,117.21,4,0,0,UPI,2026-01-26,15:34,0
105.34,107.96,9,0,0,UPI,2026-01-26,15:38,0
303.75,296.52,2,0,0,UPI,2026-01-26,16:15,0
347.48,265.67,1,0,0,UPI,2026-01-26,16:25,0
117.16,130.66,2,1,0,Card,2026-01-26,16:29,0
240.87,183.87,8,1,0,ATM,2026-01-26,17:06,0
286.89,327.27,3,0,0,Card,2026-01-26,17:14,0
288.79,298.17,6,0,0,Online,2026-01-26,17:18,0
459.02,219.28,6,0,1,UPI,2026-01-26,17:18,0
229.9,100.0,3,0,0,ATM,2026-01-26,17:39,0
1416.81,1388.08,4,0,0,Online,2026-01-26,18:07,0
610.92,569.97,3,0,1,UPI,2026-01-26,18:24,0
203.15,175.07,6,0,0,Online,2026-01-26,18:48,0
437.18,515.78,8,0,0,Card,2026-01-26,18:51,0
448.28,364.72,5,0,0,ATM,2026-01-26,18:54,0
1132.87,731.51,6,1,0,Online,2026-01-26,19:03,0
242.18,201.06,3,0,0,Online,2026-01-26,19:08,0
774.52,289.79,5,0,0,Online,2026-01-26,19:25,0
418.04,352.15,4,1,0,UPI,2026-01-26,19:30,0
1433.44,1601.25,6,0,0,Online,2026-01-26,19:30,0
1208.65,427.48,7,0,0,ATM,2026-01-26,19:59,0
476.96,509.64,3,1,0,Card,2026-01-26,20:05,0
322.81,333.02,5,0,0,Online,2026-01-26,20:21,0
620.56,273.16,4,0,0,ATM,2026-01-26,21:30,0
346.06,370.22,7,0,0,Online,2026-01-26,22:39,0
1682.88,1681.22,3,0,0,Card,2026-01-26,22:47,0
431.26,330.94,8,0,0,ATM,2026-01-26,22:48,0
285.77,159.59,4,0,0,Card,2026-01-27,00:49,0
272.96,162.38,5,0,0,Online,2026-01-27,01:35,1
143.87,125.23,4,0,0,UPI,2026-01-27,02:15,0
647.47,362.17,1,0,0,Online,2026-01-27,02:17,0
200.94,125.9,5,1,0,Online,2026-01-27,02:18,0
1026.0,1170.89,7,0,0,ATM,2026-01-27,02:52,0
134.42,130.38,4,0,0,UPI,2026-01-27,03:00,0
449.51,438.57,9,0,0,Online,2026-01-27,03:12,0
1072.44,1246.76,1,0,0,UPI,2026-01-27,03:16,0
64.75,100.0,8,0,1,Bank Transfer,2026-01-27,03:47,1
2242.9,1251.12,2,0,0,Card,2026-01-27,04:16,0
281.04,255.55,7,0,0,UPI,2026-01-27,04:25,0
454.83,328.63,5,0,0,Bank Transfer,2026-01-27,04:34,0
655.72,292.37,6,1,0,Bank Transfer,2026-01-27,04:42,1
747.86,758.36,5,0,1,Online,2026-01-27,04:54,0
509.18,198.59,5,0,0,UPI,2026-01-27,05:13,0
941.78,764.99,4,0,0,UPI,2026-01-27,05:27,0
627.17,519.35,9,0,0,Card,2026-01-27,05:37,0
1802.17,1604.96,2,0,0,Online,2026-01-27,05:37,0
628.9,388.84,6,0,0,ATM,2026-01-27,05:45,0
2142.95,793.02,3,0,0,UPI,2026-01-27,05:50,0
867.76,959.43,4,0,0,Online,2026-01-27,06:00,0
86.93,100.0,8,0,0,Online,2026-01-27,06:51,0
3712.41,2820.28,4,0,0,Card,2026-01-27,07:24,0
247.6,100.0,7,0,0,Bank Transfer,2026-01-27,07:46,0
1438.29,1213.55,4,0,0,UPI,2026-01-27,07:51,0
412.72,255.29,4,0,0,UPI,2026-01-27,08:06,0
994.19,502.18,5,0,0,Bank Transfer,2026-01-27,08:12,0
224.71,110.92,6,0,0,Bank Transfer,2026-01-27,08:52,0
686.69,344.97,5,0,0,ATM,2026-01-27,08:54,0
325.31,205.34,8,0,1,UPI,2026-01-27,08:56,0
1544.03,908.7,4,0,0,ATM,2026-01-27,09:07,0
585.74,621.44,4,0,0,Online,2026-01-27,09:22,0
893.86,689.18,9,0,0,Online,2026-01-27,09:33,0
64.11,100.0,2,0,0,Bank Transfer,2026-01-27,09:43,0
375.13,177.79,5,0,0,UPI,2026-01-27,10:01,0
571.9,625.95,5,0,0,Bank Transfer,2026-01-27,11:46,0
487.88,193.49,4,0,1,Bank Transfer,2026-01-27,12:15,0
913.23,505.56,7,1,0,Card,2026-01-27,12:22,0
295.59,259.6,6,0,0,UPI,2026-01-27,12:40,0
420.51,398.21,3,0,0,Card,2026-01-27,13:36,0
1101.08,1135.19,7,0,0,Online,2026-01-27,14:01,0
58.16,100.0,6,0,0,Online,2026-01-27,14:46,0
665.77,429.24,4,0,0,Online,2026-01-27,14:52,0
303.75,180.81,5,0,0,Card,2026-01-27,15:12,0
185.77,154.73,8,0,0,Card,2026-01-27,15:18,0
537.03,347.11,5,1,0,UPI,2026-01-27,15:54,1
1145.2,720.19,4,1,0,Online,2026-01-27,16:01,0
975.81,355.54,4,0,0,Card,2026-01-27,16:06,0
359.66,415.79,1,0,0,Online,2026-01-27,16:15,0
849.27,340.99,6,0,0,ATM,2026-01-27,16:15,0
843.75,489.58,5,0,0,UPI,2026-01-27,16:30,0
374.55,424.45,7,0,0,ATM,2026-01-27,16:44,0
223.83,218.24,2,0,0,Bank Transfer,2026-01-27,17:08,0
235.11,197.83,7,0,0,Card,2026-01-27,17:23,0
822.36,749.74,5,0,0,UPI,2026-01-27,17:45,0
389.23,168.34,12,0,0,UPI,2026-01-27,18:16,1
165.79,171.99,7,1,0,Card,2026-01-27,18:34,0
96.34,100.0,3,0,0,Online,2026-01-27,18:44,0
818.16,951.34,8,0,0,UPI,2026-01-27,18:56,0
253.47,138.56,5,0,0,Online,2026-01-27,18:58,0
534.23,470.96,3,0,0,Card,2026-01-27,19:03,1
1157.19,941.4,4,0,0,Card,2026-01-27,20:02,0
132.61,100.0,3,0,0,Card,2026-01-27,20:07,0
388.24,255.65,1,0,0,Online,2026-01-27,20:40,0
348.94,353.86,5,0,0,Bank Transfer,2026-01-27,20:53,0
557.12,295.66,6,0,0,Card,2026-01-27,21:07,0
1156.65,1351.47,6,0,0,ATM,2026-01-27,21:16,0
130.32,100.0,5,0,0,UPI,2026-01-27,22:05,0
654.8,578.0,6,0,0,UPI,2026-01-27,22:38,0
969.51,849.33,3,0,0,Bank Transfer,2026-01-27,22:41,0
344.32,258.3,3,0,1,Online,2026-01-27,22:52,0
358.95,325.58,6,0,1,Online,2026-01-27,23:01,0
575.75,565.41,5,0,0,ATM,2026-01-27,23:05,1
540.82,473.84,6,0,1,UPI,2026-01-27,23:13,1
661.82,546.66,5,0,0,Online,2026-01-27,23:29,0
650.08,562.73,3,0,0,Card,2026-01-27,23:36,0
175.09,121.11,4,1,0,Card,2026-01-27,23:51,0
936.1,384.03,4,0,0,Online,2026-01-28,00:04,0
1087.64,528.31,5,0,0,Online,2026-01-28,00:09,0
472.56,409.1,2,0,0,UPI,2026-01-28,00:13,0
113.29,128.94,4,0,0,Online,2026-01-28,00:13,0
365.94,136.09,8,0,0,Bank Transfer,2026-01-28,00:14,0
475.92,386.65,4,0,0,UPI,2026-01-28,00:39,0
152.49,100.0,7,0,0,UPI,2026-01-28,01:11,0
297.04,245.8,4,0,0,Card,2026-01-28,01:24,0
121.76,120.2,5,0,0,Bank Transfer,2026-01-28,01:25,0
676.0,659.19,7,0,0,Bank Transfer,2026-01-28,01:44,0
464.55,448.82,9,0,0,Online,2026-01-28,01:52,0
99.59,100.8,2,0,0,UPI,2026-01-28,03:04,0
543.89,223.93,6,0,1,Online,2026-01-28,03:20,0
384.51,301.12,5,0,1,Card,2026-01-28,04:04,1
625.75,358.25,7,0,0,Card,2026-01-28,04:26,0
289.22,327.71,5,0,0,Bank Transfer,2026-01-28,04:48,0
204.13,207.28,4,0,0,Online,2026-01-28,04:50,0
209.51,100.0,5,0,0,UPI,2026-01-28,04:56,0
255.33,142.16,3,0,0,UPI,2026-01-28,04:58,0
409.94,302.1,7,0,0,Bank Transfer,2026-01-28,05:52,1
457.49,534.57,4,0,1,ATM,2026-01-28,05:55,0
343.05,152.05,3,1,0,Card,2026-01-28,05:57,0
281.51,234.44,4,1,1,ATM,2026-01-28,07:19,1
299.26,191.55,4,0,0,ATM,2026-01-28,07:27,0
3400.12,3058.03,5,0,0,Bank Transfer,2026-01-28,07:27,0
209.53,188.87,7,0,0,Online,2026-01-28,07:52,0
251.07,139.22,5,0,0,ATM,2026-01-28,07:53,0
6632.76,6751.74,3,0,0,UPI,2026-01-28,08:06,0
577.01,246.71,6,0,0,UPI,2026-01-28,08:32,0
124.84,130.51,10,0,0,ATM,2026-01-28,08:35,0
825.74,437.79,4,0,0,UPI,2026-01-28,09:04,0
186.13,158.43,8,0,1,ATM,2026-01-28,09:13,0
873.67,563.7,4,1,0,Online,2026-01-28,09:30,0
337.2,292.8,8,0,0,Online,2026-01-28,09:42,0
277.6,160.26,7,0,0,UPI,2026-01-28,09:51,0
1584.13,1320.56,6,0,0,Online,2026-01-28,10:17,0
652.91,233.07,1,0,0,UPI,2026-01-28,10:42,0
922.46,616.47,6,0,0,ATM,2026-01-28,10:50,0
583.87,614.48,8,1,0,Card,2026-01-28,10:51,0
276.5,205.6,5,1,1,Online,2026-01-28,11:13,0
678.34,525.29,8,0,0,Online,2026-01-28,11:14,0
1127.58,990.4,5,0,1,Bank Transfer,2026-01-28,11:27,0
452.38,325.3,9,0,0,UPI,2026-01-28,11:40,0
1865.71,2028.05,5,0,0,Card,2026-01-28,11:44,0
831.24,575.9,4,0,0,Bank Transfer,2026-01-28,12:25,0
483.08,556.11,5,0,0,Bank Transfer,2026-01-28,12:46,0
499.58,547.24,5,0,0,UPI,2026-01-28,12:51,0
453.34,320.93,8,0,0,Online,2026-01-28,13:01,0
139.27,100.0,5,0,0,Card,2026-01-28,13:27,0
373.69,345.72,4,0,0,Card,2026-01-28,13:33,0
486.88,482.99,4,0,1,Online,2026-01-28,13:53,0
283.25,143.89,5,0,0,Bank Transfer,2026-01-28,13:53,0
537.55,298.28,3,0,0,UPI,2026-01-28,13:58,0
410.8,194.85,6,0,0,Online,2026-01-28,14:04,0
778.71,776.05,2,0,0,Bank Transfer,2026-01-28,14:09,0
708.85,678.54,4,0,0,Bank Transfer,2026-01-28,14:29,0
465.02,237.48,5,0,0,Card,2026-01-28,15:26,0
126.2,101.76,7,1,0,ATM,2026-01-28,16:39,0
1848.47,1847.74,2,0,0,Card,2026-01-28,17:01,0
357.59,413.01,7,0,1,Online,2026-01-28,17:05,0
376.62,188.97,8,0,0,UPI,2026-01-28,17:15,0
301.53,183.53,11,0,0,UPI,2026-01-28,17:32,0
266.36,172.09,5,0,0,Bank Transfer,2026-01-28,17:50,0
1498.84,1320.83,7,0,0,UPI,2026-01-28,17:52,0
1310.47,610.62,6,0,0,Online,2026-01-28,18:22,0
588.59,302.78,5,0,0,Online,2026-01-28,18:29,0
368.2,373.12,7,0,0,Online,2026-01-28,18:36,0
682.83,553.6,5,0,0,Online,2026-01-28,18:53,0
429.55,208.9,3,0,0,Bank Transfer,2026-01-28,19:29,0
343.2,233.43,3,0,0,Bank Transfer,2026-01-28,20:11,0
537.75,249.69,3,1,0,Card,2026-01-28,20:12,0
277.28,182.53,2,0,0,UPI,2026-01-28,20:34,0
499.91,345.02,7,0,0,Online,2026-01-28,22:24,0
479.9,213.7,4,0,0,Online,2026-01-28,23:03,0
673.51,269.98,5,0,0,Online,2026-01-28,23:15,0
238.35,262.03,4,0,0,Online,2026-01-28,23:41,0
737.76,814.85,4,0,0,Bank Transfer,2026-01-29,00:00,0
186.72,100.0,6,0,0,Bank Transfer,2026-01-29,00:43,0
247.97,221.94,3,0,0,Bank Transfer,2026-01-29,00:54,1
257.34,110.56,3,0,0,ATM,2026-01-29,00:59,0
162.19,168.45,8,0,0,Online,2026-01-29,01:13,0
956.53,1049.91,5,0,0,Online,2026-01-29,01:21,0
177.03,154.74,7,1,0,UPI,2026-01-29,01:22,0
222.72,194.03,3,1,0,Card,2026-01-29,01:27,0
1172.74,780.76,3,0,1,Online,2026-01-29,01:32,0
248.39,139.61,7,0,0,UPI,2026-01-29,01:51,0
343.81,266.24,4,0,0,ATM,2026-01-29,02:35,0
170.68,100.0,6,0,0,UPI,2026-01-29,03:05,0
818.94,754.56,10,0,0,UPI,2026-01-29,03:15,0
828.59,621.09,5,0,1,UPI,2026-01-29,04:18,1
756.05,378.75,4,0,0,Online,2026-01-29,05:23,0
637.08,541.56,3,0,0,UPI,2026-01-29,06:45,0
429.47,440.65,5,0,0,Bank Transfer,2026-01-29,06:45,0
258.34,219.71,5,0,0,UPI,2026-01-29,06:48,0
201.8,161.48,7,0,0,Online,2026-01-29,06:57,0
1207.64,1292.85,7,0,0,Card,2026-01-29,07:00,0
772.85,277.56,5,0,0,ATM,2026-01-29,07:14,0
223.79,195.64,3,0,0,Online,2026-01-29,07:16,0
417.32,291.39,3,0,0,ATM,2026-01-29,07:36,0
312.59,160.84,9,0,0,UPI,2026-01-29,07:46,0
154.63,182.87,5,0,0,UPI,2026-01-29,08:22,0
469.19,325.26,2,0,0,Card,2026-01-29,08:32,0
283.39,179.95,5,0,0,Card,2026-01-29,08:33,0
179.53,100.0,6,0,0,Bank Transfer,2026-01-29,09:25,0
114.75,137.48,6,0,0,ATM,2026-01-29,09:55,0
106.78,115.07,4,0,0,Card,2026-01-29,10:44,0
294.21,120.47,3,0,0,Card,2026-01-29,10:54,0
375.28,311.82,7,0,0,Online,2026-01-29,11:00,0
191.71,100.0,5,0,0,Online,2026-01-29,11:09,0
701.44,672.27,5,0,0,Card,2026-01-29,11:34,0
381.57,290.55,4,1,0,UPI,2026-01-29,11:46,0
658.76,292.38,4,0,0,UPI,2026-01-29,11:58,0
345.34,284.38,1,0,0,Card,2026-01-29,12:25,0
206.63,232.27,6,0,0,Bank Transfer,2026-01-29,12:27,0
444.52,284.5,1,0,0,UPI,2026-01-29,12:51,0
137.93,100.0,13,0,0,ATM,2026-01-29,12:56,1
638.12,736.02,8,0,1,ATM,2026-01-29,13:20,0
181.89,100.0,2,0,0,Online,2026-01-29,13:53,0
880.51,663.72,8,0,0,Bank Transfer,2026-01-29,14:04,0
302.57,245.98,3,0,0,Card,2026-01-29,14:12,0
995.41,548.99,3,1,0,ATM,2026-01-29,14:14,0
155.36,100.0,2,0,0,Online,2026-01-29,14:26,0
226.76,101.17,7,0,0,UPI,2026-01-29,14:32,0
557.69,228.35,5,0,1,UPI,2026-01-29,14:56,0
1091.08,853.12,4,1,0,ATM,2026-01-29,15:05,0
1663.4,1772.71,5,0,0,Online,2026-01-29,15:06,0
417.87,191.28,6,0,0,ATM,2026-01-29,15:06,0
1923.85,1819.05,7,0,0,ATM,2026-01-29,15:10,0
315.38,221.0,5,0,0,ATM,2026-01-29,15:33,0
1026.54,390.03,4,1,0,Online,2026-01-29,15:41,0
181.12,145.9,2,0,0,Card,2026-01-29,15:50,0
576.61,325.33,1,0,1,ATM,2026-01-29,16:23,0
55.12,100.0,10,0,1,Online,2026-01-29,16:35,0
155.5,100.6,7,0,0,Online,2026-01-29,16:40,0
599.85,549.75,6,1,0,UPI,2026-01-29,17:27,0
132.21,149.5,5,0,0,Bank Transfer,2026-01-29,17:29,0
579.93,323.52,7,0,0,UPI,2026-01-29,17:30,0
871.74,1001.51,4,0,1,Online,2026-01-29,17:43,0
263.45,137.96,4,0,0,Online,2026-01-29,17:45,0
177.04,100.0,8,0,0,Online,2026-01-29,17:59,0
269.6,138.52,4,0,0,Card,2026-01-29,18:16,0
177.52,185.09,7,0,0,Card,2026-01-29,18:20,0
370.17,342.75,4,0,0,UPI,2026-01-29,18:35,0
440.0,517.09,7,0,0,UPI,2026-01-29,18:37,0
311.03,296.52,5,0,0,Card,2026-01-29,18:38,0
1674.39,1173.31,6,0,0,Card,2026-01-29,18:42,0
218.88,242.64,7,0,0,Online,2026-01-29,18:49,0
1316.48,1532.92,5,0,0,UPI,2026-01-29,19:02,0
166.49,170.31,4,0,0,Bank Transfer,2026-01-29,19:09,0
429.17,353.27,5,0,0,UPI,2026-01-29,19:44,0
1102.84,1160.07,1,0,0,UPI,2026-01-29,20:23,0
1055.38,530.0,3,0,0,Online,2026-01-29,20:25,0
282.25,314.79,3,0,0,Online,2026-01-29,21:06,0
646.65,775.74,6,0,0,Card,2026-01-29,21:27,0
577.09,528.25,3,0,1,ATM,2026-01-29,21:36,0
254.95,131.68,4,0,0,UPI,2026-01-29,21:37,0
681.0,321.96,4,0,0,Bank Transfer,2026-01-29,21:57,0
1964.75,2289.92,2,0,0,Card,2026-01-29,22:02,0
602.41,657.02,5,0,0,Online,2026-01-29,22:10,0
652.89,643.99,9,0,0,UPI,2026-01-29,22:15,0
714.32,826.29,13,0,0,Online,2026-01-29,22:21,0
116.53,100.0,6,1,0,Online,2026-01-29,22:23,0
596.57,658.96,9,0,0,UPI,2026-01-29,23:19,0
169.99,100.0,7,0,1,Online,2026-01-29,23:24,0
244.35,123.49,5,0,0,Card,2026-01-29,23:32,0
2534.24,1990.63,6,0,0,UPI,2026-01-29,23:47,0
325.29,205.79,2,0,0,UPI,2026-01-30,00:01,1
215.05,154.33,3,0,0,UPI,2026-01-30,00:17,0
1074.59,1105.18,8,0,1,ATM,2026-01-30,00:29,0
180.27,100.0,5,0,0,UPI,2026-01-30,00:31,0
275.8,265.52,8,0,0,Bank Transfer,2026-01-30,00:38,0
1166.42,495.72,5,0,0,Online,2026-01-30,00:40,0
418.36,447.81,7,0,0,Online,2026-01-30,00:42,0
106.98,100.0,6,0,0,UPI,2026-01-30,02:32,0
640.59,624.38,6,0,0,Online,2026-01-30,02:42,0
288.01,245.7,6,0,0,Card,2026-01-30,02:51,0
1493.49,1012.26,7,0,0,Card,2026-01-30,02:55,0
240.99,139.15,4,0,0,Online,2026-01-30,03:50,0
985.89,393.21,3,0,0,Online,2026-01-30,04:08,0
1825.01,1186.94,4,0,0,Card,2026-01-30,04:30,0
195.72,101.86,5,0,0,Online,2026-01-30,04:51,0
342.33,159.36,10,0,0,Card,2026-01-30,04:55,1
561.34,548.84,4,0,0,UPI,2026-01-30,04:55,0
194.66,103.29,6,0,0,Bank Transfer,2026-01-30,05:33,0
507.63,273.96,3,0,0,Online,2026-01-30,05:46,0
333.22,213.07,3,0,0,Bank Transfer,2026-01-30,05:59,0
327.57,243.47,5,0,0,UPI,2026-01-30,06:14,0
420.56,330.84,1,0,0,Card,2026-01-30,06:22,0
428.62,392.13,9,0,0,Bank Transfer,2026-01-30,06:35,0
463.73,394.28,6,0,0,Online,2026-01-30,06:52,0
242.5,184.16,3,0,0,Bank Transfer,2026-01-30,06:54,0
251.67,172.35,4,0,1,ATM,2026-01-30,06:59,0
364.75,210.06,3,1,0,Card,2026-01-30,07:00,0
388.37,370.29,4,0,0,Bank Transfer,2026-01-30,07:55,0
277.82,172.21,6,0,0,Card,2026-01-30,07:59,0
531.31,569.64,4,0,0,UPI,2026-01-30,08:09,0
86.27,100.0,8,0,0,Card,2026-01-30,08:29,0
216.83,192.73,4,0,0,Online,2026-01-30,08:29,0
318.0,248.83,4,0,0,UPI,2026-01-30,08:40,0
194.86,222.0,6,0,0,Online,2026-01-30,08:43,0
1611.34,1141.4,5,0,0,Bank Transfer,2026-01-30,08:55,0
409.95,292.26,4,0,0,Card,2026-01-30,09:00,0
468.84,519.97,6,0,0,Card,2026-01-30,09:05,0
267.54,231.2,5,0,0,UPI,2026-01-30,09:42,0
398.05,291.29,3,1,0,Card,2026-01-30,10:20,0
143.6,100.0,4,0,0,Online,2026-01-30,10:52,0
349.2,194.96,1,0,0,UPI,2026-01-30,11:13,0
181.92,187.59,6,0,0,ATM,2026-01-30,11:21,0
318.69,187.24,6,0,0,Online,2026-01-30,11:45,0
45.79,100.0,7,0,0,Online,2026-01-30,11:50,0
154.66,100.0,7,0,0,Online,2026-01-30,11:54,0
1400.15,1654.48,2,0,0,Online,2026-01-30,12:12,0
817.16,674.86,8,0,0,Online,2026-01-30,12:47,0
1237.91,947.84,3,0,0,Online,2026-01-30,13:13,0
1312.33,1483.19,7,0,0,Online,2026-01-30,13:19,0
714.83,463.88,2,0,0,UPI,2026-01-30,14:33,0
274.53,281.6,4,0,1,UPI,2026-01-30,14:43,0
167.06,160.97,5,0,0,ATM,2026-01-30,14:45,0
1069.27,807.87,5,0,0,Card,2026-01-30,14:50,0
426.19,429.78,7,0,0,ATM,2026-01-30,15:02,0
3360.75,3935.14,2,0,1,Online,2026-01-30,15:21,0
295.8,153.97,2,0,0,Card,2026-01-30,15:54,0
2158.05,787.44,4,0,0,ATM,2026-01-30,15:57,0
353.09,370.12,2,0,0,UPI,2026-01-30,16:03,0
1255.94,870.43,3,0,0,Online,2026-01-30,16:18,0
1706.48,1386.93,5,0,0,Card,2026-01-30,16:35,0
169.1,100.0,5,0,0,Card,2026-01-30,16:36,0
267.13,284.64,7,0,0,Online,2026-01-30,17:01,0
167.66,161.47,6,1,0,ATM,2026-01-30,17:05,0
141.82,164.56,6,0,0,Card,2026-01-30,17:05,0
711.24,536.25,8,0,0,UPI,2026-01-30,17:15,0
341.34,402.8,3,0,0,UPI,2026-01-30,17:20,0
421.79,330.78,3,1,0,UPI,2026-01-30,17:31,0
647.3,568.46,3,0,0,ATM,2026-01-30,17:44,0
83.2,100.0,5,0,0,Card,2026-01-30,17:52,0
1204.42,922.95,4,0,0,UPI,2026-01-30,17:55,0
299.85,248.38,1,0,0,UPI,2026-01-30,18:00,0
634.31,342.41,7,0,0,Online,2026-01-30,18:10,0
683.76,449.92,2,0,0,ATM,2026-01-30,18:15,0
1293.59,1224.63,6,0,0,Online,2026-01-30,18:20,0
369.03,141.39,5,0,0,Bank Transfer,2026-01-30,18:48,0
66.35,100.0,8,0,0,UPI,2026-01-30,18:58,0
423.5,257.58,1,0,0,Online,2026-01-30,19:01,0
478.47,278.02,6,1,0,Card,2026-01-30,19:04,0
167.48,157.34,6,0,0,Online,2026-01-30,19:20,0
457.31,243.61,3,0,0,Card,2026-01-30,19:21,0
296.82,346.52,4,0,0,Online,2026-01-30,19:37,1
128.85,153.6,5,0,0,UPI,2026-01-30,19:52,0
713.91,527.86,6,0,0,Card,2026-01-30,19:59,0
249.84,172.69,11,0,0,Online,2026-01-30,20:13,0
285.6,119.15,6,0,0,Online,2026-01-30,20:36,0
272.27,275.4,9,0,0,Online,2026-01-30,21:07,0
1153.04,563.05,4,0,0,Card,2026-01-30,21:14,0
389.64,445.39,2,0,0,UPI,2026-01-30,21:15,0
431.49,514.33,5,0,0,Online,2026-01-30,21:16,0
277.4,125.95,3,0,0,Card,2026-01-30,21:25,0
597.91,556.39,6,0,0,UPI,2026-01-30,21:31,0
1270.19,947.68,5,0,0,UPI,2026-01-30,21:40,0
699.72,566.76,3,0,0,ATM,2026-01-30,22:17,0
723.31,363.56,6,0,0,Online,2026-01-30,22:29,0
675.39,651.75,3,0,0,UPI,2026-01-30,22:51,0
124.81,100.0,9,0,0,Online,2026-01-30,23:26,0
191.58,211.22,5,0,0,Online,2026-01-30,23:34,0
338.92,249.4,3,0,0,UPI,2026-01-30,23:58,0
217.68,193.65,7,0,1,UPI,2026-01-31,00:24,0
163.23,185.02,5,0,0,Online,2026-01-31,00:33,0
82.16,100.0,7,0,0,Online,2026-01-31,00:42,1
128.44,104.0,5,0,0,Online,2026-01-31,00:51,0
324.39,224.57,3,0,0,UPI,2026-01-31,01:05,0
380.31,282.5,5,0,0,UPI,2026-01-31,01:07,0
205.59,131.67,3,0,0,UPI,2026-01-31,02:16,0
431.42,497.97,8,0,0,Online,2026-01-31,02:24,0
279.01,157.62,5,0,0,UPI,2026-01-31,02:46,0
1019.42,711.5,6,0,0,Card,2026-01-31,02:57,0
351.64,355.68,6,0,0,Online,2026-01-31,03:05,0
729.15,481.01,7,0,0,UPI,2026-01-31,03:37,0
479.49,529.18,4,0,0,UPI,2026-01-31,03:42,0
122.52,100.0,5,0,0,UPI,2026-01-31,04:04,0
373.51,140.68,5,0,0,ATM,2026-01-31,04:05,0
141.14,124.83,3,0,1,UPI,2026-01-31,04:17,0
368.01,287.79,4,0,0,Bank Transfer,2026-01-31,04:24,0
214.14,244.79,3,0,0,Bank Transfer,2026-01-31,04:25,0
558.17,396.11,6,0,0,ATM,2026-01-31,04:36,0
128.9,100.0,3,0,0,Online,2026-01-31,05:10,0
408.5,257.47,5,0,0,Card,2026-01-31,05:13,0
656.26,449.03,5,0,0,Bank Transfer,2026-01-31,05:16,0
872.58,737.91,5,0,0,UPI,2026-01-31,05:27,0
210.7,122.91,4,0,1,Bank Transfer,2026-01-31,05:46,0
409.56,334.93,5,0,0,ATM,2026-01-31,05:53,0
471.79,529.27,5,1,0,Online,2026-01-31,06:03,0
1502.76,1067.21,4,1,0,Online,2026-01-31,06:54,0
114.53,103.52,4,1,0,UPI,2026-01-31,07:14,0
185.97,101.27,7,0,0,Card,2026-01-31,07:20,0
4375.57,4511.78,7,0,0,ATM,2026-01-31,07:22,0
319.85,185.27,4,0,0,Card,2026-01-31,07:34,0
80.85,100.0,3,0,0,ATM,2026-01-31,07:41,0
245.88,148.81,2,0,0,Online,2026-01-31,08:03,0
38.34,100.0,4,0,0,Card,2026-01-31,08:08,0
495.11,307.82,6,0,0,Card,2026-01-31,08:25,0
802.97,425.76,5,0,0,UPI,2026-01-31,08:29,0
185.88,206.1,11,0,0,Card,2026-01-31,08:57,0
270.4,155.81,2,0,0,UPI,2026-01-31,08:58,0
884.57,1042.26,9,0,0,Online,2026-01-31,09:01,0
91.13,100.0,3,0,0,UPI,2026-01-31,09:29,0
131.19,100.0,7,0,0,Online,2026-01-31,09:56,0
332.32,226.86,5,0,1,UPI,2026-01-31,10:05,0
212.83,107.68,2,0,0,Card,2026-01-31,10:08,0
314.26,332.68,10,0,0,Card,2026-01-31,10:14,0
137.8,100.0,8,0,0,Bank Transfer,2026-01-31,10:28,0
484.04,528.81,4,0,0,UPI,2026-01-31,10:43,1
355.37,138.25,4,0,0,UPI,2026-01-31,10:45,0
643.43,389.06,8,0,0,UPI,2026-01-31,11:27,0
478.35,224.3,6,0,0,UPI,2026-01-31,11:37,0
480.91,448.44,7,1,0,UPI,2026-01-31,12:51,0
117.99,100.0,6,0,0,UPI,2026-01-31,13:04,0
613.21,704.23,8,0,0,Online,2026-01-31,13:55,0
304.53,201.37,6,0,0,Online,2026-01-31,13:55,0
350.16,134.68,5,0,1,ATM,2026-01-31,14:22,0
983.41,980.86,4,0,0,UPI,2026-01-31,14:30,0
218.87,184.41,7,0,0,Card,2026-01-31,15:28,0
1272.2,1340.04,6,0,0,UPI,2026-01-31,16:00,0
1377.19,980.86,3,0,1,UPI,2026-01-31,17:33,0
764.99,747.75,9,1,0,Card,2026-01-31,17:44,0
175.3,100.0,6,0,0,Card,2026-01-31,17:46,0
62.91,100.0,4,0,0,Bank Transfer,2026-01-31,18:10,0
1009.3,502.23,5,0,0,Card,2026-01-31,18:11,0
443.49,468.03,5,0,0,Bank Transfer,2026-01-31,18:22,0
214.13,113.61,7,0,0,Online,2026-01-31,18:31,0
1093.93,1110.48,7,0,0,Online,2026-01-31,18:33,0
193.96,209.88,8,0,0,Online,2026-01-31,18:44,0
281.31,308.08,3,0,0,UPI,2026-01-31,19:25,0
630.28,475.45,6,0,0,UPI,2026-01-31,19:33,0
156.56,111.86,4,1,1,Card,2026-01-31,20:12,0
367.58,389.17,4,0,0,Card,2026-01-31,20:31,0
1018.17,857.88,4,0,0,Bank Transfer,2026-01-31,20:35,0
482.72,423.87,1,0,0,UPI,2026-01-31,20:51,0
1164.81,641.41,4,1,0,UPI,2026-01-31,21:16,0
1057.39,771.09,10,1,0,UPI,2026-01-31,21:34,1
406.09,269.66,4,0,0,Online,2026-01-31,21:39,0
55.36,100.0,4,0,1,Card,2026-01-31,21:54,0
157.61,100.0,4,0,1,Card,2026-01-31,22:06,0
771.88,536.37,3,0,0,Card,2026-01-31,22:23,0
108.02,115.73,8,0,0,ATM,2026-01-31,22:37,0
305.61,248.91,5,0,0,Online,2026-01-31,22:44,0
537.92,597.97,7,0,0,UPI,2026-01-31,22:46,0
1406.89,770.48,6,0,0,Bank Transfer,2026-01-31,23:23,0
247.46,179.14,2,0,0,UPI,2026-01-31,23:27,0
233.47,181.02,4,1,0,UPI,2026-01-31,23:42,0
385.84,266.42,4,0,0,Online,2026-01-31,23:45,0
543.63,506.57,5,0,0,Card,2026-01-31,23:56,0
353.86,168.58,5,0,0,Card,2026-02-01,00:00,0
984.25,779.02,3,0,0,UPI,2026-02-01,00:05,0
204.53,100.0,6,0,0,Card,2026-02-01,00:08,0
446.81,395.35,5,0,0,ATM,2026-02-01,00:19,0
589.0,621.82,4,0,0,ATM,2026-02-01,00:24,0
287.09,105.36,5,0,0,Online,2026-02-01,00:30,0
823.66,608.18,7,0,0,UPI,2026-02-01,01:14,0
457.88,352.02,6,0,0,Card,2026-02-01,01:18,0
788.8,759.0,3,1,0,Bank Transfer,2026-02-01,01:34,0
475.8,196.75,1,0,0,Card,2026-02-01,01:38,0
555.54,386.17,5,0,1,Card,2026-02-01,01:47,0
235.68,239.84,5,1,0,Bank Transfer,2026-02-01,02:06,0
236.0,189.35,4,0,0,Online,2026-02-01,02:10,0
1142.23,1127.8,5,0,0,Card,2026-02-01,04:13,0
692.41,456.58,5,0,0,ATM,2026-02-01,04:21,0
169.1,191.43,2,0,0,UPI,2026-02-01,04:36,1
470.47,195.6,10,0,0,Card,2026-02-01,04:51,0
53.64,100.0,7,0,0,Online,2026-02-01,05:13,0
247.68,197.95,5,0,0,Bank Transfer,2026-02-01,05:35,0
913.13,685.03,5,0,0,UPI,2026-02-01,05:42,0
362.72,323.8,3,0,0,ATM,2026-02-01,06:06,0
445.96,242.91,5,0,1,Online,2026-02-01,06:13,0
31.06,100.0,6,0,1,Card,2026-02-01,06:16,0
289.05,285.21,8,0,0,Card,2026-02-01,06:22,0
537.82,321.62,7,0,0,UPI,2026-02-01,06:27,0
599.14,580.09,4,0,0,Card,2026-02-01,06:34,0
914.16,817.81,4,0,0,Bank Transfer,2026-02-01,06:35,0
337.4,141.99,6,0,0,ATM,2026-02-01,06:55,0
350.44,334.48,3,0,0,UPI,2026-02-01,06:56,0
130.02,142.71,8,0,0,Card,2026-02-01,07:08,0
339.05,354.02,4,0,0,Bank Transfer,2026-02-01,07:29,0
138.06,100.0,4,0,0,Bank Transfer,2026-02-01,07:44,0
83.87,100.0,3,0,0,UPI,2026-02-01,08:18,0
160.39,180.65,4,1,0,UPI,2026-02-01,08:50,0
1454.45,1249.25,5,0,0,Bank Transfer,2026-02-01,09:35,0
320.55,191.29,6,0,0,Bank Transfer,2026-02-01,09:38,1
486.33,250.64,4,0,0,Card,2026-02-01,09:41,0
260.74,243.06,4,0,0,Online,2026-02-01,09:44,0
88.06,100.0,6,0,1,UPI,2026-02-01,09:58,0
893.99,1006.36,4,0,0,UPI,2026-02-01,10:10,0
63.66,100.0,5,0,1,Card,2026-02-01,10:23,0
251.75,160.71,6,0,0,Card,2026-02-01,10:26,0
385.13,332.48,5,0,0,UPI,2026-02-01,11:24,0
490.74,214.11,5,0,0,Card,2026-02-01,11:24,0
217.57,100.0,5,0,0,Bank Transfer,2026-02-01,11:44,0
84.58,100.0,3,0,0,Online,2026-02-01,12:11,0
204.19,232.39,2,0,0,UPI,2026-02-01,13:03,0
213.48,102.38,5,0,0,UPI,2026-02-01,13:03,0
209.11,158.92,5,0,0,ATM,2026-02-01,13:13,0
920.16,660.78,7,0,0,Card,2026-02-01,14:19,0
143.8,100.0,6,1,0,ATM,2026-02-01,14:27,0
521.04,420.52,6,0,0,Card,2026-02-01,14:48,0
461.53,162.63,3,1,1,Card,2026-02-01,15:31,0
912.68,614.35,9,0,0,Bank Transfer,2026-02-01,15:39,0
360.26,272.88,3,0,0,Card,2026-02-01,15:49,0
790.34,816.27,2,0,0,Card,2026-02-01,16:09,0
348.49,329.61,5,0,0,Online,2026-02-01,17:04,0
583.61,625.8,12,0,0,UPI,2026-02-01,17:21,0
112.45,100.0,5,0,0,UPI,2026-02-01,17:27,0
42.84,100.0,6,0,0,ATM,2026-02-01,18:23,0
556.08,384.2,5,0,0,Card,2026-02-01,18:33,0
582.02,680.15,4,0,1,Online,2026-02-01,18:56,0
604.36,321.63,8,0,1,UPI,2026-02-01,19:15,0
258.22,128.73,5,0,0,Card,2026-02-01,19:51,0
1431.19,1649.72,7,0,0,ATM,2026-02-01,20:40,0
272.9,315.86,7,0,0,UPI,2026-02-01,20:53,0
576.95,275.12,5,0,0,Online,2026-02-01,20:58,0
668.77,671.47,3,1,0,UPI,2026-02-01,21:39,0
1738.76,1243.7,5,1,0,Bank Transfer,2026-02-01,22:04,0
308.13,236.76,9,0,0,Bank Transfer,2026-02-01,22:22,0
231.55,179.19,1,0,0,Online,2026-02-01,22:25,0
112.91,132.45,5,0,0,Card,2026-02-01,22:33,0
1509.47,765.24,3,0,0,Online,2026-02-01,22:45,0
577.21,581.31,4,0,0,Card,2026-02-01,22:49,0
592.95,210.39,3,1,0,Bank Transfer,2026-02-01,23:21,0
5705.57,5045.54,6,1,0,ATM,2026-02-01,23:25,0
531.81,481.17,5,0,1,ATM,2026-02-01,23:44,0
133.36,132.11,6,0,0,Online,2026-02-01,23:48,0
341.55,388.36,7,0,0,Online,2026-02-01,23:57,0
176.17,174.54,5,0,0,UPI,2026-02-02,00:01,0
288.16,280.18,8,0,0,Online,2026-02-02,00:42,0
286.52,162.09,8,0,0,Card,2026-02-02,00:52,0
244.94,292.44,6,0,1,Online,2026-02-02,01:25,1
123.43,100.0,4,0,0,Bank Transfer,2026-02-02,01:26,0
1561.85,1100.84,3,1,0,Card,2026-02-02,02:38,1
520.1,403.91,5,0,0,Online,2026-02-02,02:52,0
333.07,228.13,2,0,0,Bank Transfer,2026-02-02,02:58,0
768.16,656.46,7,0,1,Online,2026-02-02,03:02,1
602.09,389.66,5,0,0,Card,2026-02-02,03:22,0
509.96,282.5,7,0,0,Bank Transfer,2026-02-02,03:36,1
722.16,822.39,5,0,0,Card,2026-02-02,03:38,0
452.07,514.76,6,0,0,Online,2026-02-02,03:40,0
713.15,550.41,3,0,0,Online,2026-02-02,03:42,0
765.21,893.63,3,0,0,UPI,2026-02-02,04:09,0
463.27,325.85,4,1,0,Online,2026-02-02,04:14,0
334.51,227.22,2,0,0,Card,2026-02-02,04:15,0
1481.54,1673.21,6,0,1,Online,2026-02-02,04:25,0
268.75,238.64,4,0,0,Online,2026-02-02,04:48,0
562.63,561.58,5,0,0,Card,2026-02-02,05:18,0
573.54,401.95,6,0,0,Card,2026-02-02,06:05,0
240.3,167.24,3,0,0,ATM,2026-02-02,06:31,0
203.03,100.0,6,0,0,UPI,2026-02-02,06:33,1
298.64,349.92,4,0,0,UPI,2026-02-02,06:42,0
265.5,144.37,11,0,0,UPI,2026-02-02,07:10,0
116.81,100.0,6,0,0,Online,2026-02-02,07:21,0
231.88,103.75,7,0,0,ATM,2026-02-02,08:24,0
505.87,455.24,6,1,0,Card,2026-02-02,09:46,0
1183.29,807.29,6,0,0,Online,2026-02-02,09:53,0
646.28,647.9,6,0,1,Bank Transfer,2026-02-02,09:59,0
44.27,100.0,5,0,0,Card,2026-02-02,10:49,0
695.83,320.12,4,0,0,UPI,2026-02-02,10:55,0
251.03,100.0,8,0,0,Bank Transfer,2026-02-02,11:05,0
592.95,314.61,5,0,0,Bank Transfer,2026-02-02,11:08,0
398.61,384.94,5,0,0,UPI,2026-02-02,11:29,0
342.48,361.06,8,0,0,Online,2026-02-02,11:54,0
369.85,236.75,2,0,0,UPI,2026-02-02,12:28,0
395.81,318.84,6,0,0,Online,2026-02-02,13:05,0
1264.89,700.77,5,0,0,Online,2026-02-02,14:01,0
396.74,435.77,4,1,0,UPI,2026-02-02,14:19,0
1015.06,1188.06,4,0,0,UPI,2026-02-02,14:49,0
896.88,887.91,6,0,0,Bank Transfer,2026-02-02,14:53,0
711.22,302.66,1,0,0,Online,2026-02-02,15:02,0
88.36,100.0,4,0,0,UPI,2026-02-02,15:19,0
1042.25,1242.29,4,1,0,UPI,2026-02-02,15:21,0
273.36,148.97,6,0,1,Online,2026-02-02,16:05,0
741.27,681.9,6,0,0,Online,2026-02-02,16:25,0
176.5,202.59,6,0,0,ATM,2026-02-02,17:13,0
147.33,148.4,6,0,0,UPI,2026-02-02,17:16,0
2164.47,1877.74,6,0,0,UPI,2026-02-02,18:18,0
178.85,139.63,4,0,0,Card,2026-02-02,19:34,0
1068.69,1217.77,7,0,0,Bank Transfer,2026-02-02,19:35,0
446.15,305.85,5,0,0,Online,2026-02-02,19:57,0
282.28,315.05,5,0,1,Card,2026-02-02,20:08,0
388.35,278.21,6,0,0,Card,2026-02-02,20:21,0
133.5,132.57,4,0,0,Online,2026-02-02,20:25,0
398.74,449.92,6,0,0,Online,2026-02-02,20:36,1
160.72,131.48,5,0,0,Online,2026-02-02,20:44,0
288.26,176.82,4,0,0,Bank Transfer,2026-02-02,20:47,1
885.81,348.42,7,0,0,Online,2026-02-02,20:48,0
500.73,519.69,8,0,0,Card,2026-02-02,21:15,0
114.45,100.57,6,0,0,UPI,2026-02-02,21:16,0
831.94,477.19,6,0,0,ATM,2026-02-02,21:23,0
401.0,439.42,8,0,1,Card,2026-02-02,21:52,0
254.46,288.11,5,0,0,Card,2026-02-02,22:11,0
761.03,840.25,4,0,0,UPI,2026-02-02,22:16,0
349.98,301.43,6,0,0,Online,2026-02-02,22:35,0
149.78,176.76,2,0,0,Bank Transfer,2026-02-02,22:44,0
1940.38,2121.97,3,0,0,UPI,2026-02-03,00:12,0
397.54,174.37,9,0,0,Online,2026-02-03,00:29,0
376.46,445.71,5,1,0,Card,2026-02-03,01:03,0
285.91,233.44,4,0,0,ATM,2026-02-03,01:15,0
1099.9,1245.12,5,0,0,Card,2026-02-03,01:46,1
258.23,257.27,4,1,1,Online,2026-02-03,02:02,0
108.5,100.0,9,1,0,Card,2026-02-03,02:15,0
226.59,142.22,2,0,0,UPI,2026-02-03,02:40,0
1246.08,464.76,1,0,0,Card,2026-02-03,02:46,0
818.37,478.93,2,1,1,UPI,2026-02-03,03:02,0
324.81,303.03,4,0,0,Online,2026-02-03,03:03,1
1296.3,1404.73,3,0,0,Online,2026-02-03,03:06,0
761.85,268.17,4,0,1,Card,2026-02-03,03:25,0
321.63,169.43,5,0,0,Bank Transfer,2026-02-03,03:33,0
350.37,323.07,5,0,0,Bank Transfer,2026-02-03,03:37,0
533.75,315.49,3,0,0,Bank Transfer,2026-02-03,03:41,0
198.92,100.0,4,0,0,Card,2026-02-03,03:43,0
404.98,169.95,5,1,0,Online,2026-02-03,03:46,0
524.39,467.86,5,0,0,UPI,2026-02-03,04:28,0
96.17,100.0,9,0,0,Card,2026-02-03,04:39,0
343.46,370.88,7,0,0,UPI,2026-02-03,04:51,0
311.81,192.58,7,0,0,UPI,2026-02-03,05:09,0
966.67,450.67,6,0,0,UPI,2026-02-03,05:15,0
84.11,100.0,3,0,0,ATM,2026-02-03,05:40,0
291.7,347.11,3,0,0,Online,2026-02-03,05:46,0
267.87,175.81,8,0,0,Card,2026-02-03,05:50,0
912.38,990.44,6,0,0,UPI,2026-02-03,06:20,0
388.77,388.06,6,0,0,ATM,2026-02-03,06:30,0
1856.93,2088.76,7,0,0,Online,2026-02-03,06:37,0
708.31,503.41,9,0,0,UPI,2026-02-03,06:42,0
284.66,124.14,4,0,0,Bank Transfer,2026-02-03,06:46,0
494.58,222.86,4,0,0,Card,2026-02-03,06:48,0
298.58,298.2,7,1,0,Bank Transfer,2026-02-03,06:49,0
837.55,907.77,5,0,0,UPI,2026-02-03,07:27,0
130.01,100.0,6,0,0,Online,2026-02-03,07:45,0
200.31,100.0,6,0,0,Card,2026-02-03,07:59,0
594.27,241.69,4,0,0,UPI,2026-02-03,08:08,0
1143.55,982.09,5,0,0,Bank Transfer,2026-02-03,08:29,1
62.07,100.0,9,0,0,UPI,2026-02-03,08:32,0
1297.64,894.91,6,0,0,Online,2026-02-03,08:38,0
358.13,323.4,7,0,0,UPI,2026-02-03,08:48,0
81.35,100.0,3,0,0,ATM,2026-02-03,08:54,0
31.45,100.0,1,0,0,ATM,2026-02-03,09:05,0
109.95,116.27,6,0,0,Online,2026-02-03,09:06,0
396.73,206.08,5,0,0,Card,2026-02-03,09:16,0
381.45,353.19,8,0,0,ATM,2026-02-03,09:26,0
691.06,739.69,7,0,0,UPI,2026-02-03,09:34,0
252.89,288.47,8,0,1,Online,2026-02-03,09:55,0
157.3,133.93,3,0,0,UPI,2026-02-03,10:49,0
283.97,141.85,4,0,0,Card,2026-02-03,10:50,0
415.12,342.27,3,0,0,Online,2026-02-03,10:54,0
490.86,449.6,3,0,0,Online,2026-02-03,11:11,0
206.27,119.97,5,0,0,Online,2026-02-03,11:26,0
868.03,1021.72,6,0,0,ATM,2026-02-03,11:39,1
237.89,129.63,10,0,0,UPI,2026-02-03,11:40,0
192.62,216.63,3,0,0,ATM,2026-02-03,12:28,0
254.42,180.99,3,1,0,Card,2026-02-03,13:27,0
1005.88,352.53,4,0,0,Card,2026-02-03,13:30,0
360.37,292.54,6,0,0,Bank Transfer,2026-02-03,13:31,0
223.56,197.63,3,0,0,Bank Transfer,2026-02-03,14:04,0
886.42,965.28,8,0,1,Card,2026-02-03,14:19,0
2493.23,2018.22,5,0,0,Card,2026-02-03,14:30,0
482.14,207.32,6,0,0,UPI,2026-02-03,15:06,0
1151.44,1310.1,4,0,0,ATM,2026-02-03,15:19,0
973.27,808.35,6,0,0,Online,2026-02-03,15:28,0
241.1,140.03,5,0,0,Card,2026-02-03,15:47,0
412.67,459.72,5,0,0,Online,2026-02-03,16:13,0
135.62,100.0,6,0,0,Bank Transfer,2026-02-03,16:13,0
338.93,146.71,5,0,0,ATM,2026-02-03,16:46,0
236.92,190.67,2,0,1,ATM,2026-02-03,16:55,0
286.45,252.4,2,0,0,UPI,2026-02-03,17:17,0
213.28,167.28,6,0,0,Bank Transfer,2026-02-03,17:42,0
316.07,360.21,4,0,0,Online,2026-02-03,17:46,0
634.22,363.66,5,0,0,UPI,2026-02-03,17:51,0
364.47,434.33,3,0,0,Bank Transfer,2026-02-03,17:51,0
82.71,100.0,5,0,0,Card,2026-02-03,17:57,0
213.96,100.0,6,1,0,ATM,2026-02-03,18:03,0
110.89,100.0,3,0,0,Online,2026-02-03,18:06,0
496.43,207.33,2,0,1,UPI,2026-02-03,18:15,0
618.82,447.09,2,0,0,UPI,2026-02-03,18:47,0
501.73,544.66,5,1,0,Card,2026-02-03,19:23,0
206.58,216.43,7,0,0,Bank Transfer,2026-02-03,19:24,0
497.61,489.18,5,0,0,ATM,2026-02-03,19:41,0
270.54,100.0,3,0,0,UPI,2026-02-03,20:32,0
153.32,166.48,4,0,0,Card,2026-02-03,21:22,0
757.97,520.74,3,0,0,Bank Transfer,2026-02-03,21:32,0
808.62,785.89,6,0,0,UPI,2026-02-03,21:55,0
903.76,874.73,9,1,0,ATM,2026-02-03,22:21,0
240.54,120.49,3,0,0,Online,2026-02-03,22:48,0
1099.33,866.37,2,0,0,Bank Transfer,2026-02-03,22:53,0
265.19,301.59,2,0,0,Card,2026-02-03,22:54,0
703.08,403.28,3,0,0,ATM,2026-02-03,23:10,0
261.31,250.28,4,0,0,Online,2026-02-03,23:58,0
333.49,388.3,3,0,0,Card,2026-02-04,00:03,0
51.52,100.0,8,0,0,UPI,2026-02-04,00:28,0
312.12,212.08,10,0,0,Online,2026-02-04,00:49,1
435.91,320.25,6,0,0,UPI,2026-02-04,00:51,0
284.71,295.43,2,0,0,Online,2026-02-04,00:54,0
1795.0,1298.49,1,1,0,Online,2026-02-04,00:55,1
150.19,114.64,5,0,0,UPI,2026-02-04,00:57,0
249.87,134.67,6,0,0,ATM,2026-02-04,01:02,0
186.95,222.49,5,0,0,Online,2026-02-04,01:05,0
249.83,276.94,6,1,0,UPI,2026-02-04,01:09,0
969.42,833.91,8,1,0,Card,2026-02-04,01:14,0
1417.04,1652.95,9,0,0,UPI,2026-02-04,01:19,0
222.37,207.68,1,0,0,Card,2026-02-04,01:36,0
218.21,254.26,3,0,0,Card,2026-02-04,01:58,0
150.87,100.0,4,0,0,UPI,2026-02-04,02:00,0
1224.57,663.27,3,0,0,Card,2026-02-04,02:34,0
1046.13,1153.26,8,0,0,UPI,2026-02-04,02:57,0
368.67,260.61,3,0,0,ATM,2026-02-04,02:59,0
123.14,100.0,3,0,0,Card,2026-02-04,03:11,0
132.87,131.69,5,0,0,ATM,2026-02-04,03:18,0
466.4,413.12,5,0,0,Card,2026-02-04,03:23,0
643.51,413.43,4,0,0,Card,2026-02-04,03:45,0
69.67,100.0,6,1,0,Online,2026-02-04,04:14,0
307.01,214.03,9,0,0,Online,2026-02-04,04:58,0
1596.47,730.2,7,0,0,Bank Transfer,2026-02-04,05:47,0
335.33,182.8,6,0,0,Online,2026-02-04,05:57,0
1431.09,1154.75,5,0,0,Online,2026-02-04,06:12,0
700.43,710.62,4,0,1,Online,2026-02-04,06:41,0
160.51,113.35,5,0,0,Online,2026-02-04,07:02,0
314.58,212.61,9,0,0,UPI,2026-02-04,07:05,0
361.63,326.53,7,0,0,Card,2026-02-04,07:08,0
179.53,100.0,3,0,0,Card,2026-02-04,07:31,0
176.9,119.17,4,0,0,ATM,2026-02-04,07:35,0
1452.08,765.12,5,0,0,ATM,2026-02-04,07:58,0
175.78,158.89,8,0,1,Online,2026-02-04,08:25,0
1008.96,449.5,8,0,0,Card,2026-02-04,08:43,0
278.38,203.4,3,0,0,UPI,2026-02-04,08:45,0
394.73,338.19,5,0,0,Card,2026-02-04,08:55,0
650.39,688.52,6,0,0,Bank Transfer,2026-02-04,08:59,0
242.55,234.28,11,1,0,Bank Transfer,2026-02-04,09:19,0
653.75,752.74,5,0,0,ATM,2026-02-04,09:22,0
70.85,100.0,3,0,0,Online,2026-02-04,09:32,0
586.25,379.19,8,0,1,UPI,2026-02-04,09:32,0
49.49,100.0,4,0,0,Online,2026-02-04,09:43,0
332.68,132.44,7,0,0,Card,2026-02-04,09:46,0
833.89,488.62,5,0,0,Card,2026-02-04,10:13,0
684.68,319.28,7,0,0,UPI,2026-02-04,10:39,0
133.8,100.0,8,0,1,UPI,2026-02-04,10:56,0
149.27,141.39,7,0,0,UPI,2026-02-04,11:04,0
224.67,210.79,4,0,0,Online,2026-02-04,11:43,0
472.62,293.23,8,0,1,Online,2026-02-04,11:43,0
71.73,100.0,4,0,0,ATM,2026-02-04,11:44,0
398.92,213.13,5,0,0,UPI,2026-02-04,12:03,0
525.69,408.74,7,1,0,UPI,2026-02-04,12:04,0
317.16,248.52,4,0,0,Online,2026-02-04,12:25,0
630.51,382.15,2,0,0,UPI,2026-02-04,12:28,0
487.93,278.39,6,0,0,Online,2026-02-04,12:28,0
254.57,301.07,6,0,0,Card,2026-02-04,12:31,0
77.81,100.0,5,0,0,Card,2026-02-04,12:56,0
451.87,374.04,5,0,0,ATM,2026-02-04,12:59,0
179.45,100.0,5,1,0,Card,2026-02-04,13:01,0
246.76,124.51,4,0,0,ATM,2026-02-04,13:14,1
606.23,395.94,7,0,0,Card,2026-02-04,13:24,0
1345.79,1576.03,2,0,0,Online,2026-02-04,13:54,0
390.59,194.89,2,0,0,UPI,2026-02-04,14:09,0
646.1,392.7,3,0,1,UPI,2026-02-04,14:22,0
118.18,140.82,3,0,0,Bank Transfer,2026-02-04,14:26,0
497.05,377.23,5,1,0,Card,2026-02-04,14:41,0
383.4,237.96,8,1,0,UPI,2026-02-04,15:09,0
1146.93,1019.86,4,0,1,Online,2026-02-04,15:15,0
254.83,196.69,5,0,0,Card,2026-02-04,15:16,0
328.52,382.35,4,0,0,Online,2026-02-04,16:27,0
992.27,417.46,3,0,0,Card,2026-02-04,16:48,0
373.07,381.27,2,0,0,Bank Transfer,2026-02-04,16:53,0
157.19,100.0,7,0,0,Online,2026-02-04,17:14,0
3529.42,3655.31,5,0,0,ATM,2026-02-04,17:51,0
161.29,172.67,4,1,0,UPI,2026-02-04,17:57,0
381.84,409.27,4,0,1,Online,2026-02-04,18:02,0
541.69,588.64,7,0,0,Online,2026-02-04,18:09,0
506.47,486.42,6,0,1,ATM,2026-02-04,18:23,0
343.34,161.73,5,0,0,Bank Transfer,2026-02-04,18:40,0
344.8,135.89,8,0,0,ATM,2026-02-04,18:49,0
330.4,211.34,5,0,0,Card,2026-02-04,18:54,0
156.25,120.44,6,0,0,Card,2026-02-04,19:02,0
2509.12,1523.61,4,0,1,UPI,2026-02-04,19:05,0
334.62,328.22,13,0,0,Card,2026-02-04,19:15,0
670.08,646.0,4,1,0,Card,2026-02-04,19:31,0
303.55,357.02,6,0,0,ATM,2026-02-04,20:08,0
298.4,206.04,4,1,0,Card,2026-02-04,20:55,1
273.93,278.82,3,0,0,UPI,2026-02-04,21:29,0
108.05,105.9,10,0,0,Bank Transfer,2026-02-04,21:51,0
351.94,418.97,3,0,0,UPI,2026-02-04,21:53,0
285.44,287.6,6,0,0,UPI,2026-02-04,22:01,0
1092.03,645.43,3,0,1,Online,2026-02-04,22:14,0
145.88,100.0,8,0,0,Bank Transfer,2026-02-04,22:36,0
247.01,289.73,7,0,0,Online,2026-02-04,22:53,0
187.98,180.21,5,0,0,Online,2026-02-04,23:00,0
1374.92,1430.9,5,0,0,ATM,2026-02-04,23:05,0
192.67,197.35,8,0,1,UPI,2026-02-04,23:21,1
650.64,634.63,2,0,0,Card,2026-02-04,23:23,0
920.24,909.89,1,0,0,UPI,2026-02-04,23:33,0
356.31,406.21,6,0,0,Online,2026-02-04,23:34,0
125.17,141.07,4,0,0,Card,2026-02-04,23:51,0
126.53,100.0,6,0,0,UPI,2026-02-05,00:01,1
837.82,315.28,4,0,1,Card,2026-02-05,00:26,0
138.17,100.0,4,0,0,UPI,2026-02-05,00:41,0
562.97,410.77,5,0,0,Bank Transfer,2026-02-05,01:03,0
444.61,471.17,4,1,0,UPI,2026-02-05,01:18,0
555.89,595.06,4,0,0,Bank Transfer,2026-02-05,01:33,0
602.36,417.87,3,0,0,Card,2026-02-05,01:37,0
182.43,110.62,4,0,0,UPI,2026-02-05,02:14,0
176.06,137.43,5,0,0,Bank Transfer,2026-02-05,02:33,0
740.77,783.48,7,0,0,Card,2026-02-05,02:45,0
236.29,210.54,8,1,0,Card,2026-02-05,02:59,0
38.95,100.0,2,0,1,Online,2026-02-05,03:09,0
700.25,460.7,5,0,0,Card,2026-02-05,03:13,0
167.2,137.46,3,0,0,Card,2026-02-05,03:34,0
600.08,484.58,3,0,0,UPI,2026-02-05,03:43,0
1318.04,1391.9,4,0,0,UPI,2026-02-05,03:46,0
409.22,467.47,4,0,0,Online,2026-02-05,03:47,0
940.49,409.48,3,0,0,Online,2026-02-05,04:00,0
459.77,248.62,7,0,0,Online,2026-02-05,04:10,0
1555.13,1062.67,4,0,1,Card,2026-02-05,04:23,0
163.56,100.0,2,0,0,Bank Transfer,2026-02-05,05:05,0
400.62,279.25,7,0,0,Online,2026-02-05,05:46,1
714.93,274.97,5,0,1,Online,2026-02-05,05:51,0
343.14,139.35,5,0,0,Card,2026-02-05,06:13,0
1074.26,1141.52,7,0,0,ATM,2026-02-05,06:34,0
279.43,122.17,7,0,0,UPI,2026-02-05,06:50,0
2342.48,2460.69,3,0,0,UPI,2026-02-05,06:59,0
2450.06,1495.85,6,0,0,Card,2026-02-05,07:13,0
512.74,314.23,5,0,0,Online,2026-02-05,07:20,1
645.3,281.11,3,0,0,Online,2026-02-05,07:27,0
1110.89,401.34,5,0,0,Online,2026-02-05,07:42,0
147.07,100.0,9,0,0,Online,2026-02-05,08:01,0
132.26,140.21,5,0,1,Bank Transfer,2026-02-05,08:29,0
1173.75,1328.64,6,0,0,Online,2026-02-05,09:25,0
509.23,204.89,7,0,0,UPI,2026-02-05,09:39,0
332.78,125.21,3,0,1,Card,2026-02-05,09:51,0
407.26,197.51,7,0,0,UPI,2026-02-05,10:07,0
53.08,100.0,3,0,0,UPI,2026-02-05,10:51,0
343.1,179.84,3,0,0,Online,2026-02-05,10:53,0
212.71,116.18,3,0,0,Bank Transfer,2026-02-05,10:56,0
880.39,973.36,5,0,0,ATM,2026-02-05,11:18,0
939.9,1027.98,4,0,1,Online,2026-02-05,11:40,0
658.64,605.78,7,0,0,Online,2026-02-05,11:48,0
564.61,276.33,4,0,0,ATM,2026-02-05,12:12,0
112.99,100.0,3,0,0,ATM,2026-02-05,12:39,0
666.5,367.08,13,0,0,Online,2026-02-05,12:48,0
688.83,634.46,3,1,0,UPI,2026-02-05,12:56,0
1162.6,1177.65,6,0,0,UPI,2026-02-05,13:44,0
2441.77,1149.62,3,0,0,Bank Transfer,2026-02-05,13:55,0
95.71,106.55,10,0,0,Bank Transfer,2026-02-05,14:33,0
289.97,215.57,6,0,0,Bank Transfer,2026-02-05,14:36,0
214.66,220.19,4,0,0,Online,2026-02-05,14:42,0
467.14,184.0,7,0,0,Online,2026-02-05,15:36,0
408.05,267.88,4,0,0,Card,2026-02-05,15:50,0
330.64,119.88,5,0,0,Card,2026-02-05,16:00,0
966.29,928.33,3,0,1,Online,2026-02-05,16:07,0
158.19,100.0,4,0,0,Card,2026-02-05,17:53,0
166.51,106.16,4,0,0,Online,2026-02-05,17:53,0
168.92,171.36,5,0,0,Online,2026-02-05,17:56,0
297.0,293.02,4,0,1,UPI,2026-02-05,18:16,0
141.98,126.97,4,0,0,UPI,2026-02-05,18:39,0
387.11,363.85,6,0,0,Online,2026-02-05,18:42,0
350.49,316.68,3,0,0,Card,2026-02-05,18:46,0
206.74,185.05,6,0,0,Online,2026-02-05,18:49,0
847.85,548.73,5,1,0,Card,2026-02-05,19:13,0
383.53,143.42,8,0,0,ATM,2026-02-05,19:16,0
995.51,722.29,3,0,0,UPI,2026-02-05,19:32,0
341.79,132.83,3,0,0,Online,2026-02-05,19:38,0
395.22,295.83,6,1,0,UPI,2026-02-05,19:43,0
250.04,186.15,2,0,0,UPI,2026-02-05,20:00,0
401.02,201.28,4,0,1,Card,2026-02-05,20:17,0
739.07,751.36,5,0,1,ATM,2026-02-05,21:09,0
284.4,269.77,4,0,0,Online,2026-02-05,21:34,0
626.81,517.5,8,0,0,Bank Transfer,2026-02-05,21:51,0
202.18,229.88,5,0,0,Card,2026-02-05,21:53,0
769.08,456.92,5,0,0,Card,2026-02-05,22:12,0
246.43,141.14,4,0,0,Card,2026-02-05,22:20,0
832.08,420.97,4,0,0,UPI,2026-02-05,22:28,0
424.89,345.34,4,0,0,Online,2026-02-05,22:31,0
1469.7,770.93,4,0,0,UPI,2026-02-05,22:35,0
151.27,164.66,2,0,0,Online,2026-02-05,22:45,0
115.04,100.0,7,0,1,Online,2026-02-05,23:01,0
238.94,183.34,5,0,0,Card,2026-02-05,23:24,0
124.35,100.0,5,0,0,UPI,2026-02-05,23:58,0
124.55,100.0,4,1,0,UPI,2026-02-06,00:00,0
684.25,668.96,9,1,0,Card,2026-02-06,00:11,1
402.0,377.18,7,0,1,UPI,2026-02-06,00:17,0
268.34,267.46,4,0,0,UPI,2026-02-06,00:42,0
290.35,251.16,2,0,0,Card,2026-02-06,01:13,0
242.83,179.97,5,0,0,Card,2026-02-06,01:18,0
1640.59,1200.23,4,0,0,Bank Transfer,2026-02-06,01:32,0
215.9,207.06,3,0,0,Card,2026-02-06,01:32,0
131.13,100.0,7,0,0,Card,2026-02-06,02:35,0
793.65,572.75,4,0,0,Bank Transfer,2026-02-06,03:04,0
335.83,164.26,5,0,0,Bank Transfer,2026-02-06,03:05,0
2282.34,2117.3,2,0,0,Card,2026-02-06,03:07,0
257.94,107.14,5,0,0,Card,2026-02-06,03:44,0
828.06,986.99,8,0,0,Card,2026-02-06,04:48,0
1012.19,477.93,2,0,0,Bank Transfer,2026-02-06,05:10,0
259.01,174.97,5,0,0,Online,2026-02-06,05:25,0
214.54,118.45,7,0,1,Online,2026-02-06,05:32,0
757.6,452.33,5,0,0,Online,2026-02-06,05:57,0
657.64,410.42,5,0,0,Online,2026-02-06,06:13,0
121.63,116.84,3,0,0,Bank Transfer,2026-02-06,06:28,0
154.6,100.0,10,0,0,Card,2026-02-06,06:36,0
46.71,100.0,6,0,0,ATM,2026-02-06,06:56,0
669.2,291.79,9,0,0,Card,2026-02-06,07:11,0
322.93,204.01,3,0,0,Card,2026-02-06,07:12,0
351.49,404.23,6,0,1,Online,2026-02-06,07:13,1
95.8,100.0,6,0,0,UPI,2026-02-06,07:18,0
158.64,160.34,7,0,0,Card,2026-02-06,07:19,0
268.74,199.52,6,0,0,Card,2026-02-06,07:35,0
227.81,166.8,9,1,0,ATM,2026-02-06,07:39,0
445.93,468.39,7,0,0,ATM,2026-02-06,07:45,0
662.45,246.96,7,0,1,ATM,2026-02-06,08:07,0
2777.12,3013.6,7,0,0,Bank Transfer,2026-02-06,08:17,0
396.62,302.4,3,0,0,ATM,2026-02-06,08:22,0
1041.16,675.15,4,0,0,Card,2026-02-06,08:47,0
199.24,223.31,8,0,0,ATM,2026-02-06,08:58,0
97.15,100.0,4,0,0,Card,2026-02-06,09:34,0
299.03,353.17,6,0,0,Online,2026-02-06,09:46,0
103.75,118.88,4,0,1,Card,2026-02-06,09:55,0
408.49,236.0,9,0,0,ATM,2026-02-06,11:03,0
207.81,132.9,6,0,0,UPI,2026-02-06,11:14,0
76.62,100.0,7,0,0,UPI,2026-02-06,11:23,0
1764.5,910.95,4,0,0,UPI,2026-02-06,11:37,1
255.46,248.35,3,0,0,Card,2026-02-06,11:43,0
100.29,100.0,5,0,0,Online,2026-02-06,12:21,0
865.62,454.25,4,0,0,Card,2026-02-06,12:37,0
217.17,168.4,8,0,0,Online,2026-02-06,12:48,0
1019.07,1002.76,3,0,0,ATM,2026-02-06,12:52,0
216.29,211.64,7,0,0,Bank Transfer,2026-02-06,12:53,0
254.74,221.01,4,0,0,Online,2026-02-06,13:02,0
540.83,314.38,7,0,0,Online,2026-02-06,13:12,0
667.97,469.63,7,0,0,UPI,2026-02-06,13:19,0
775.27,433.59,3,0,0,Bank Transfer,2026-02-06,13:21,1
373.8,218.85,6,0,0,ATM,2026-02-06,13:41,0
632.27,395.01,3,0,0,Online,2026-02-06,13:41,0
760.35,653.16,5,0,0,ATM,2026-02-06,13:45,0
478.42,251.87,8,0,0,Online,2026-02-06,14:04,0
357.36,138.01,5,0,0,Card,2026-02-06,14:06,0
118.1,110.84,7,0,0,ATM,2026-02-06,14:08,0
671.35,247.42,4,0,0,UPI,2026-02-06,14:09,0
418.15,491.4,3,0,0,UPI,2026-02-06,14:09,0
283.84,183.86,4,0,0,Card,2026-02-06,14:13,0
1195.24,425.02,7,0,0,Card,2026-02-06,14:14,0
119.86,132.08,6,1,0,Bank Transfer,2026-02-06,14:33,0
1631.79,1403.07,7,0,0,ATM,2026-02-06,14:48,0
395.86,413.59,2,0,0,UPI,2026-02-06,14:57,0
528.42,380.34,4,0,0,Online,2026-02-06,15:16,0
288.36,187.74,1,0,0,ATM,2026-02-06,16:08,0
97.81,100.0,6,0,0,UPI,2026-02-06,16:14,0
358.29,249.04,6,0,0,Bank Transfer,2026-02-06,16:39,0
536.21,441.18,9,0,1,Online,2026-02-06,17:21,0
716.8,420.15,4,0,0,UPI,2026-02-06,17:32,0
340.93,215.72,6,0,0,Card,2026-02-06,18:13,0
62.57,100.0,5,0,0,Card,2026-02-06,18:21,0
108.81,110.35,3,0,0,Online,2026-02-06,18:35,0
2308.18,1492.3,4,0,0,Online,2026-02-06,18:36,0
159.39,187.88,4,0,0,Bank Transfer,2026-02-06,18:54,0
1356.95,774.54,5,0,0,UPI,2026-02-06,18:58,0
182.37,137.47,6,0,0,Bank Transfer,2026-02-06,19:19,0
345.47,210.64,2,1,0,Bank Transfer,2026-02-06,19:26,0
686.38,645.08,6,0,0,UPI,2026-02-06,19:29,0
200.91,208.36,3,0,0,Card,2026-02-06,19:56,0
1561.47,1192.9,4,0,0,UPI,2026-02-06,20:22,0
430.25,284.78,8,0,0,ATM,2026-02-06,21:51,0
596.88,586.76,8,0,0,Online,2026-02-06,22:22,0
321.35,164.77,9,0,0,Card,2026-02-06,22:32,0
706.21,607.02,5,0,1,UPI,2026-02-06,23:08,0
1543.76,1502.97,3,0,1,Bank Transfer,2026-02-06,23:16,0
360.83,208.88,9,0,0,Bank Transfer,2026-02-06,23:20,0
1755.06,1592.44,4,0,0,Card,2026-02-06,23:29,0
239.88,233.87,3,0,0,UPI,2026-02-07,00:29,0
772.38,347.42,3,0,0,Online,2026-02-07,00:47,0
611.4,382.32,9,0,0,Card,2026-02-07,01:03,0
162.67,113.11,3,0,0,Card,2026-02-07,01:22,0
483.83,488.46,3,0,0,UPI,2026-02-07,01:42,0
405.96,337.91,4,0,0,Card,2026-02-07,01:48,0
195.35,143.02,6,0,0,UPI,2026-02-07,02:09,0
546.92,339.61,5,0,0,Card,2026-02-07,02:18,0
456.85,161.47,6,0,0,Bank Transfer,2026-02-07,02:39,0
379.29,139.27,7,0,0,Card,2026-02-07,02:39,0
380.58,210.99,6,0,0,ATM,2026-02-07,03:16,0
373.71,167.87,6,0,0,Card,2026-02-07,03:39,0
295.14,133.3,6,0,0,UPI,2026-02-07,04:30,0
454.35,391.8,5,0,1,Online,2026-02-07,05:13,0
233.38,201.79,6,0,0,UPI,2026-02-07,05:18,1
3859.48,1497.7,7,0,0,UPI,2026-02-07,05:44,0
121.76,104.09,5,0,0,Online,2026-02-07,05:53,1
245.42,116.32,8,0,0,UPI,2026-02-07,05:56,0
262.47,176.02,4,0,0,Bank Transfer,2026-02-07,06:16,0
2285.68,2722.78,6,0,0,Card,2026-02-07,06:41,0
131.35,104.26,1,0,0,Online,2026-02-07,06:42,0
579.42,219.64,4,0,0,Online,2026-02-07,06:54,0
498.27,321.64,7,0,0,Bank Transfer,2026-02-07,06:58,0
535.69,492.98,5,0,0,UPI,2026-02-07,07:04,0
1153.89,624.15,5,0,0,Card,2026-02-07,07:12,0
1133.94,1326.46,5,0,0,Card,2026-02-07,07:14,0
274.98,195.65,6,0,1,Card,2026-02-07,07:27,0
475.76,175.04,2,0,0,Bank Transfer,2026-02-07,07:33,0
82.72,100.0,2,0,1,Bank Transfer,2026-02-07,07:39,0
438.88,405.86,5,0,0,Online,2026-02-07,08:13,0
205.43,151.52,4,1,0,Bank Transfer,2026-02-07,08:24,0
344.32,392.16,6,0,0,Online,2026-02-07,08:59,0
96.3,107.53,3,0,1,Bank Transfer,2026-02-07,09:08,0
569.15,266.43,5,0,1,UPI,2026-02-07,09:21,0
95.38,100.0,4,0,0,Card,2026-02-07,09:48,0
457.62,281.65,6,0,1,Bank Transfer,2026-02-07,09:57,0
142.23,123.3,5,0,0,ATM,2026-02-07,09:59,0
195.94,168.77,4,0,0,Online,2026-02-07,10:11,0
1076.56,625.37,4,0,0,Online,2026-02-07,10:36,0
664.96,770.32,7,0,0,UPI,2026-02-07,11:23,0
1071.51,654.94,5,0,0,Card,2026-02-07,11:38,0
1518.94,1569.93,5,0,0,Bank Transfer,2026-02-07,11:45,0
209.16,221.12,4,0,0,UPI,2026-02-07,12:08,0
1442.49,625.56,4,0,0,UPI,2026-02-07,12:29,0
116.08,100.0,4,0,0,Bank Transfer,2026-02-07,12:31,0
760.66,405.36,6,0,0,Online,2026-02-07,12:34,0
265.25,300.18,3,0,0,Card,2026-02-07,12:47,0
182.96,118.64,4,1,0,Bank Transfer,2026-02-07,12:56,0
680.14,721.63,8,0,0,UPI,2026-02-07,13:40,0
900.73,681.24,8,1,0,Online,2026-02-07,13:48,0
878.29,648.74,5,1,0,Online,2026-02-07,13:48,0
484.26,541.36,4,0,0,Card,2026-02-07,14:08,0
451.31,327.1,4,0,0,Card,2026-02-07,14:43,0
631.33,620.68,2,0,0,UPI,2026-02-07,14:45,0
522.28,371.19,3,0,1,Online,2026-02-07,14:50,0
639.16,279.05,6,0,0,Bank Transfer,2026-02-07,15:05,0
479.81,189.59,5,0,0,Online,2026-02-07,15:41,0
825.81,435.21,4,1,0,Online,2026-02-07,15:43,0
101.18,100.0,2,0,0,ATM,2026-02-07,15:55,0
360.83,240.89,2,0,0,UPI,2026-02-07,16:33,0
124.43,100.0,6,1,1,Online,2026-02-07,16:34,1
510.4,222.84,3,0,0,Card,2026-02-07,16:43,0
1628.87,1432.72,3,0,0,Online,2026-02-07,16:49,0
269.62,278.5,3,0,0,Bank Transfer,2026-02-07,16:51,0
449.51,396.01,6,0,0,Card,2026-02-07,17:19,0
767.4,910.85,3,0,0,Card,2026-02-07,17:55,0
69.58,100.0,4,0,0,Card,2026-02-07,18:04,0
258.84,100.0,4,0,0,UPI,2026-02-07,19:09,0
549.96,426.22,5,0,0,Online,2026-02-07,19:51,0
34.38,100.0,5,0,0,Bank Transfer,2026-02-07,20:10,0
175.86,164.18,3,0,0,UPI,2026-02-07,20:36,0
1028.37,1053.28,5,0,0,Online,2026-02-07,20:40,0
946.29,413.59,5,0,0,Online,2026-02-07,21:12,1
554.56,626.5,4,0,0,ATM,2026-02-07,21:13,1
853.95,320.6,6,0,0,UPI,2026-02-07,21:27,0
484.36,452.95,7,0,0,Online,2026-02-07,21:32,0
646.83,437.79,7,0,0,Bank Transfer,2026-02-07,22:29,0
308.49,282.99,3,0,1,Online,2026-02-07,22:48,0
445.16,192.75,9,0,0,Online,2026-02-07,23:22,0
235.68,270.21,6,0,0,Card,2026-02-08,00:04,0
1180.82,1354.16,4,1,0,ATM,2026-02-08,00:21,1
1470.45,1163.85,3,0,0,Card,2026-02-08,00:33,0
1303.65,1020.95,4,0,0,Bank Transfer,2026-02-08,00:52,0
285.18,253.69,4,0,0,UPI,2026-02-08,00:59,0
179.34,151.2,2,0,0,Online,2026-02-08,01:00,0
1194.43,969.9,5,0,0,Online,2026-02-08,01:45,0
640.55,544.98,7,0,0,Online,2026-02-08,02:04,0
533.41,576.0,5,0,1,Bank Transfer,2026-02-08,02:19,0
235.43,204.68,7,0,0,UPI,2026-02-08,02:35,0
579.3,299.18,5,0,0,Online,2026-02-08,02:37,0
160.37,180.71,4,0,1,Bank Transfer,2026-02-08,02:41,0
691.56,368.99,3,0,0,Card,2026-02-08,02:59,0
1302.52,638.74,5,0,0,ATM,2026-02-08,03:05,0
1613.87,1932.6,4,0,1,Online,2026-02-08,03:08,0
736.75,391.51,4,0,0,Card,2026-02-08,03:18,0
124.62,100.0,3,0,1,UPI,2026-02-08,03:20,0
477.1,394.9,1,0,0,Online,2026-02-08,03:22,0
2486.74,2618.83,9,0,0,UPI,2026-02-08,03:23,0
192.81,100.0,7,0,0,Online,2026-02-08,03:28,0
383.64,294.09,8,0,0,Online,2026-02-08,03:51,0
1341.44,547.61,4,0,0,Online,2026-02-08,03:55,0
681.68,486.99,2,0,0,Online,2026-02-08,04:01,0
3321.37,2133.54,9,0,0,Card,2026-02-08,04:50,0
216.39,100.96,5,0,0,ATM,2026-02-08,05:19,0
173.94,198.53,6,0,0,Card,2026-02-08,05:44,0
1141.97,1015.95,5,0,0,Card,2026-02-08,05:49,0
145.98,155.71,2,0,0,Online,2026-02-08,06:11,0
341.3,382.27,6,0,0,Bank Transfer,2026-02-08,06:24,0
381.53,435.2,5,0,0,UPI,2026-02-08,06:35,0
973.2,959.48,8,0,1,Online,2026-02-08,06:52,0
680.02,415.43,9,0,0,ATM,2026-02-08,07:12,0
594.97,627.45,7,0,0,UPI,2026-02-08,07:41,0
286.56,227.0,9,0,0,Card,2026-02-08,07:48,0
1133.15,658.25,9,0,0,Online,2026-02-08,07:52,0
12356.66,8376.68,8,0,0,Card,2026-02-08,08:07,0
726.03,440.0,4,0,0,Bank Transfer,2026-02-08,08:07,0
439.1,327.69,5,0,0,UPI,2026-02-08,08:24,0
133.86,135.76,2,0,0,Bank Transfer,2026-02-08,08:25,0
234.66,178.84,4,0,0,UPI,2026-02-08,08:37,0
336.42,194.34,5,0,0,Bank Transfer,2026-02-08,08:45,0
256.11,108.66,4,0,0,Bank Transfer,2026-02-08,09:06,0
397.95,428.75,5,0,0,Online,2026-02-08,09:09,0
1828.61,1288.74,7,0,0,Bank Transfer,2026-02-08,10:04,0
1164.55,845.04,6,0,0,Card,2026-02-08,10:04,0
352.48,352.18,3,0,0,Card,2026-02-08,10:18,0
144.45,154.89,7,0,1,Bank Transfer,2026-02-08,10:21,0
1257.35,986.36,5,0,1,UPI,2026-02-08,10:21,0
386.95,343.43,2,0,0,Bank Transfer,2026-02-08,10:24,0
92.99,100.0,7,0,0,Online,2026-02-08,11:16,0
739.2,846.24,3,0,1,UPI,2026-02-08,11:22,0
964.72,803.35,5,0,0,ATM,2026-02-08,11:47,0
51.31,100.0,7,0,0,Card,2026-02-08,11:50,0
200.16,100.0,2,0,0,Bank Transfer,2026-02-08,12:02,0
367.28,327.38,8,0,0,Card,2026-02-08,12:18,0
753.2,499.83,6,0,0,Online,2026-02-08,12:47,0
260.24,190.64,4,0,0,Bank Transfer,2026-02-08,12:48,0
198.88,184.92,8,1,1,UPI,2026-02-08,13:01,0
748.52,768.64,3,0,0,Online,2026-02-08,13:15,0
270.95,175.29,6,0,0,Card,2026-02-08,13:30,0
639.54,698.54,7,0,0,Card,2026-02-08,13:33,0
156.84,100.0,4,0,0,ATM,2026-02-08,13:46,0
127.81,105.88,4,0,0,Card,2026-02-08,13:59,0
766.61,366.88,6,0,0,Bank Transfer,2026-02-08,14:55,0
500.02,297.94,3,0,0,Bank Transfer,2026-02-08,15:25,0
883.67,981.85,5,0,0,Bank Transfer,2026-02-08,15:34,0
256.54,100.0,6,0,0,Online,2026-02-08,15:45,0
205.24,231.56,2,1,0,Card,2026-02-08,16:06,0
1282.56,806.91,4,0,0,UPI,2026-02-08,16:10,0
110.55,104.08,6,0,0,UPI,2026-02-08,16:13,0
1168.81,500.2,4,0,0,ATM,2026-02-08,16:59,0
1239.46,1109.41,2,0,0,Card,2026-02-08,17:00,0
838.05,941.16,4,0,0,UPI,2026-02-08,17:14,0
224.83,184.8,6,0,0,Online,2026-02-08,17:27,0
201.53,132.57,6,0,0,UPI,2026-02-08,17:38,0
337.46,345.74,5,1,0,Card,2026-02-08,18:54,1
134.18,128.26,3,0,0,Online,2026-02-08,19:03,1
178.14,100.0,8,0,0,Online,2026-02-08,19:14,0
697.86,639.14,6,0,0,Online,2026-02-08,19:44,0
700.61,641.03,4,0,0,UPI,2026-02-08,19:48,0
165.32,163.52,6,0,0,UPI,2026-02-08,19:54,0
716.73,443.56,4,0,0,Card,2026-02-08,19:55,0
593.57,410.21,10,0,1,UPI,2026-02-08,20:00,0
1455.93,1697.67,4,0,1,Online,2026-02-08,20:16,0
654.43,548.05,5,0,0,Bank Transfer,2026-02-08,20:32,0
992.07,776.03,2,0,0,Card,2026-02-08,20:33,0
605.17,719.44,6,0,0,Card,2026-02-08,20:36,0
927.91,505.83,3,0,0,Online,2026-02-08,20:39,0
135.09,100.0,5,0,0,Bank Transfer,2026-02-08,20:42,0
363.77,362.28,6,0,0,UPI,2026-02-08,21:00,0
390.28,373.16,4,0,0,UPI,2026-02-08,21:02,1
327.93,384.24,8,0,0,UPI,2026-02-08,21:07,0
588.34,533.13,8,0,0,UPI,2026-02-08,21:39,0
691.75,426.21,6,0,0,Card,2026-02-08,21:43,0
563.08,387.4,5,0,1,Online,2026-02-08,22:06,0
347.09,147.95,6,0,0,Bank Transfer,2026-02-08,22:16,1
215.86,245.04,4,0,0,ATM,2026-02-08,22:38,0
1025.16,470.93,8,0,1,Online,2026-02-08,22:54,0
543.09,441.99,2,0,0,Card,2026-02-08,23:00,1
169.72,117.31,7,1,1,ATM,2026-02-08,23:03,1
342.19,158.81,5,0,0,UPI,2026-02-08,23:09,0
91.67,100.0,5,0,0,Online,2026-02-08,23:16,0
415.74,369.4,4,0,0,Online,2026-02-08,23:52,0
340.83,128.34,4,0,0,UPI,2026-02-09,00:15,0
247.57,289.93,4,0,0,Online,2026-02-09,00:27,0
1551.4,1741.8,5,0,0,Card,2026-02-09,00:35,0
151.0,100.0,5,0,0,Online,2026-02-09,00:43,0
735.41,800.2,5,0,0,Bank Transfer,2026-02-09,00:58,0
2588.16,1628.69,3,0,0,UPI,2026-02-09,01:16,0
1007.95,410.62,5,0,0,Online,2026-02-09,01:20,0
392.76,239.66,1,0,0,Card,2026-02-09,01:25,0
153.86,159.64,5,0,0,Online,2026-02-09,01:36,0
126.75,116.1,8,0,0,ATM,2026-02-09,01:41,0
284.34,157.18,5,0,0,Online,2026-02-09,01:46,0
224.99,216.28,7,0,1,Bank Transfer,2026-02-09,01:46,1
218.85,208.27,5,0,1,Card,2026-02-09,02:39,0
305.71,300.03,4,0,0,UPI,2026-02-09,03:28,0
369.85,299.41,7,0,0,Card,2026-02-09,03:30,1
609.37,637.47,4,0,0,Bank Transfer,2026-02-09,03:35,0
140.88,126.11,8,0,0,Bank Transfer,2026-02-09,03:36,0
225.9,103.14,2,0,0,ATM,2026-02-09,03:50,0
352.23,365.87,3,0,0,Online,2026-02-09,04:00,0
341.67,213.61,3,0,0,Online,2026-02-09,04:53,0
1921.69,1824.22,3,0,0,UPI,2026-02-09,05:19,0
491.47,454.05,8,0,0,Online,2026-02-09,05:23,0
102.36,100.0,3,0,0,Online,2026-02-09,05:37,0
575.62,280.58,5,0,1,ATM,2026-02-09,05:50,0
641.5,603.47,8,0,0,Bank Transfer,2026-02-09,05:56,0
362.72,388.72,6,0,0,UPI,2026-02-09,06:03,0
143.83,152.82,4,0,0,UPI,2026-02-09,06:16,0
1797.85,1586.65,7,0,0,Card,2026-02-09,06:28,0
162.49,100.0,5,0,0,UPI,2026-02-09,06:48,0
707.44,437.75,4,0,0,Bank Transfer,2026-02-09,07:17,0
478.21,474.11,4,0,0,UPI,2026-02-09,07:54,0
672.29,470.08,5,0,0,Online,2026-02-09,07:58,0
1721.29,1674.17,6,0,0,UPI,2026-02-09,08:20,0
650.27,398.64,7,0,0,Card,2026-02-09,08:33,0
250.92,100.0,4,0,1,Online,2026-02-09,08:39,0
1032.87,891.33,6,0,0,Online,2026-02-09,09:03,0
235.94,203.09,5,0,0,Card,2026-02-09,09:14,0
463.6,409.56,5,0,0,Online,2026-02-09,09:44,0
134.41,100.0,8,0,0,Online,2026-02-09,09:59,0
167.62,174.23,4,1,0,UPI,2026-02-09,10:08,0
421.44,322.13,3,0,0,ATM,2026-02-09,10:41,0
551.63,550.54,5,1,0,Card,2026-02-09,11:14,0
94.91,100.0,8,0,0,Online,2026-02-09,11:22,0
615.66,433.22,3,0,0,Online,2026-02-09,11:34,0
201.04,186.5,5,0,0,Card,2026-02-09,11:46,0
1197.19,1004.12,1,0,0,Online,2026-02-09,11:58,0
299.12,234.54,3,0,0,Online,2026-02-09,12:20,0
155.23,139.91,8,0,0,Online,2026-02-09,12:30,0
430.28,182.03,8,0,0,Online,2026-02-09,12:33,0
185.16,208.06,9,0,1,Online,2026-02-09,13:27,0
1186.31,753.09,4,0,0,Card,2026-02-09,14:04,0
403.61,218.35,8,0,0,Bank Transfer,2026-02-09,14:28,0
354.63,356.77,3,0,0,Bank Transfer,2026-02-09,14:31,0
667.16,364.63,5,0,0,Online,2026-02-09,14:39,0
171.71,205.43,6,0,0,Card,2026-02-09,15:15,0
134.86,100.0,8,1,0,UPI,2026-02-09,15:35,0
570.83,343.72,2,0,1,UPI,2026-02-09,15:46,0
158.42,100.0,3,0,0,ATM,2026-02-09,16:02,0
158.38,100.0,5,0,0,ATM,2026-02-09,16:11,0
821.59,354.0,6,0,0,Card,2026-02-09,16:14,0
630.37,223.33,5,0,0,UPI,2026-02-09,17:05,1
138.97,100.0,5,1,0,Online,2026-02-09,17:11,0
238.35,146.32,3,0,0,Online,2026-02-09,17:25,0
187.13,133.91,9,0,0,Online,2026-02-09,17:49,0
1825.98,1000.61,3,0,0,Card,2026-02-09,17:50,0
871.41,351.46,6,0,0,Online,2026-02-09,17:55,0
282.11,115.8,3,0,0,Online,2026-02-09,17:59,0
658.37,332.36,3,0,1,Online,2026-02-09,18:40,0
127.39,100.0,6,0,0,Online,2026-02-09,18:48,0
227.75,108.36,3,0,0,Online,2026-02-09,19:20,0
441.04,291.24,5,0,0,Bank Transfer,2026-02-09,19:39,0
592.53,671.86,6,0,0,Online,2026-02-09,19:53,0
371.36,212.55,4,0,0,UPI,2026-02-09,19:54,0
498.11,245.64,5,0,0,Card,2026-02-09,20:21,0
431.21,394.58,5,0,0,ATM,2026-02-09,20:44,0
351.06,269.35,4,0,0,Online,2026-02-09,21:00,0
313.65,122.38,3,0,0,Card,2026-02-09,21:04,0
280.81,286.32,6,0,0,Card,2026-02-09,21:16,0
491.35,470.73,6,0,0,Card,2026-02-09,21:42,0
572.03,675.4,2,0,0,Bank Transfer,2026-02-09,22:18,0
477.52,547.98,3,0,0,ATM,2026-02-09,22:46,0
148.15,125.42,9,0,0,Bank Transfer,2026-02-09,22:46,0
172.59,161.05,6,0,0,Online,2026-02-09,22:59,0
566.26,395.29,7,0,0,ATM,2026-02-09,23:00,0
1409.4,1557.67,4,0,0,Online,2026-02-09,23:01,0
459.23,376.52,6,0,1,UPI,2026-02-09,23:13,0
284.31,178.19,3,0,0,Card,2026-02-09,23:28,0
488.18,174.8,8,0,0,UPI,2026-02-09,23:57,0
153.5,130.24,4,0,0,UPI,2026-02-09,23:58,0
1227.34,977.72,7,0,0,UPI,2026-02-10,00:07,0
472.77,491.72,4,0,0,UPI,2026-02-10,00:18,0
228.37,116.23,3,0,0,Online,2026-02-10,00:29,0
350.1,365.19,8,0,0,UPI,2026-02-10,00:39,1
257.76,100.0,4,0,0,Online,2026-02-10,00:43,0
1230.18,1044.69,4,0,0,Online,2026-02-10,01:07,0
339.71,233.49,5,0,0,UPI,2026-02-10,01:17,0
460.38,290.87,9,0,0,Online,2026-02-10,01:20,0
656.99,471.92,5,0,0,Online,2026-02-10,01:27,0
214.94,116.08,9,0,0,UPI,2026-02-10,01:31,0
475.64,240.63,5,0,0,UPI,2026-02-10,02:03,0
509.42,526.91,5,0,0,Online,2026-02-10,02:11,0
107.67,100.0,2,1,0,UPI,2026-02-10,02:17,1
500.09,488.3,7,0,0,ATM,2026-02-10,02:35,0
388.04,370.44,3,0,1,Bank Transfer,2026-02-10,03:00,0
450.55,170.48,5,0,0,UPI,2026-02-10,03:04,0
415.83,456.96,2,0,0,Online,2026-02-10,03:28,1
502.85,513.39,4,0,0,Card,2026-02-10,03:36,0
1257.33,1290.84,4,0,0,UPI,2026-02-10,03:38,0
148.03,153.63,2,0,0,ATM,2026-02-10,03:55,0
301.62,254.92,5,0,0,UPI,2026-02-10,04:26,0
710.97,849.16,3,0,0,Bank Transfer,2026-02-10,04:34,0
607.16,304.96,3,0,0,Card,2026-02-10,05:37,0
596.15,245.31,4,0,0,Online,2026-02-10,05:46,0
4190.35,3974.73,4,0,1,UPI,2026-02-10,05:54,0
679.95,407.86,8,0,0,Online,2026-02-10,06:14,0
1055.0,914.68,7,0,0,UPI,2026-02-10,07:28,0
310.75,212.23,3,0,0,UPI,2026-02-10,07:37,0
173.47,109.89,3,0,0,Online,2026-02-10,08:17,0
308.84,342.59,6,0,0,UPI,2026-02-10,08:18,0
738.9,347.83,2,0,0,Online,2026-02-10,09:03,0
570.1,291.11,7,0,0,Online,2026-02-10,09:19,0
568.36,521.57,8,0,0,UPI,2026-02-10,09:37,0
336.23,341.35,6,0,1,Card,2026-02-10,09:46,0
293.61,310.46,9,0,0,Online,2026-02-10,09:50,0
346.24,189.21,4,0,0,Online,2026-02-10,09:52,0
746.81,821.33,2,0,0,UPI,2026-02-10,10:39,0
824.37,715.65,3,0,0,Online,2026-02-10,11:11,0
171.52,180.05,6,0,0,Online,2026-02-10,11:12,0
771.23,314.85,9,0,0,Online,2026-02-10,11:14,0
232.03,151.6,3,0,1,Online,2026-02-10,11:17,0
600.99,478.47,4,0,0,Online,2026-02-10,11:20,0
342.69,288.0,2,0,0,Online,2026-02-10,11:37,0
1526.79,662.95,5,0,0,Online,2026-02-10,11:42,0
282.77,228.44,7,0,0,Bank Transfer,2026-02-10,11:45,0
469.57,429.97,3,1,0,Online,2026-02-10,11:57,0
675.6,444.11,6,0,0,ATM,2026-02-10,12:15,0
191.93,148.87,6,0,0,Bank Transfer,2026-02-10,12:34,1
379.2,227.02,1,0,0,Card,2026-02-10,13:11,0
321.63,350.55,5,0,0,Bank Transfer,2026-02-10,13:27,0
260.67,224.0,4,0,1,Bank Transfer,2026-02-10,13:56,0
277.62,227.25,4,0,0,Online,2026-02-10,14:43,0
1038.17,1196.7,2,0,0,ATM,2026-02-10,15:13,0
242.56,221.99,2,0,0,UPI,2026-02-10,15:27,0
652.91,383.82,3,0,0,ATM,2026-02-10,15:28,0
527.11,472.02,5,0,0,UPI,2026-02-10,15:31,0
123.05,143.64,7,0,0,Bank Transfer,2026-02-10,15:36,0
627.22,232.09,3,0,1,UPI,2026-02-10,16:06,1
121.33,107.09,1,0,0,Card,2026-02-10,16:21,0
688.06,332.55,11,0,0,UPI,2026-02-10,17:03,0
262.14,273.67,4,0,0,Card,2026-02-10,17:30,0
406.31,363.48,4,1,0,Online,2026-02-10,17:46,0
134.27,153.93,7,0,0,Bank Transfer,2026-02-10,18:25,0
447.66,411.46,11,0,1,Online,2026-02-10,18:36,0
887.06,323.45,7,0,0,Online,2026-02-10,18:42,0
203.18,159.25,6,0,0,Online,2026-02-10,19:08,0
240.79,269.23,8,0,0,UPI,2026-02-10,19:22,0
593.73,325.04,4,0,0,Online,2026-02-10,19:22,1
606.48,255.0,2,0,0,Card,2026-02-10,19:25,0
50.96,100.0,6,0,0,Card,2026-02-10,19:31,0
2237.46,1738.8,2,0,0,Card,2026-02-10,19:57,0
632.24,246.86,4,0,0,UPI,2026-02-10,20:16,0
729.52,428.9,2,0,0,Bank Transfer,2026-02-10,20:58,0
357.09,224.16,6,0,0,Bank Transfer,2026-02-10,21:57,0
83.34,100.0,6,0,1,UPI,2026-02-10,22:31,0
715.88,537.53,3,0,0,ATM,2026-02-10,22:32,0
249.53,190.67,2,0,0,UPI,2026-02-10,22:41,0
640.56,663.37,5,0,0,Online,2026-02-10,23:07,0
334.96,196.51,6,0,1,Bank Transfer,2026-02-10,23:19,0
493.9,455.22,4,0,0,UPI,2026-02-10,23:31,0
208.77,138.3,5,0,1,Card,2026-02-10,23:45,0
841.12,593.5,7,0,0,Card,2026-02-10,23:46,0
146.92,120.84,2,0,0,UPI,2026-02-11,00:08,0
2720.94,2561.22,7,0,0,Card,2026-02-11,00:25,0
2703.38,3118.12,7,0,0,UPI,2026-02-11,00:26,0
1616.14,935.19,9,0,0,ATM,2026-02-11,00:54,0
1192.92,522.72,7,0,0,ATM,2026-02-11,01:09,0
375.45,268.25,4,0,0,ATM,2026-02-11,01:11,0
1087.42,885.93,4,1,0,UPI,2026-02-11,01:20,0
371.76,202.16,3,0,0,Bank Transfer,2026-02-11,01:21,1
107.72,119.23,1,0,0,Online,2026-02-11,01:23,0
1447.69,1489.7,9,0,0,UPI,2026-02-11,01:55,0
1053.11,810.49,7,0,0,Bank Transfer,2026-02-11,02:14,0
392.82,287.76,8,1,0,UPI,2026-02-11,02:18,0
142.39,100.0,6,1,0,UPI,2026-02-11,02:41,0
245.12,197.65,4,0,0,Online,2026-02-11,03:03,0
85.8,100.0,5,0,0,ATM,2026-02-11,03:07,0
900.83,998.02,5,0,0,UPI,2026-02-11,03:09,0
103.25,100.0,7,0,0,Online,2026-02-11,03:12,1
514.81,249.05,4,0,0,UPI,2026-02-11,03:13,0
196.93,100.0,1,0,0,Bank Transfer,2026-02-11,03:23,0
119.98,100.0,5,0,0,UPI,2026-02-11,03:26,0
494.03,567.03,8,0,0,Bank Transfer,2026-02-11,04:12,0
303.77,311.18,8,0,0,Card,2026-02-11,04:21,0
822.59,864.59,8,0,0,UPI,2026-02-11,04:22,0
137.35,146.19,4,0,0,Online,2026-02-11,04:36,0
211.94,100.0,2,0,0,UPI,2026-02-11,04:56,0
53.01,100.0,3,0,0,Online,2026-02-11,05:03,0
63.01,100.0,7,0,0,Card,2026-02-11,05:11,0
1860.25,1006.58,6,0,0,Bank Transfer,2026-02-11,05:11,0
2370.98,1818.7,4,0,0,Online,2026-02-11,05:14,0
436.51,398.56,4,0,0,Card,2026-02-11,05:20,0
200.29,222.87,3,0,0,UPI,2026-02-11,05:54,0
313.04,138.94,3,0,0,ATM,2026-02-11,06:45,0
847.71,939.57,9,0,0,ATM,2026-02-11,07:27,0
260.54,295.47,5,0,0,Online,2026-02-11,07:52,0
493.73,560.42,3,0,1,Online,2026-02-11,08:05,0
399.08,141.32,3,0,0,Card,2026-02-11,08:10,0
248.77,133.8,4,0,0,Card,2026-02-11,08:11,0
257.94,241.84,6,0,0,ATM,2026-02-11,08:16,0
517.66,322.75,8,0,0,Bank Transfer,2026-02-11,08:37,0
175.85,100.0,5,0,0,ATM,2026-02-11,09:03,0
592.27,591.39,3,0,0,UPI,2026-02-11,09:33,0
270.2,101.14,5,1,0,Bank Transfer,2026-02-11,09:44,0
449.56,327.78,3,0,0,UPI,2026-02-11,09:51,0
1308.15,1511.49,2,0,0,Card,2026-02-11,10:32,0
349.69,253.24,5,0,0,Card,2026-02-11,10:35,0
881.68,991.99,5,0,0,Card,2026-02-11,10:42,0
87.95,100.0,5,0,0,Bank Transfer,2026-02-11,10:44,0
270.48,174.37,5,0,0,UPI,2026-02-11,10:52,0
413.04,182.26,7,0,0,Card,2026-02-11,11:00,0
2069.02,1353.92,7,0,0,UPI,2026-02-11,11:07,0
76.25,100.0,4,0,0,Card,2026-02-11,11:07,0
371.75,397.61,3,0,0,Bank Transfer,2026-02-11,11:39,0
1391.57,1575.15,5,1,0,Card,2026-02-11,11:41,0
207.0,100.0,4,0,0,Online,2026-02-11,11:48,0
336.66,145.95,5,0,0,ATM,2026-02-11,11:49,0
534.85,479.62,4,0,0,ATM,2026-02-11,11:50,0
471.93,359.63,7,0,0,Online,2026-02-11,11:56,0
1526.76,919.64,4,0,1,Online,2026-02-11,11:58,1
590.64,337.21,4,0,0,Card,2026-02-11,12:00,0
1247.14,674.67,2,1,0,Online,2026-02-11,12:20,0
297.08,236.66,3,0,0,Online,2026-02-11,13:32,0
214.98,100.0,3,0,0,Card,2026-02-11,13:35,0
333.0,325.69,4,1,0,ATM,2026-02-11,13:40,0
150.62,100.0,6,0,0,UPI,2026-02-11,13:51,0
608.49,433.74,4,0,0,ATM,2026-02-11,14:00,0
290.62,231.91,7,1,0,Card,2026-02-11,14:17,0
227.92,120.72,4,0,0,Card,2026-02-11,14:53,0
616.38,678.72,4,0,0,UPI,2026-02-11,15:11,0
152.6,141.89,3,0,0,Bank Transfer,2026-02-11,15:11,0
776.6,846.3,7,0,0,Bank Transfer,2026-02-11,15:11,0
268.65,202.6,7,0,0,UPI,2026-02-11,15:15,0
1080.56,775.4,10,0,1,Card,2026-02-11,15:40,0
288.93,159.36,6,0,0,UPI,2026-02-11,15:49,0
690.3,561.29,8,0,0,Bank Transfer,2026-02-11,15:54,0
469.95,401.43,4,0,0,UPI,2026-02-11,16:07,0
759.24,536.73,6,0,0,ATM,2026-02-11,16:27,0
442.95,209.77,4,0,0,UPI,2026-02-11,16:40,0
98.11,100.0,1,0,1,ATM,2026-02-11,17:23,0
950.96,344.36,7,0,0,Online,2026-02-11,17:33,0
374.45,232.64,8,1,1,UPI,2026-02-11,17:55,0
789.25,665.85,4,0,0,Online,2026-02-11,18:06,0
725.39,843.16,5,0,0,Online,2026-02-11,18:12,0
209.08,104.79,6,0,0,UPI,2026-02-11,18:35,0
185.38,100.0,5,0,1,Online,2026-02-11,19:24,1
704.19,423.83,4,0,0,Online,2026-02-11,19:42,0
311.76,150.67,5,0,1,UPI,2026-02-11,19:57,0
894.23,841.64,3,0,0,Online,2026-02-11,20:08,0
346.72,123.05,5,0,0,Online,2026-02-11,20:32,0
962.85,1139.76,4,0,0,UPI,2026-02-11,20:42,0
578.14,622.84,9,0,0,Bank Transfer,2026-02-11,21:02,0
515.32,395.28,2,0,0,Online,2026-02-11,21:03,0
293.56,332.55,5,0,1,Card,2026-02-11,21:28,0
491.55,434.46,5,0,0,Online,2026-02-11,21:39,0
1112.01,1328.52,3,0,1,Online,2026-02-11,21:46,0
385.26,225.98,3,0,0,Card,2026-02-11,21:59,0
633.65,758.71,1,0,0,UPI,2026-02-11,22:05,0
419.64,211.17,6,1,0,Online,2026-02-11,22:39,0
448.5,291.71,5,0,0,Card,2026-02-11,22:51,0
1745.68,1998.85,5,0,1,Card,2026-02-11,22:53,0
1120.43,745.04,6,1,0,Card,2026-02-11,23:08,1
431.6,228.04,8,0,0,Online,2026-02-11,23:31,0
484.1,193.91,3,1,0,Card,2026-02-11,23:59,0
222.16,105.89,5,0,0,Bank Transfer,2026-02-12,00:24,0
348.27,227.05,5,0,1,Bank Transfer,2026-02-12,00:44,0
524.78,371.57,3,0,0,Card,2026-02-12,01:00,0
831.33,674.27,5,0,0,UPI,2026-02-12,01:47,0
762.68,794.37,3,0,0,UPI,2026-02-12,02:18,0
157.14,100.0,4,0,0,Online,2026-02-12,02:18,0
925.59,985.71,2,0,0,Online,2026-02-12,02:52,0
374.11,314.5,3,0,0,Card,2026-02-12,02:57,0
174.35,173.13,5,1,0,Online,2026-02-12,03:16,0
1256.3,1248.05,3,0,0,Online,2026-02-12,03:19,0
1399.38,1564.12,6,0,0,Online,2026-02-12,03:19,0
504.81,216.75,6,0,0,Card,2026-02-12,03:30,0
736.92,615.91,5,1,0,Card,2026-02-12,04:02,0
774.59,869.61,3,0,0,UPI,2026-02-12,04:36,0
1321.35,1270.24,4,0,0,Card,2026-02-12,04:45,0
749.09,323.68,10,0,0,UPI,2026-02-12,05:21,0
130.51,113.79,6,0,0,Bank Transfer,2026-02-12,05:43,0
2226.84,2293.41,4,0,0,Bank Transfer,2026-02-12,06:07,0
998.05,582.5,5,0,0,Online,2026-02-12,07:08,0
261.62,232.22,9,0,1,Card,2026-02-12,07:44,0
168.14,178.96,3,0,1,Online,2026-02-12,07:49,0
619.61,492.77,2,0,0,Bank Transfer,2026-02-12,08:04,0
318.45,164.02,8,0,0,Online,2026-02-12,08:24,0
534.05,436.44,4,0,1,UPI,2026-02-12,08:32,0
758.92,644.93,4,0,0,Card,2026-02-12,09:07,0
249.27,172.6,7,0,0,Bank Transfer,2026-02-12,09:50,0
156.23,144.93,6,0,0,ATM,2026-02-12,09:51,0
560.0,402.27,10,0,1,ATM,2026-02-12,10:01,0
256.37,280.93,3,0,0,Card,2026-02-12,10:13,0
456.77,467.22,5,0,0,Bank Transfer,2026-02-12,10:36,0
128.79,133.17,3,0,0,ATM,2026-02-12,11:30,0
325.59,259.55,3,0,1,UPI,2026-02-12,11:30,0
740.78,382.91,5,0,0,Bank Transfer,2026-02-12,11:52,0
675.22,652.1,3,0,0,ATM,2026-02-12,11:53,0
206.42,100.0,3,0,0,Card,2026-02-12,12:27,0
149.45,118.06,7,0,1,Card,2026-02-12,12:31,0
408.87,161.52,2,0,1,Online,2026-02-12,12:53,1
649.94,519.4,3,0,0,Bank Transfer,2026-02-12,13:03,0
569.3,531.17,6,0,0,Card,2026-02-12,13:15,0
261.04,184.38,4,0,0,UPI,2026-02-12,13:41,0
519.65,366.02,4,0,0,UPI,2026-02-12,13:54,0
1446.64,657.32,6,0,0,Card,2026-02-12,14:33,0
480.28,291.33,6,0,0,UPI,2026-02-12,14:54,0
100.67,100.0,6,0,0,UPI,2026-02-12,15:06,0
479.49,519.78,5,0,0,Bank Transfer,2026-02-12,15:22,0
2292.42,2552.11,5,0,0,Bank Transfer,2026-02-12,15:35,0
135.06,156.74,3,0,0,Card,2026-02-12,15:51,0
413.75,180.07,4,0,0,ATM,2026-02-12,16:44,0
332.82,200.29,7,0,0,Online,2026-02-12,16:54,0
437.69,325.41,4,0,0,Online,2026-02-12,17:04,0
475.86,426.12,4,0,0,Online,2026-02-12,17:07,0
1063.13,1007.19,2,0,0,Card,2026-02-12,17:42,0
433.58,441.43,2,1,0,Online,2026-02-12,18:10,0
1194.72,921.72,3,0,0,Online,2026-02-12,18:11,0
365.03,300.46,9,0,0,Card,2026-02-12,18:21,0
299.58,349.46,7,0,0,Card,2026-02-12,18:28,0
228.42,126.55,6,0,0,ATM,2026-02-12,18:36,0
86.1,100.0,2,0,0,UPI,2026-02-12,20:06,0
510.0,487.07,4,0,0,ATM,2026-02-12,21:09,0
2312.07,1084.54,4,0,0,Bank Transfer,2026-02-12,21:10,0
595.56,677.46,5,0,0,Online,2026-02-12,22:02,0
723.24,778.96,4,0,0,UPI,2026-02-12,22:36,0
283.99,287.56,4,0,0,Online,2026-02-12,22:49,0
327.77,150.04,2,1,0,UPI,2026-02-12,22:56,0
931.64,436.68,5,0,0,UPI,2026-02-12,23:22,0
2224.73,2070.6,4,0,0,UPI,2026-02-12,23:34,0
1429.04,630.46,4,0,0,UPI,2026-02-12,23:52,0
799.88,357.0,4,0,0,UPI,2026-02-12,23:59,0
415.66,286.91,4,0,1,UPI,2026-02-13,00:01,0
482.15,170.96,8,0,0,Online,2026-02-13,00:12,0
212.62,204.81,5,0,0,Online,2026-02-13,00:22,0
117.81,100.0,4,0,0,Bank Transfer,2026-02-13,00:23,0
154.81,100.0,8,1,1,Online,2026-02-13,00:26,1
420.87,341.77,7,0,0,Card,2026-02-13,00:26,0
314.76,124.64,3,0,1,UPI,2026-02-13,00:48,0
115.7,100.0,6,0,0,Card,2026-02-13,00:53,0
390.83,298.07,5,0,0,Online,2026-02-13,00:57,0
307.76,238.47,4,0,0,Card,2026-02-13,03:11,0
148.87,100.0,4,0,0,Online,2026-02-13,03:34,0
294.52,258.74,2,0,0,Card,2026-02-13,04:16,0
307.11,208.6,3,0,0,Bank Transfer,2026-02-13,04:49,0
238.86,202.77,1,0,0,Bank Transfer,2026-02-13,05:08,0
886.84,574.07,10,0,0,Card,2026-02-13,05:27,0
80.04,100.0,5,1,1,Card,2026-02-13,05:29,1
74.59,100.0,6,0,0,Card,2026-02-13,06:13,1
404.56,196.63,5,0,0,UPI,2026-02-13,06:52,0
437.78,408.59,6,1,0,ATM,2026-02-13,07:07,0
568.83,578.13,9,0,0,Online,2026-02-13,07:38,0
255.16,103.59,6,1,0,UPI,2026-02-13,08:33,0
184.89,160.57,2,0,0,Online,2026-02-13,08:47,0
400.93,409.69,6,0,0,Online,2026-02-13,09:16,0
277.18,124.02,4,0,0,UPI,2026-02-13,09:58,0
1507.81,1683.32,4,0,0,Card,2026-02-13,10:19,0
306.25,215.17,7,0,0,Bank Transfer,2026-02-13,11:04,0
385.6,376.79,6,0,0,ATM,2026-02-13,11:30,0
3308.02,3685.77,3,0,0,Online,2026-02-13,11:53,0
341.88,407.24,4,0,0,Card,2026-02-13,12:47,0
647.25,547.79,11,0,0,Card,2026-02-13,12:50,0
698.8,662.9,3,0,0,Online,2026-02-13,12:59,0
751.21,423.64,3,0,0,Bank Transfer,2026-02-13,13:16,0
515.98,307.8,6,0,0,Card,2026-02-13,13:19,0
475.69,510.49,5,0,0,UPI,2026-02-13,13:31,0
439.34,302.49,2,0,0,UPI,2026-02-13,13:36,0
247.25,259.38,5,0,0,UPI,2026-02-13,13:47,0
532.03,209.09,2,0,0,Bank Transfer,2026-02-13,14:11,0
2262.78,1211.75,6,0,0,UPI,2026-02-13,14:19,0
1128.99,558.38,8,0,0,Bank Transfer,2026-02-13,15:25,0
522.35,416.84,3,0,1,Online,2026-02-13,15:41,0
835.02,349.41,4,0,0,Card,2026-02-13,15:59,0
192.71,123.78,5,0,0,Card,2026-02-13,16:03,0
323.29,384.17,3,0,0,UPI,2026-02-13,16:08,0
902.95,925.6,6,0,1,UPI,2026-02-13,16:24,0
1428.09,1423.09,5,0,0,Online,2026-02-13,17:12,0
209.51,100.0,6,1,0,Bank Transfer,2026-02-13,17:20,0
267.45,176.49,3,0,0,UPI,2026-02-13,17:32,0
2576.45,2392.24,4,0,0,ATM,2026-02-13,17:45,0
437.83,161.29,5,0,0,Card,2026-02-13,18:13,0
1900.47,1366.21,5,0,0,Card,2026-02-13,18:24,0
480.98,547.98,5,0,0,Card,2026-02-13,19:01,0
497.33,208.87,4,0,0,Online,2026-02-13,19:27,0
311.17,348.61,8,1,0,Card,2026-02-13,19:57,0
898.9,463.24,2,0,0,Online,2026-02-13,20:29,0
1279.35,653.42,6,0,0,ATM,2026-02-13,21:06,0
167.38,100.0,6,0,0,Card,2026-02-13,21:10,1
298.99,341.32,3,0,0,Bank Transfer,2026-02-13,21:32,0
878.15,758.0,4,0,0,UPI,2026-02-13,23:47,0
361.36,357.09,2,0,0,UPI,2026-02-13,23:52,0
265.24,175.44,6,0,1,UPI,2026-02-14,00:23,1
951.57,1039.36,7,1,1,Bank Transfer,2026-02-14,00:43,0
1030.64,870.53,3,0,0,Card,2026-02-14,00:44,0
275.28,236.71,14,0,0,Bank Transfer,2026-02-14,01:02,0
483.24,478.15,6,1,0,Bank Transfer,2026-02-14,01:37,1
144.43,145.53,5,0,0,Online,2026-02-14,01:52,0
188.45,175.18,3,0,1,UPI,2026-02-14,01:52,0
448.33,202.23,3,1,0,Online,2026-02-14,02:19,0
414.34,450.27,7,0,0,UPI,2026-02-14,02:21,0
177.36,101.41,7,0,0,Bank Transfer,2026-02-14,02:34,0
219.52,262.71,4,0,0,Online,2026-02-14,03:16,0
163.16,110.57,5,0,0,UPI,2026-02-14,03:58,1
593.95,268.47,4,0,0,Online,2026-02-14,04:04,0
75.76,100.0,5,0,0,Card,2026-02-14,04:20,0
170.74,143.0,4,0,0,UPI,2026-02-14,04:36,0
82.81,100.0,4,0,0,Online,2026-02-14,04:43,0
576.03,607.36,5,1,1,Online,2026-02-14,05:10,1
87.15,100.0,5,0,0,Online,2026-02-14,05:17,0
414.46,220.26,4,0,0,Card,2026-02-14,05:37,0
1625.54,1313.48,4,0,0,UPI,2026-02-14,05:38,0
1673.08,1705.54,1,0,0,Online,2026-02-14,06:28,0
86.92,100.0,7,0,0,Card,2026-02-14,07:04,0
519.91,356.5,5,0,1,UPI,2026-02-14,07:23,0
174.06,197.69,7,0,0,Bank Transfer,2026-02-14,07:50,0
146.33,100.0,7,0,0,Card,2026-02-14,08:02,0
366.34,338.93,4,0,1,UPI,2026-02-14,08:12,0
1146.02,1162.85,5,0,0,UPI,2026-02-14,08:17,0
671.63,477.78,7,0,0,ATM,2026-02-14,08:23,0
219.67,100.0,5,0,0,ATM,2026-02-14,08:28,0
734.57,686.07,6,0,0,Online,2026-02-14,08:45,0
59.91,100.0,7,0,0,Bank Transfer,2026-02-14,08:49,0
212.72,101.9,2,0,0,Card,2026-02-14,08:55,0
200.28,100.0,6,0,1,UPI,2026-02-14,09:03,0
431.2,432.83,4,0,0,Card,2026-02-14,09:09,0
339.54,172.92,4,0,0,Card,2026-02-14,09:13,0
357.72,272.4,6,0,0,UPI,2026-02-14,10:00,0
347.75,408.55,7,0,0,Bank Transfer,2026-02-14,10:33,0
411.19,409.13,9,0,0,Online,2026-02-14,11:26,0
638.49,520.45,3,0,0,Online,2026-02-14,11:37,0
458.03,365.98,4,0,0,ATM,2026-02-14,11:39,0
316.81,155.94,8,0,0,Bank Transfer,2026-02-14,12:33,0
567.64,414.07,4,1,0,Card,2026-02-14,13:06,0
814.2,385.25,4,0,0,UPI,2026-02-14,13:30,0
251.48,105.89,9,0,0,Card,2026-02-14,13:49,0
383.56,169.83,4,0,0,UPI,2026-02-14,14:57,0
1083.14,937.59,4,0,0,Bank Transfer,2026-02-14,15:22,0
158.01,100.0,7,0,0,Online,2026-02-14,15:39,0
1870.57,892.16,3,0,0,Online,2026-02-14,15:40,0
129.25,140.5,1,0,0,Bank Transfer,2026-02-14,15:41,0
300.8,136.48,6,0,0,Online,2026-02-14,16:16,0
179.89,170.86,6,0,0,Online,2026-02-14,16:16,0
2590.84,1825.12,4,0,0,UPI,2026-02-14,16:30,0
263.0,221.5,2,0,0,Card,2026-02-14,16:40,0
263.56,100.0,7,0,0,Bank Transfer,2026-02-14,16:42,0
294.38,103.04,5,0,0,Online,2026-02-14,17:04,0
437.58,457.12,4,0,0,Online,2026-02-14,17:21,0
305.16,230.13,2,0,0,Online,2026-02-14,18:04,0
360.34,147.96,5,0,0,UPI,2026-02-14,18:13,1
20.09,100.0,5,0,0,UPI,2026-02-14,18:28,0
423.51,330.51,5,0,0,ATM,2026-02-14,18:33,0
409.58,190.52,3,0,0,Online,2026-02-14,18:52,0
975.34,794.3,6,1,0,UPI,2026-02-14,19:01,0
1227.46,981.28,5,0,0,Online,2026-02-14,19:15,0
343.93,296.61,4,0,0,Online,2026-02-14,19:27,0
807.38,838.64,6,0,0,Online,2026-02-14,19:35,0
158.17,110.85,6,0,0,Bank Transfer,2026-02-14,19:36,0
774.52,856.06,5,0,0,Bank Transfer,2026-02-14,19:53,0
247.99,186.86,3,0,0,Bank Transfer,2026-02-14,19:55,0
147.38,108.85,5,0,1,UPI,2026-02-14,20:18,0
344.55,312.62,4,0,0,Online,2026-02-14,20:24,0
1326.64,1160.66,6,0,0,UPI,2026-02-14,20:53,0
470.53,169.26,4,0,0,Bank Transfer,2026-02-14,21:07,1
1439.45,1705.84,4,0,0,UPI,2026-02-14,21:13,0
213.49,245.79,4,0,1,ATM,2026-02-14,21:15,0
983.06,579.12,5,0,0,UPI,2026-02-14,21:34,0
231.75,191.15,3,0,0,Card,2026-02-14,21:55,0
488.59,490.99,6,0,0,Card,2026-02-14,22:12,0
485.02,549.23,7,0,0,Card,2026-02-14,22:17,0
707.88,600.29,5,0,0,Online,2026-02-14,22:57,0
499.26,182.78,5,0,0,UPI,2026-02-14,23:02,0
215.23,199.85,6,0,1,Online,2026-02-14,23:08,0
852.57,365.85,7,0,0,Card,2026-02-14,23:31,0
1757.96,1618.2,6,0,1,Card,2026-02-15,00:21,0
245.62,208.6,3,0,0,Card,2026-02-15,00:22,0
84.78,100.0,9,1,0,Bank Transfer,2026-02-15,00:27,0
616.72,315.07,3,0,0,Online,2026-02-15,00:35,0
304.45,234.29,4,0,0,Card,2026-02-15,00:53,0
360.89,315.87,7,1,0,Card,2026-02-15,01:06,1
647.26,391.75,4,0,0,UPI,2026-02-15,01:49,0
273.71,138.05,6,0,0,Card,2026-02-15,02:04,0
321.01,173.11,5,0,0,ATM,2026-02-15,02:22,1
370.52,399.9,7,0,0,ATM,2026-02-15,02:25,0
1407.11,1048.1,6,0,0,Online,2026-02-15,02:27,0
413.87,377.42,3,0,0,Bank Transfer,2026-02-15,03:24,0
141.13,111.16,5,0,0,Online,2026-02-15,04:00,0
145.98,154.6,10,1,0,Card,2026-02-15,04:09,0
454.11,355.22,6,0,0,Online,2026-02-15,04:20,0
154.47,100.0,2,0,1,UPI,2026-02-15,04:56,0
106.92,100.0,2,1,0,Bank Transfer,2026-02-15,05:00,0
692.43,250.16,5,0,1,Online,2026-02-15,05:08,0
721.85,762.85,4,0,0,Card,2026-02-15,05:18,0
295.03,269.59,3,0,0,Bank Transfer,2026-02-15,05:53,0
517.81,515.39,8,0,0,Online,2026-02-15,05:56,0
473.38,453.39,8,0,0,Online,2026-02-15,06:21,0
673.21,707.41,1,0,0,Online,2026-02-15,06:28,0
674.54,801.98,5,0,0,Online,2026-02-15,06:39,0
44.04,100.0,6,0,0,Online,2026-02-15,07:10,0
328.84,185.61,2,0,0,Online,2026-02-15,07:27,0
626.54,273.29,5,0,0,Bank Transfer,2026-02-15,07:28,0
284.61,242.28,3,0,1,UPI,2026-02-15,08:59,0
416.04,418.18,6,0,0,ATM,2026-02-15,09:07,0
763.64,631.79,6,0,0,UPI,2026-02-15,09:48,0
432.16,262.76,9,0,0,Bank Transfer,2026-02-15,10:36,0
1453.5,1397.94,5,0,0,ATM,2026-02-15,10:44,0
1051.46,768.38,6,0,0,UPI,2026-02-15,11:10,0
364.75,216.52,4,1,0,UPI,2026-02-15,11:17,0
340.92,363.06,6,0,0,Card,2026-02-15,12:54,0
35.77,100.0,1,0,1,ATM,2026-02-15,12:57,0
305.66,180.62,4,0,0,Card,2026-02-15,13:04,0
127.7,100.0,8,0,0,Card,2026-02-15,13:13,0
486.89,407.0,5,0,0,Online,2026-02-15,13:25,0
459.41,325.94,8,0,0,Online,2026-02-15,13:59,0
728.86,354.55,4,0,0,UPI,2026-02-15,13:59,0
1322.36,1148.99,2,0,0,UPI,2026-02-15,14:45,0
394.52,369.17,5,1,0,Bank Transfer,2026-02-15,15:10,0
2802.74,981.22,6,0,0,Card,2026-02-15,15:13,0
491.56,396.36,6,0,0,Card,2026-02-15,15:21,0
132.46,111.35,5,0,0,Online,2026-02-15,15:24,0
250.19,158.19,5,0,0,Bank Transfer,2026-02-15,15:34,0
293.88,187.47,4,0,0,ATM,2026-02-15,16:52,0
667.35,413.76,2,0,0,Card,2026-02-15,17:10,0
180.34,131.38,5,0,0,Bank Transfer,2026-02-15,17:31,0
313.16,325.74,5,0,0,Card,2026-02-15,17:36,0
351.82,263.4,4,0,0,Bank Transfer,2026-02-15,18:13,0
275.64,329.28,3,0,0,UPI,2026-02-15,18:31,0
804.08,538.52,5,0,0,Online,2026-02-15,18:33,0
695.84,657.13,2,0,0,UPI,2026-02-15,18:42,0
1087.44,888.03,5,0,0,UPI,2026-02-15,19:20,0
304.49,303.86,6,0,0,Card,2026-02-15,19:25,0
1121.19,1239.04,4,0,0,Card,2026-02-15,20:03,0
126.55,100.0,3,0,0,Online,2026-02-15,20:08,0
123.95,100.0,5,0,0,UPI,2026-02-15,20:35,0
143.78,165.53,6,0,0,Bank Transfer,2026-02-15,20:39,0
406.6,464.99,8,0,0,Online,2026-02-15,20:40,0
1121.05,1342.4,5,0,1,Online,2026-02-15,20:52,0
241.82,116.8,5,0,0,Card,2026-02-15,20:54,0
269.03,100.0,6,0,0,Card,2026-02-15,21:04,0
335.76,242.32,5,0,0,UPI,2026-02-15,21:17,0
656.49,638.99,6,0,0,UPI,2026-02-15,21:51,0
268.81,110.73,6,1,0,UPI,2026-02-15,22:35,0
256.36,171.14,2,0,0,Online,2026-02-15,23:22,0
128.56,108.54,5,1,0,UPI,2026-02-15,23:23,1
248.15,131.69,5,0,0,Card,2026-02-15,23:23,0
1097.56,1066.24,4,0,0,Online,2026-02-15,23:31,0
435.85,237.58,3,0,0,Card,2026-02-15,23:42,0
215.1,228.99,7,0,0,Bank Transfer,2026-02-15,23:47,0
1153.69,745.32,8,0,0,Online,2026-02-16,00:04,0
245.32,210.69,4,0,0,Online,2026-02-16,00:37,1
1348.79,1095.93,5,0,0,Online,2026-02-16,01:28,0
1330.18,800.74,5,0,0,Card,2026-02-16,01:30,0
423.1,305.99,5,0,0,Card,2026-02-16,01:47,0
112.87,120.67,4,0,0,Card,2026-02-16,02:06,0
2824.47,2305.03,5,0,0,Online,2026-02-16,02:20,0
560.7,222.74,5,0,0,Online,2026-02-16,03:09,0
306.34,292.88,10,1,0,ATM,2026-02-16,03:10,0
909.33,459.29,7,0,0,Card,2026-02-16,03:17,0
732.86,559.29,6,0,0,Bank Transfer,2026-02-16,03:27,0
1229.42,919.92,6,0,0,Online,2026-02-16,04:17,0
229.75,175.42,3,0,0,Card,2026-02-16,04:38,0
528.85,199.04,1,0,0,UPI,2026-02-16,05:14,1
147.23,100.0,9,0,0,Online,2026-02-16,06:24,0
710.8,279.43,5,0,0,Online,2026-02-16,07:02,0
395.64,278.02,6,0,0,Online,2026-02-16,07:11,0
512.27,449.85,4,0,0,UPI,2026-02-16,07:14,0
356.24,322.74,5,0,0,UPI,2026-02-16,07:24,0
325.92,131.95,7,0,0,Online,2026-02-16,08:02,0
192.87,100.0,7,0,0,Card,2026-02-16,08:51,0
789.87,720.58,3,0,0,Online,2026-02-16,08:57,0
1431.17,1147.1,7,0,0,Online,2026-02-16,09:00,0
251.35,266.03,6,0,0,Card,2026-02-16,09:01,0
645.81,338.65,6,0,0,ATM,2026-02-16,09:36,0
582.52,263.47,5,0,0,UPI,2026-02-16,10:02,0
406.22,267.18,4,1,0,Card,2026-02-16,10:35,0
110.21,100.0,6,0,0,UPI,2026-02-16,10:42,0
133.44,101.82,4,0,0,Card,2026-02-16,10:46,0
207.71,100.0,4,0,0,UPI,2026-02-16,10:47,0
65.49,100.0,4,0,0,UPI,2026-02-16,11:32,0
1335.19,1236.44,7,0,0,Bank Transfer,2026-02-16,11:48,0
551.45,332.21,4,0,0,UPI,2026-02-16,12:22,0
393.28,361.45,13,0,0,Bank Transfer,2026-02-16,12:51,0
62.7,100.0,4,0,0,UPI,2026-02-16,12:53,0
85.6,100.0,4,1,0,ATM,2026-02-16,13:26,0
402.63,212.72,6,0,0,Card,2026-02-16,13:30,0
2153.64,2554.56,7,0,0,Online,2026-02-16,13:57,0
222.77,100.0,7,0,0,Online,2026-02-16,14:03,0
840.69,385.18,5,0,0,UPI,2026-02-16,14:16,0
268.29,284.62,4,0,0,Online,2026-02-16,14:30,0
422.82,197.64,2,0,0,ATM,2026-02-16,14:51,0
1132.84,666.78,4,0,0,Online,2026-02-16,14:59,0
300.65,172.38,5,0,0,Card,2026-02-16,16:27,0
224.4,211.48,4,0,0,Online,2026-02-16,17:02,0
1346.63,942.0,5,0,0,Card,2026-02-16,17:36,0
419.36,446.41,5,0,0,Online,2026-02-16,17:39,0
1019.97,1004.99,5,0,0,Online,2026-02-16,17:45,0
225.32,180.58,7,0,0,Online,2026-02-16,18:03,0
1333.65,749.11,2,1,0,UPI,2026-02-16,19:05,0
509.07,521.06,4,1,0,Card,2026-02-16,19:36,0
583.81,634.07,5,0,0,Online,2026-02-16,19:53,0
451.19,478.64,6,0,0,Card,2026-02-16,20:41,0
262.52,103.42,8,0,0,Bank Transfer,2026-02-16,20:56,0
402.85,380.0,8,1,0,Online,2026-02-16,21:00,0
276.94,262.63,4,0,0,UPI,2026-02-16,21:13,0
911.98,1050.25,5,0,0,Bank Transfer,2026-02-16,21:59,0
339.48,194.84,5,0,0,Online,2026-02-16,22:02,0
113.07,115.15,6,0,0,UPI,2026-02-16,22:35,0
96.78,100.0,7,0,0,ATM,2026-02-16,22:36,0
92.97,101.98,8,0,0,Online,2026-02-16,22:52,0
682.17,640.77,5,1,0,Online,2026-02-16,22:56,0
151.6,162.9,5,0,0,Bank Transfer,2026-02-16,23:56,0
520.65,341.36,5,0,1,Online,2026-02-17,00:18,0
453.09,219.29,5,0,1,Bank Transfer,2026-02-17,00:28,0
381.84,251.57,3,0,0,Online,2026-02-17,01:27,0
585.6,610.66,7,0,0,Card,2026-02-17,01:33,0
461.54,213.18,6,0,0,ATM,2026-02-17,01:35,0
40.32,100.0,7,0,1,Online,2026-02-17,02:08,0
306.41,364.45,7,0,0,UPI,2026-02-17,02:16,0
579.02,643.15,4,0,0,UPI,2026-02-17,02:20,0
1626.59,1497.28,5,0,0,Online,2026-02-17,02:43,0
1691.7,1731.85,5,0,0,Card,2026-02-17,03:15,0
126.64,100.0,7,0,0,Online,2026-02-17,03:21,0
299.69,231.96,7,0,0,Card,2026-02-17,03:25,0
106.57,100.0,8,0,0,UPI,2026-02-17,03:32,0
1468.36,1490.81,3,0,0,UPI,2026-02-17,03:47,0
954.25,563.2,4,0,0,Online,2026-02-17,03:52,0
543.48,239.41,5,0,0,ATM,2026-02-17,04:22,0
464.6,438.3,5,0,0,Online,2026-02-17,04:54,0
1304.45,1002.74,6,1,1,UPI,2026-02-17,04:56,1
1129.61,1204.11,3,0,0,UPI,2026-02-17,04:59,0
1079.59,819.7,2,0,0,Bank Transfer,2026-02-17,05:29,0
594.77,636.01,5,0,0,Card,2026-02-17,05:35,0
299.81,234.35,6,0,0,Card,2026-02-17,06:00,0
774.37,786.22,9,0,0,ATM,2026-02-17,06:48,0
807.25,777.09,6,0,0,Bank Transfer,2026-02-17,06:52,0
343.08,197.67,2,0,0,UPI,2026-02-17,06:55,0
299.3,183.47,5,0,0,Online,2026-02-17,06:57,0
1057.13,1177.98,5,0,0,Online,2026-02-17,07:15,0
1659.88,906.88,9,0,0,Bank Transfer,2026-02-17,08:29,0
213.37,201.18,5,0,0,Bank Transfer,2026-02-17,08:31,0
322.51,152.66,6,0,0,ATM,2026-02-17,08:32,0
543.64,539.23,5,0,0,Bank Transfer,2026-02-17,09:10,0
610.09,329.33,1,0,0,ATM,2026-02-17,09:29,0
258.78,221.25,6,0,0,Card,2026-02-17,09:46,0
2000.18,1659.36,3,0,0,Online,2026-02-17,09:47,0
577.54,302.05,6,0,0,UPI,2026-02-17,10:04,0
633.76,486.54,7,0,0,Bank Transfer,2026-02-17,10:07,0
1799.12,1974.28,3,0,0,Bank Transfer,2026-02-17,10:27,0
275.42,255.71,6,0,0,Online,2026-02-17,10:45,0
374.22,446.72,4,0,0,Online,2026-02-17,11:01,0
139.03,141.37,4,0,0,UPI,2026-02-17,11:21,1
348.45,312.54,5,0,0,UPI,2026-02-17,11:36,0
113.8,100.0,4,0,0,Card,2026-02-17,12:00,0
761.79,873.63,7,0,0,Card,2026-02-17,12:02,0
576.51,460.03,7,0,0,Card,2026-02-17,12:03,0
318.78,220.68,4,0,0,Card,2026-02-17,12:04,0
370.42,392.39,4,0,1,UPI,2026-02-17,12:25,0
770.66,885.65,4,0,1,ATM,2026-02-17,12:36,0
153.63,116.31,5,0,0,Online,2026-02-17,12:37,1
479.88,223.94,3,0,0,Online,2026-02-17,13:33,0
731.12,633.97,8,0,0,UPI,2026-02-17,13:39,0
88.68,100.0,6,1,0,UPI,2026-02-17,13:42,1
722.12,482.08,4,0,0,UPI,2026-02-17,13:52,0
97.23,100.0,6,0,0,Card,2026-02-17,14:05,0
365.05,292.55,6,0,0,Bank Transfer,2026-02-17,14:09,0
150.07,100.0,5,0,0,Online,2026-02-17,14:16,0
1361.8,1205.32,6,0,0,Online,2026-02-17,14:39,0
150.87,102.69,6,0,0,Card,2026-02-17,15:14,0
99.22,101.09,3,0,0,Online,2026-02-17,15:55,0
451.85,159.33,6,0,0,UPI,2026-02-17,15:57,0
283.82,296.72,5,0,0,Bank Transfer,2026-02-17,16:01,0
112.29,100.0,5,0,0,Card,2026-02-17,16:04,0
630.77,735.28,6,0,0,UPI,2026-02-17,16:21,0
74.23,100.0,4,0,0,Bank Transfer,2026-02-17,16:56,0
167.2,100.0,2,0,0,Online,2026-02-17,17:06,0
247.41,292.44,6,0,0,Online,2026-02-17,17:32,0
797.82,618.03,6,0,0,UPI,2026-02-17,17:39,0
1213.36,964.0,6,0,0,Online,2026-02-17,18:08,0
1030.05,1156.84,6,0,0,Online,2026-02-17,18:37,0
354.15,400.42,1,0,0,UPI,2026-02-17,18:53,0
51.25,100.0,8,0,0,UPI,2026-02-17,18:55,0
562.41,664.59,5,0,0,UPI,2026-02-17,18:56,0
1408.09,886.45,6,0,1,ATM,2026-02-17,19:03,1
1151.39,630.37,5,0,0,UPI,2026-02-17,19:16,0
597.95,224.15,4,0,0,Bank Transfer,2026-02-17,19:25,0
146.78,100.0,3,0,0,UPI,2026-02-17,21:10,0
258.14,222.58,5,0,0,Online,2026-02-17,21:13,0
2087.54,1272.51,2,0,0,Card,2026-02-17,21:23,0
121.0,101.96,5,0,1,UPI,2026-02-17,21:40,0
152.07,100.0,7,0,0,Bank Transfer,2026-02-17,21:57,0
898.9,585.16,5,0,1,UPI,2026-02-17,22:30,0
279.64,275.67,5,0,0,Bank Transfer,2026-02-17,22:31,0
147.75,100.0,5,0,0,Online,2026-02-17,22:44,0
1478.49,1415.82,5,0,0,Online,2026-02-17,23:04,0
596.99,596.28,5,0,0,Bank Transfer,2026-02-17,23:23,0
291.63,243.05,3,0,0,Bank Transfer,2026-02-18,00:07,0
152.34,168.05,4,0,0,Card,2026-02-18,00:11,0
2299.15,2670.19,8,0,0,Bank Transfer,2026-02-18,00:13,1
395.13,149.94,9,0,0,Online,2026-02-18,00:31,1
1323.09,1226.8,4,0,0,UPI,2026-02-18,01:01,0
862.29,475.64,6,0,0,UPI,2026-02-18,01:19,0
259.11,180.58,6,0,0,Bank Transfer,2026-02-18,01:26,0
260.86,229.48,3,0,0,Online,2026-02-18,01:27,1
1379.35,1317.87,1,0,0,UPI,2026-02-18,01:36,0
1398.48,1488.21,8,0,0,UPI,2026-02-18,01:43,0
81.83,100.0,2,0,1,Card,2026-02-18,01:51,0
643.75,650.7,3,0,0,UPI,2026-02-18,01:52,0
363.93,312.69,9,0,0,Card,2026-02-18,02:01,0
167.62,100.0,4,0,0,Online,2026-02-18,02:40,0
503.95,185.56,3,0,0,UPI,2026-02-18,03:03,0
128.1,102.52,5,0,0,Card,2026-02-18,03:34,0
271.38,260.04,4,0,0,Card,2026-02-18,04:19,0
204.65,100.0,6,0,0,Online,2026-02-18,04:27,0
263.8,188.59,4,0,0,ATM,2026-02-18,04:35,0
379.65,215.55,7,0,0,ATM,2026-02-18,04:41,0
170.16,141.58,5,0,0,Online,2026-02-18,04:49,0
1536.41,1047.72,6,0,0,UPI,2026-02-18,05:05,0
613.57,319.82,5,0,0,Card,2026-02-18,05:09,0
1854.52,656.0,6,0,0,UPI,2026-02-18,05:15,0
352.11,219.47,3,0,0,Card,2026-02-18,05:21,0
253.04,199.58,5,0,0,Card,2026-02-18,05:40,0
1798.4,2049.87,4,0,1,Card,2026-02-18,05:40,0
246.82,134.11,7,0,0,UPI,2026-02-18,06:40,0
346.7,272.3,2,0,0,ATM,2026-02-18,08:04,0
744.0,618.65,3,0,0,ATM,2026-02-18,08:32,0
140.88,127.05,5,0,0,Online,2026-02-18,08:51,0
738.48,464.71,5,0,0,ATM,2026-02-18,08:54,0
662.38,287.85,4,0,0,Card,2026-02-18,09:10,0
1186.69,1344.71,3,0,0,UPI,2026-02-18,09:11,0
859.66,997.07,5,0,1,ATM,2026-02-18,09:36,0
1218.02,880.01,6,0,0,Online,2026-02-18,10:17,0
367.29,309.8,6,0,0,Online,2026-02-18,10:19,0
193.78,100.0,7,0,0,UPI,2026-02-18,10:28,1
2424.76,945.98,3,1,0,Bank Transfer,2026-02-18,11:03,0
110.2,100.0,7,1,0,Bank Transfer,2026-02-18,11:15,0
120.0,117.35,8,0,0,UPI,2026-02-18,11:58,0
652.2,354.24,7,0,1,UPI,2026-02-18,12:06,0
1605.58,813.67,4,0,0,Card,2026-02-18,12:38,0
473.96,169.24,3,0,0,UPI,2026-02-18,12:45,0
943.32,348.52,5,0,0,UPI,2026-02-18,12:54,0
73.96,100.0,4,1,0,UPI,2026-02-18,13:47,0
263.85,213.83,3,0,0,ATM,2026-02-18,13:53,0
82.03,100.0,4,0,0,Card,2026-02-18,13:55,0
783.17,578.94,6,0,0,Bank Transfer,2026-02-18,14:42,0
108.29,100.0,2,0,0,Bank Transfer,2026-02-18,14:53,0
136.16,134.82,5,0,0,Card,2026-02-18,15:09,0
624.48,372.27,10,0,0,UPI,2026-02-18,15:14,0
994.81,549.19,3,0,0,Bank Transfer,2026-02-18,15:23,0
352.44,379.29,1,0,0,Card,2026-02-18,15:49,1
655.01,613.0,7,0,0,Online,2026-02-18,15:57,0
637.22,481.32,5,0,0,Bank Transfer,2026-02-18,16:17,0
335.92,196.21,5,0,0,Card,2026-02-18,16:21,0
159.09,100.0,5,0,0,Bank Transfer,2026-02-18,16:31,0
652.07,248.97,1,0,0,Online,2026-02-18,16:48,0
679.35,729.97,5,0,1,Bank Transfer,2026-02-18,16:57,0
862.57,736.96,3,0,0,UPI,2026-02-18,17:08,0
525.98,204.58,5,0,0,UPI,2026-02-18,17:11,0
149.42,100.0,4,0,0,Bank Transfer,2026-02-18,17:16,0
725.45,426.29,6,0,0,UPI,2026-02-18,17:17,0
402.96,231.14,4,0,1,Online,2026-02-18,17:31,0
267.65,218.44,6,1,0,UPI,2026-02-18,17:59,0
314.05,216.55,5,0,0,Online,2026-02-18,18:02,0
224.37,246.78,7,0,0,UPI,2026-02-18,18:15,0
858.78,825.72,5,0,0,Bank Transfer,2026-02-18,18:25,0
120.86,135.86,9,0,0,UPI,2026-02-18,18:39,0
173.39,187.85,6,1,0,Bank Transfer,2026-02-18,19:09,0
305.07,345.69,4,0,0,UPI,2026-02-18,19:21,0
1590.32,1881.36,3,0,0,UPI,2026-02-18,19:32,0
988.45,607.84,7,1,0,Card,2026-02-18,20:12,0
100.01,100.0,2,1,1,ATM,2026-02-18,20:37,0
1272.38,623.95,7,0,0,Online,2026-02-18,20:40,0
1270.3,1122.79,4,0,1,Card,2026-02-18,20:47,0
148.72,138.14,5,0,1,Online,2026-02-18,20:57,0
47.31,100.0,6,0,0,UPI,2026-02-18,20:57,0
379.41,397.59,6,0,0,UPI,2026-02-18,21:18,0
1047.39,1063.74,4,1,0,Online,2026-02-18,21:33,0
1560.21,1379.54,2,0,0,Card,2026-02-18,22:12,0
192.44,138.61,5,0,0,Online,2026-02-18,22:40,0
1788.59,859.61,5,0,0,Online,2026-02-18,22:58,0
60.72,100.0,13,1,1,UPI,2026-02-18,23:22,0
295.05,143.19,3,0,0,Online,2026-02-19,00:05,0
282.98,244.56,4,1,0,ATM,2026-02-19,01:35,0
1074.37,659.09,4,0,0,UPI,2026-02-19,01:41,0
1216.29,681.38,2,0,0,Bank Transfer,2026-02-19,02:09,0
907.86,658.1,6,0,0,UPI,2026-02-19,02:41,1
128.0,107.98,3,0,0,Card,2026-02-19,03:23,0
839.85,556.27,6,0,0,UPI,2026-02-19,03:43,0
621.84,726.97,4,0,0,UPI,2026-02-19,04:00,0
97.46,100.0,3,0,0,ATM,2026-02-19,04:20,0
69.62,100.0,3,0,0,UPI,2026-02-19,04:36,0
974.86,341.77,6,0,0,UPI,2026-02-19,04:44,0
346.17,184.92,3,0,0,UPI,2026-02-19,05:36,0
135.31,161.96,6,0,0,Bank Transfer,2026-02-19,06:05,0
338.0,327.48,2,1,0,UPI,2026-02-19,06:12,1
549.73,493.56,4,0,0,Card,2026-02-19,06:13,0
376.0,363.65,7,1,0,ATM,2026-02-19,06:47,0
107.86,100.0,5,0,0,UPI,2026-02-19,06:59,0
2003.65,2036.86,7,0,0,UPI,2026-02-19,07:16,0
947.27,456.24,5,0,0,UPI,2026-02-19,07:49,0
303.36,310.89,6,0,0,Card,2026-02-19,07:52,0
313.93,360.58,6,1,0,UPI,2026-02-19,07:55,1
547.61,590.89,4,0,1,UPI,2026-02-19,08:29,0
154.44,151.15,9,0,0,UPI,2026-02-19,08:58,0
530.74,479.62,7,0,0,Bank Transfer,2026-02-19,09:03,0
130.17,103.22,5,0,0,Card,2026-02-19,09:24,0
379.95,260.62,6,1,0,UPI,2026-02-19,09:31,0
149.41,162.23,6,0,0,ATM,2026-02-19,09:33,0
155.96,140.42,4,0,0,Online,2026-02-19,09:46,0
1634.13,1176.02,8,0,0,Card,2026-02-19,09:58,0
424.26,431.5,5,0,0,Card,2026-02-19,10:17,0
481.21,190.55,5,0,1,Card,2026-02-19,10:32,0
72.99,100.0,4,0,0,Card,2026-02-19,11:01,0
242.88,252.37,4,0,0,Online,2026-02-19,11:15,0
597.07,324.95,4,0,0,Card,2026-02-19,11:19,0
475.81,181.77,8,1,0,Online,2026-02-19,11:27,0
64.66,100.0,8,0,0,Bank Transfer,2026-02-19,11:52,0
481.1,250.12,7,0,0,Card,2026-02-19,12:01,0
550.91,659.23,5,0,0,Online,2026-02-19,12:22,0
1201.35,429.85,9,0,0,Online,2026-02-19,12:27,0
231.15,126.05,6,0,0,Bank Transfer,2026-02-19,12:56,0
59.99,100.0,4,1,0,UPI,2026-02-19,13:23,0
172.91,175.54,6,0,1,UPI,2026-02-19,13:27,0
158.78,133.67,5,0,0,Card,2026-02-19,13:44,0
754.61,808.32,7,0,0,ATM,2026-02-19,13:53,0
40.08,100.0,3,0,0,Bank Transfer,2026-02-19,13:56,0
275.59,239.37,2,0,0,Online,2026-02-19,14:07,0
1355.5,741.45,5,0,1,Card,2026-02-19,14:09,0
405.91,174.03,6,0,0,ATM,2026-02-19,14:11,0
864.26,938.86,5,0,0,UPI,2026-02-19,14:26,0
99.93,100.0,7,0,1,Card,2026-02-19,14:46,0
103.37,114.69,6,0,1,Online,2026-02-19,15:03,0
1368.75,1500.9,7,0,0,Online,2026-02-19,15:04,0
439.67,388.51,9,0,0,ATM,2026-02-19,15:43,0
440.44,380.28,4,1,0,Online,2026-02-19,15:48,0
155.96,180.63,6,0,0,UPI,2026-02-19,16:08,0
439.51,436.27,3,0,0,Online,2026-02-19,16:14,0
152.32,141.77,5,0,0,UPI,2026-02-19,17:15,0
1106.37,797.01,5,0,0,Bank Transfer,2026-02-19,17:29,0
4099.65,3121.47,5,0,0,Online,2026-02-19,18:17,0
608.71,414.28,6,0,1,ATM,2026-02-19,18:20,0
235.17,271.47,12,0,0,ATM,2026-02-19,18:22,0
46.82,100.0,4,0,0,Bank Transfer,2026-02-19,18:34,0
96.37,100.0,5,0,0,UPI,2026-02-19,18:36,0
1512.67,577.27,2,0,1,UPI,2026-02-19,18:52,0
168.21,180.75,5,0,0,UPI,2026-02-19,19:00,0
294.36,207.52,6,0,0,Online,2026-02-19,19:06,0
704.18,687.69,4,0,1,UPI,2026-02-19,19:29,0
1422.18,546.15,9,0,0,UPI,2026-02-19,19:32,0
340.48,377.86,5,0,0,Online,2026-02-19,20:18,0
286.01,260.52,8,0,0,Bank Transfer,2026-02-19,20:23,0
428.75,316.79,3,0,0,Bank Transfer,2026-02-19,20:27,0
236.63,143.88,7,1,0,UPI,2026-02-19,20:38,0
247.71,152.18,3,0,0,Bank Transfer,2026-02-19,21:09,0
572.55,348.05,6,1,0,Online,2026-02-19,21:12,0
472.24,217.88,5,0,0,Bank Transfer,2026-02-19,21:26,0
2469.73,1838.07,8,0,0,Online,2026-02-19,22:26,0
585.83,430.85,7,0,0,UPI,2026-02-19,22:33,0
1073.28,751.45,7,0,1,UPI,2026-02-19,23:21,0
162.29,153.79,4,0,0,Card,2026-02-19,23:36,0
630.42,445.61,9,0,1,Online,2026-02-19,23:55,1
218.21,100.0,7,0,1,ATM,2026-02-20,00:04,0
564.61,606.53,5,0,0,Bank Transfer,2026-02-20,00:21,0
724.32,515.24,7,0,0,Bank Transfer,2026-02-20,00:21,0
420.9,381.75,3,0,1,UPI,2026-02-20,00:34,0
3121.99,3560.36,2,0,0,Bank Transfer,2026-02-20,00:44,0
1358.02,1361.15,6,0,0,Bank Transfer,2026-02-20,01:07,0
1097.36,886.64,4,0,0,Bank Transfer,2026-02-20,01:08,0
772.51,628.26,3,1,0,UPI,2026-02-20,01:17,0
1805.98,1936.19,4,0,0,ATM,2026-02-20,01:23,0
118.93,124.89,4,0,0,ATM,2026-02-20,01:23,0
1293.03,648.91,8,0,0,UPI,2026-02-20,01:28,0
173.72,153.31,4,0,0,Online,2026-02-20,01:49,0
249.71,271.15,4,0,0,Online,2026-02-20,02:20,0
650.14,671.47,5,0,0,UPI,2026-02-20,02:33,0
1150.83,524.79,4,0,0,Bank Transfer,2026-02-20,02:55,0
151.33,109.01,6,0,0,UPI,2026-02-20,03:28,0
260.95,206.28,5,0,0,UPI,2026-02-20,03:29,0
438.3,249.45,6,0,0,Card,2026-02-20,03:33,0
344.33,319.39,8,0,0,UPI,2026-02-20,03:46,0
833.74,629.3,10,0,0,Bank Transfer,2026-02-20,03:53,0
7484.12,4512.04,5,0,0,Card,2026-02-20,03:55,0
576.18,366.64,5,0,0,Online,2026-02-20,03:55,0
215.96,232.84,3,0,1,Card,2026-02-20,04:12,0
134.02,145.58,8,0,0,UPI,2026-02-20,04:20,0
305.98,318.38,4,0,1,ATM,2026-02-20,04:32,0
181.42,204.42,5,0,0,ATM,2026-02-20,04:38,0
600.29,696.02,5,0,1,Card,2026-02-20,04:48,0
592.42,455.01,4,0,0,Online,2026-02-20,05:00,0
272.14,117.62,5,0,0,UPI,2026-02-20,05:42,0
2180.29,2245.83,6,0,0,UPI,2026-02-20,06:09,0
215.91,191.82,8,0,0,UPI,2026-02-20,06:10,0
364.48,245.46,10,0,0,Bank Transfer,2026-02-20,06:31,0
694.57,819.04,3,0,0,UPI,2026-02-20,06:41,0
861.13,549.3,8,0,0,UPI,2026-02-20,07:25,0
1195.05,1340.23,6,0,0,Bank Transfer,2026-02-20,07:32,0
580.69,495.74,2,0,0,Card,2026-02-20,07:41,0
985.62,375.67,5,0,0,ATM,2026-02-20,07:50,0
229.21,247.85,6,0,0,Card,2026-02-20,08:08,0
880.39,878.53,1,0,0,Bank Transfer,2026-02-20,08:13,0
870.46,780.03,1,0,0,UPI,2026-02-20,08:50,0
1459.65,1273.4,3,0,0,ATM,2026-02-20,08:59,0
97.69,100.0,5,0,0,Online,2026-02-20,09:06,0
186.59,100.0,4,0,0,Online,2026-02-20,09:11,0
812.14,304.39,5,0,0,UPI,2026-02-20,09:30,0
42.37,100.0,5,0,1,ATM,2026-02-20,09:38,0
612.9,389.81,4,0,0,UPI,2026-02-20,09:42,0
993.1,804.03,6,0,0,UPI,2026-02-20,10:03,0
247.17,113.99,5,0,0,Online,2026-02-20,10:06,0
279.87,230.6,4,0,0,Bank Transfer,2026-02-20,10:41,0
161.9,100.0,6,0,0,Online,2026-02-20,10:47,0
258.96,146.54,3,0,0,Card,2026-02-20,11:44,0
265.42,306.76,7,0,0,Card,2026-02-20,12:06,0
225.79,269.47,7,0,1,Online,2026-02-20,12:07,0
215.5,224.06,4,0,0,UPI,2026-02-20,12:43,0
320.42,126.96,5,0,0,Card,2026-02-20,13:17,0
317.15,307.42,6,0,0,Bank Transfer,2026-02-20,13:25,1
1984.28,995.44,2,0,0,Online,2026-02-20,13:38,0
288.57,240.62,4,0,0,UPI,2026-02-20,13:48,0
540.52,599.79,2,0,1,ATM,2026-02-20,13:54,0
247.06,166.32,8,0,0,UPI,2026-02-20,13:59,0
244.41,278.51,7,0,0,UPI,2026-02-20,14:00,0
94.75,100.0,2,0,1,Online,2026-02-20,14:15,0
106.1,100.0,8,0,0,Card,2026-02-20,14:29,0
144.61,100.0,7,0,0,Card,2026-02-20,14:31,0
471.61,491.91,9,0,0,Online,2026-02-20,14:35,0
1007.02,744.54,5,0,0,Bank Transfer,2026-02-20,14:43,0
88.35,100.0,5,0,0,ATM,2026-02-20,14:49,0
252.97,110.71,7,0,0,UPI,2026-02-20,15:18,0
126.23,147.94,3,0,1,UPI,2026-02-20,16:02,0
322.26,179.36,6,0,0,Online,2026-02-20,16:30,0
1006.67,1179.42,3,0,0,Online,2026-02-20,16:35,0
275.93,256.34,3,0,0,Online,2026-02-20,17:18,0
387.46,234.57,7,0,0,Card,2026-02-20,17:37,0
1389.84,939.77,2,0,0,ATM,2026-02-20,17:55,0
595.39,601.63,4,0,0,Card,2026-02-20,18:03,0
211.44,152.26,4,0,0,Card,2026-02-20,18:50,0
461.78,190.96,6,0,0,Card,2026-02-20,19:04,0
199.65,108.88,4,0,0,UPI,2026-02-20,19:14,0
576.75,623.64,6,0,0,ATM,2026-02-20,19:22,0
625.18,588.76,5,0,0,UPI,2026-02-20,19:22,0
126.21,100.0,6,1,0,UPI,2026-02-20,19:41,0
468.19,261.57,2,0,0,Bank Transfer,2026-02-20,20:03,0
365.06,275.04,3,0,0,UPI,2026-02-20,20:38,0
640.97,654.12,9,1,0,Card,2026-02-20,21:13,0
817.82,342.92,5,0,0,UPI,2026-02-20,21:30,0
605.37,723.75,5,0,0,Bank Transfer,2026-02-20,21:31,0
311.78,336.97,2,0,0,UPI,2026-02-20,21:38,0
891.88,553.21,4,0,0,Online,2026-02-20,21:59,0
192.08,209.36,1,0,0,UPI,2026-02-20,22:17,0
131.31,122.05,4,0,0,Card,2026-02-20,23:06,0
26.68,100.0,3,0,0,Bank Transfer,2026-02-20,23:23,0
380.08,178.16,3,0,0,Card,2026-02-20,23:41,0
200.67,224.76,3,0,0,UPI,2026-02-20,23:44,0
565.72,414.55,12,0,0,UPI,2026-02-21,00:09,0
75.52,100.0,4,1,0,Online,2026-02-21,01:01,0
232.73,140.71,6,1,0,UPI,2026-02-21,01:34,0
601.68,368.11,7,0,0,Online,2026-02-21,01:47,0
168.11,196.69,4,0,0,Bank Transfer,2026-02-21,02:28,0
571.27,441.12,5,0,0,UPI,2026-02-21,02:32,0
251.27,100.74,6,0,0,UPI,2026-02-21,02:39,0
392.33,416.01,3,0,0,Online,2026-02-21,02:41,0
669.07,363.4,5,0,0,Card,2026-02-21,02:59,0
906.76,994.66,6,0,0,Online,2026-02-21,03:17,0
436.43,492.71,3,0,0,Card,2026-02-21,03:20,0
201.96,100.0,9,0,0,Online,2026-02-21,03:29,0
273.33,230.98,6,0,1,Bank Transfer,2026-02-21,04:10,0
693.26,821.03,3,0,1,Online,2026-02-21,04:21,0
169.34,193.27,2,0,0,Card,2026-02-21,04:40,0
346.76,276.18,10,1,0,Online,2026-02-21,04:55,0
290.61,269.81,4,1,0,Online,2026-02-21,04:59,0
369.5,319.11,5,0,0,ATM,2026-02-21,05:07,0
171.08,100.0,5,0,0,Card,2026-02-21,05:29,0
83.58,100.0,4,0,0,Bank Transfer,2026-02-21,05:33,0
628.06,397.67,7,0,0,Card,2026-02-21,06:10,0
915.54,583.45,4,0,0,UPI,2026-02-21,06:20,0
87.94,100.0,2,0,0,UPI,2026-02-21,07:02,0
552.02,593.06,4,0,0,Online,2026-02-21,07:05,0
1013.03,559.8,6,0,0,Card,2026-02-21,07:22,0
669.5,377.04,3,0,0,Bank Transfer,2026-02-21,07:28,0
283.11,100.85,6,0,0,UPI,2026-02-21,08:21,0
180.92,100.0,3,0,0,Online,2026-02-21,08:34,0
432.18,510.78,2,0,0,ATM,2026-02-21,08:40,0
498.01,357.96,2,0,0,Online,2026-02-21,08:52,0
437.66,225.78,4,0,0,ATM,2026-02-21,08:56,0
346.15,405.29,3,0,0,UPI,2026-02-21,08:56,0
160.73,100.0,8,0,0,Online,2026-02-21,09:14,0
577.83,440.04,11,0,0,Card,2026-02-21,09:17,0
601.98,622.4,2,0,0,ATM,2026-02-21,09:27,0
478.52,481.82,4,1,0,UPI,2026-02-21,09:55,1
443.34,226.48,3,0,0,UPI,2026-02-21,10:13,0
1681.37,1600.02,10,0,0,Bank Transfer,2026-02-21,10:17,0
237.29,208.56,11,0,0,UPI,2026-02-21,11:03,0
1198.97,1107.83,6,0,0,Online,2026-02-21,11:05,0
216.17,124.56,5,0,0,Card,2026-02-21,11:07,0
1035.47,1075.98,1,1,0,Card,2026-02-21,11:32,0
1150.97,949.96,6,0,1,Card,2026-02-21,11:47,0
314.48,303.88,4,0,0,Online,2026-02-21,11:49,0
1655.43,1901.49,7,0,0,UPI,2026-02-21,12:27,0
601.05,647.44,6,0,0,Online,2026-02-21,12:34,0
191.39,194.26,6,0,0,Online,2026-02-21,14:10,0
293.53,175.0,4,0,0,Online,2026-02-21,15:10,0
1056.64,418.4,3,0,0,UPI,2026-02-21,15:59,0
884.13,741.3,3,0,0,Online,2026-02-21,16:16,0
164.13,100.0,8,0,0,Bank Transfer,2026-02-21,17:06,0
358.39,343.0,6,0,0,UPI,2026-02-21,17:20,0
479.62,468.25,3,0,0,Bank Transfer,2026-02-21,17:21,0
262.05,217.1,7,0,0,ATM,2026-02-21,17:29,0
2993.29,1475.48,4,0,0,ATM,2026-02-21,17:33,0
492.07,538.5,4,1,0,Bank Transfer,2026-02-21,17:40,0
382.78,327.86,10,0,0,ATM,2026-02-21,17:43,0
1110.12,874.4,4,0,0,Bank Transfer,2026-02-21,17:54,0
295.77,246.21,7,0,0,ATM,2026-02-21,18:07,0
949.86,399.37,5,0,0,UPI,2026-02-21,18:18,0
97.75,100.0,5,0,0,UPI,2026-02-21,18:46,0
274.35,110.19,5,0,1,Card,2026-02-21,18:47,0
984.08,828.23,4,0,0,UPI,2026-02-21,19:20,0
1532.52,756.86,4,0,0,Card,2026-02-21,20:35,0
209.08,110.09,2,0,0,Online,2026-02-21,20:44,0
189.36,103.82,4,0,0,Card,2026-02-21,20:44,0
653.49,236.67,2,0,0,Online,2026-02-21,20:48,0
237.56,263.23,3,0,1,Online,2026-02-21,21:06,0
321.09,331.87,8,0,0,UPI,2026-02-21,21:16,0
849.75,320.01,3,1,0,ATM,2026-02-21,21:18,0
254.05,101.22,4,0,0,Online,2026-02-21,21:31,0
75.9,100.0,11,1,0,ATM,2026-02-21,22:51,0
133.5,100.0,3,0,0,ATM,2026-02-21,23:16,0
406.86,304.59,6,0,0,UPI,2026-02-21,23:28,0
82.77,100.0,3,0,0,Card,2026-02-21,23:39,0
313.38,267.28,6,0,0,UPI,2026-02-21,23:59,0
123.56,148.1,4,0,1,Card,2026-02-22,00:50,1
1626.11,806.91,7,0,0,Online,2026-02-22,01:09,0
2541.15,2955.82,5,1,0,Online,2026-02-22,01:42,0
164.11,178.17,6,0,0,UPI,2026-02-22,01:53,0
501.82,596.15,4,1,0,Card,2026-02-22,01:56,0
178.33,178.56,9,0,0,Online,2026-02-22,02:21,0
310.16,334.49,3,0,0,Online,2026-02-22,02:29,0
1868.61,1598.42,3,0,0,Card,2026-02-22,02:42,0
271.32,294.98,3,0,1,Card,2026-02-22,02:53,0
316.36,140.71,8,0,0,Online,2026-02-22,03:08,0
181.06,177.52,4,0,0,UPI,2026-02-22,03:11,0
1068.77,945.23,4,0,1,UPI,2026-02-22,03:13,0
25.18,100.0,1,0,0,Online,2026-02-22,03:18,0
276.89,165.54,6,1,0,UPI,2026-02-22,03:29,0
388.0,207.07,7,0,0,Card,2026-02-22,03:46,0
230.0,159.71,2,0,0,Card,2026-02-22,04:14,0
840.51,435.89,4,0,0,Online,2026-02-22,04:42,0
1120.72,654.06,5,0,0,Online,2026-02-22,05:00,0
121.48,100.0,6,1,1,Online,2026-02-22,05:03,0
2390.99,2055.87,1,0,0,UPI,2026-02-22,05:23,0
120.33,100.0,3,0,0,ATM,2026-02-22,05:25,0
1206.33,669.43,7,0,0,Online,2026-02-22,05:25,0
458.22,283.9,6,0,0,Card,2026-02-22,06:05,0
262.92,192.38,6,0,0,Card,2026-02-22,06:07,0
284.87,108.93,3,0,0,Card,2026-02-22,06:21,0
392.1,470.26,4,0,0,Online,2026-02-22,06:29,0
481.62,291.54,5,0,0,Card,2026-02-22,06:38,0
184.54,109.66,7,0,0,Card,2026-02-22,07:57,0
330.68,271.7,4,0,1,Card,2026-02-22,08:02,0
209.54,225.45,10,0,1,UPI,2026-02-22,08:05,0
143.63,106.04,7,0,0,ATM,2026-02-22,08:47,0
201.4,113.09,4,0,1,Online,2026-02-22,09:07,0
151.79,126.14,4,0,1,Online,2026-02-22,09:14,0
282.27,214.67,3,0,0,UPI,2026-02-22,09:23,0
582.66,413.46,5,1,0,Online,2026-02-22,09:48,0
447.02,530.3,3,0,0,Online,2026-02-22,09:49,0
2160.71,2585.42,6,0,0,Card,2026-02-22,10:03,0
61.63,100.0,6,0,0,UPI,2026-02-22,10:17,0
601.21,245.17,8,0,0,Online,2026-02-22,10:26,0
405.64,337.44,8,0,0,Bank Transfer,2026-02-22,10:37,0
807.0,935.79,5,0,0,Card,2026-02-22,10:55,0
741.74,843.24,3,0,0,Online,2026-02-22,11:01,0
350.64,186.95,6,0,0,Card,2026-02-22,11:05,0
467.2,239.02,1,0,0,Bank Transfer,2026-02-22,11:37,0
214.34,102.76,4,1,0,Bank Transfer,2026-02-22,11:46,1
679.68,711.5,6,0,0,Bank Transfer,2026-02-22,11:49,0
81.69,100.0,2,0,0,Card,2026-02-22,11:55,0
780.79,497.63,5,0,0,Bank Transfer,2026-02-22,12:05,0
395.56,247.65,1,0,0,Card,2026-02-22,12:32,0
266.67,155.76,5,0,0,Card,2026-02-22,12:39,0
331.08,364.26,3,1,0,UPI,2026-02-22,12:40,0
352.37,246.03,3,0,0,ATM,2026-02-22,13:01,0
1215.25,677.4,4,0,1,Bank Transfer,2026-02-22,13:06,0
6301.04,6010.21,5,0,0,Card,2026-02-22,13:17,0
1137.84,1012.84,10,0,1,Card,2026-02-22,13:43,0
249.5,239.04,5,0,0,UPI,2026-02-22,13:57,0
689.05,722.58,2,0,0,Card,2026-02-22,14:03,0
715.03,311.79,5,0,0,ATM,2026-02-22,14:04,0
183.76,100.0,4,0,0,UPI,2026-02-22,14:19,0
138.15,100.0,6,0,0,UPI,2026-02-22,14:25,0
382.3,363.48,5,0,0,Online,2026-02-22,14:37,0
801.55,917.24,6,1,0,Card,2026-02-22,14:56,0
102.51,100.0,5,1,0,Online,2026-02-22,15:20,0
218.6,221.66,8,0,0,ATM,2026-02-22,15:41,0
656.39,636.57,6,0,0,Bank Transfer,2026-02-22,16:02,0
417.99,493.8,6,0,0,Bank Transfer,2026-02-22,16:38,0
1344.57,1008.66,4,0,0,Online,2026-02-22,17:04,0
121.55,100.0,5,0,0,ATM,2026-02-22,17:23,0
2978.99,2980.32,6,0,0,Online,2026-02-22,17:31,0
109.15,114.17,7,0,0,UPI,2026-02-22,17:35,0
71.9,100.0,6,0,0,Card,2026-02-22,17:55,0
383.72,415.84,6,0,0,Online,2026-02-22,17:56,0
153.81,102.36,5,0,1,UPI,2026-02-22,18:36,0
390.36,365.67,4,1,0,UPI,2026-02-22,18:37,0
378.92,217.6,3,0,0,Online,2026-02-22,18:43,0
341.58,249.18,3,0,0,Online,2026-02-22,18:44,0
197.15,109.64,5,0,1,Bank Transfer,2026-02-22,18:59,0
582.75,280.51,7,0,0,UPI,2026-02-22,19:00,0
308.05,117.23,2,0,0,ATM,2026-02-22,19:08,0
1030.83,949.09,6,0,0,UPI,2026-02-22,19:31,0
346.08,378.61,3,0,1,UPI,2026-02-22,19:39,0
177.69,109.68,6,0,0,Online,2026-02-22,19:55,0
96.11,100.0,7,1,0,Online,2026-02-22,19:59,0
348.52,123.03,7,0,0,Card,2026-02-22,20:32,0
137.16,100.0,3,0,0,Card,2026-02-22,20:56,0
128.06,100.0,5,0,1,ATM,2026-02-22,21:06,0
631.65,529.37,2,0,0,Card,2026-02-22,21:59,0
89.03,100.0,7,0,0,Bank Transfer,2026-02-22,22:00,0
1339.92,1045.44,6,0,0,Online,2026-02-22,22:09,0
462.09,427.06,4,0,0,UPI,2026-02-22,22:16,0
388.67,369.11,5,0,0,Bank Transfer,2026-02-22,22:24,0
167.41,100.0,1,0,0,Online,2026-02-22,22:31,0
772.57,497.98,3,0,0,Online,2026-02-22,23:07,0
402.43,179.56,5,0,0,Online,2026-02-22,23:21,1
225.16,163.16,7,0,0,Online,2026-02-22,23:33,0
478.11,527.93,3,0,0,UPI,2026-02-22,23:36,0
96.51,100.0,2,0,0,Online,2026-02-23,00:36,0
100.48,100.0,4,0,0,Card,2026-02-23,00:46,0
155.69,100.0,1,0,0,ATM,2026-02-23,00:48,1
542.99,333.23,6,0,0,Online,2026-02-23,00:48,0
402.31,461.09,6,0,0,Online,2026-02-23,00:58,0
984.01,597.83,3,0,0,Online,2026-02-23,01:03,0
184.57,179.34,2,0,0,ATM,2026-02-23,01:18,0
657.52,253.68,6,0,0,Online,2026-02-23,01:25,0
366.21,168.12,4,0,0,UPI,2026-02-23,01:36,0
180.98,111.26,6,0,0,Online,2026-02-23,01:41,0
559.76,624.81,3,0,0,Online,2026-02-23,01:50,0
381.42,204.59,4,0,0,Online,2026-02-23,01:55,1
236.33,228.71,5,0,0,UPI,2026-02-23,02:00,0
418.09,205.87,3,1,0,Card,2026-02-23,02:06,0
361.37,314.72,4,0,1,Card,2026-02-23,02:19,0
354.02,300.5,6,0,0,UPI,2026-02-23,02:23,0
284.09,249.62,8,0,0,Online,2026-02-23,03:05,0
133.06,100.0,4,1,0,Bank Transfer,2026-02-23,03:18,1
429.9,209.7,7,0,0,Online,2026-02-23,03:32,0
203.91,225.02,3,0,0,Card,2026-02-23,03:39,0
169.48,141.35,4,1,0,UPI,2026-02-23,03:46,0
328.79,174.33,3,0,0,ATM,2026-02-23,03:50,0
752.89,528.03,5,0,0,ATM,2026-02-23,04:11,0
472.37,192.27,3,0,0,Card,2026-02-23,04:20,0
256.86,193.69,11,0,0,ATM,2026-02-23,04:27,1
248.23,176.32,4,0,0,Card,2026-02-23,04:39,0
692.59,320.54,6,0,0,UPI,2026-02-23,05:02,0
52.6,100.0,1,0,0,Online,2026-02-23,05:17,0
794.54,710.0,7,1,0,UPI,2026-02-23,05:39,0
82.03,100.0,7,1,0,Online,2026-02-23,06:41,0
121.13,114.8,6,0,0,Online,2026-02-23,06:58,0
260.57,202.48,7,0,0,Card,2026-02-23,07:03,0
2551.93,2563.53,3,0,0,Card,2026-02-23,07:08,0
1678.75,987.01,4,0,0,Bank Transfer,2026-02-23,07:12,0
735.47,675.51,3,0,0,Card,2026-02-23,07:15,0
546.24,193.53,8,0,0,UPI,2026-02-23,07:18,0
82.85,100.0,2,0,0,UPI,2026-02-23,07:33,0
460.93,405.91,6,0,0,Online,2026-02-23,07:42,0
252.94,129.93,6,0,1,UPI,2026-02-23,07:43,0
201.51,188.5,2,0,0,UPI,2026-02-23,09:23,0
460.16,410.12,4,0,0,Card,2026-02-23,09:40,0
270.31,109.24,5,0,0,UPI,2026-02-23,10:15,0
844.64,577.41,5,0,0,UPI,2026-02-23,10:23,0
77.82,100.0,3,0,0,Online,2026-02-23,10:51,0
429.99,411.27,8,0,0,Bank Transfer,2026-02-23,11:04,0
191.09,199.44,5,0,0,Online,2026-02-23,11:28,0
284.81,179.68,4,0,1,ATM,2026-02-23,11:34,0
522.66,554.65,5,0,0,ATM,2026-02-23,11:42,0
156.07,101.62,5,0,1,Card,2026-02-23,11:50,0
463.87,165.11,3,0,0,UPI,2026-02-23,11:54,0
336.81,292.52,2,0,0,UPI,2026-02-23,12:10,0
230.1,127.8,6,0,0,UPI,2026-02-23,12:24,0
270.43,123.24,4,0,0,ATM,2026-02-23,13:21,0
353.76,201.51,2,0,0,Online,2026-02-23,13:46,0
210.05,221.33,4,0,1,Bank Transfer,2026-02-23,14:01,0
405.87,457.37,5,1,0,Bank Transfer,2026-02-23,14:31,0
318.48,371.8,3,0,0,UPI,2026-02-23,14:54,0
239.95,145.74,7,0,0,UPI,2026-02-23,15:00,0
1558.32,1149.33,6,0,0,Online,2026-02-23,15:00,0
574.19,592.64,6,0,1,ATM,2026-02-23,15:05,0
291.4,180.73,5,0,0,Online,2026-02-23,15:33,0
456.68,309.34,4,0,0,UPI,2026-02-23,16:07,0
168.55,100.0,5,0,0,Online,2026-02-23,16:34,0
278.31,232.81,4,0,0,Card,2026-02-23,16:46,0
307.33,279.79,2,0,0,Online,2026-02-23,16:49,0
139.8,100.0,3,0,0,Online,2026-02-23,17:02,0
560.74,207.81,11,0,0,Card,2026-02-23,17:05,1
262.49,256.07,5,0,0,UPI,2026-02-23,17:42,0
298.23,260.68,4,0,0,Bank Transfer,2026-02-23,18:07,0
248.78,133.39,5,0,0,Card,2026-02-23,18:25,0
4990.18,3081.19,4,0,0,Online,2026-02-23,18:32,0
229.7,267.27,4,0,1,Online,2026-02-23,18:38,1
69.52,100.0,2,0,1,UPI,2026-02-23,19:08,0
103.55,100.0,6,0,0,Bank Transfer,2026-02-23,19:20,0
769.24,687.5,3,0,0,Card,2026-02-23,19:21,0
1256.37,1459.0,6,0,0,Card,2026-02-23,19:22,0
225.99,144.38,9,1,0,UPI,2026-02-23,19:57,1
1196.44,704.44,2,0,0,UPI,2026-02-23,20:02,0
757.75,507.87,2,0,0,UPI,2026-02-23,20:34,0
343.42,354.0,2,1,0,Card,2026-02-23,20:42,0
323.31,146.4,5,0,0,Online,2026-02-23,20:42,0
470.47,247.38,6,0,0,Card,2026-02-23,20:47,0
850.51,462.69,5,0,0,UPI,2026-02-23,21:23,0
565.49,503.81,4,0,0,Online,2026-02-23,21:34,0
226.95,203.2,3,0,0,UPI,2026-02-23,21:39,0
347.9,231.74,5,0,0,Online,2026-02-23,21:41,0
2173.46,1270.96,4,0,0,Card,2026-02-23,21:55,0
499.46,495.19,4,0,0,Online,2026-02-23,22:12,0
844.65,318.41,2,0,0,UPI,2026-02-23,22:16,0
638.36,624.27,3,0,1,UPI,2026-02-23,22:17,1
508.95,269.1,3,0,1,ATM,2026-02-23,22:36,0
442.48,494.41,6,0,0,Online,2026-02-23,23:02,0
865.05,606.95,5,0,0,Card,2026-02-23,23:03,0
743.11,665.79,2,0,0,Card,2026-02-23,23:06,0
504.87,228.62,5,0,0,Card,2026-02-23,23:09,0
223.7,126.57,6,0,0,ATM,2026-02-23,23:11,0
559.88,529.38,5,0,0,Bank Transfer,2026-02-23,23:46,0
381.09,311.66,2,0,0,Online,2026-02-23,23:46,0
310.44,311.96,5,0,0,UPI,2026-02-23,23:53,0
3932.22,3259.39,4,0,0,Online,2026-02-24,00:25,0
109.05,100.0,6,0,0,ATM,2026-02-24,00:28,0
911.18,983.63,10,0,0,ATM,2026-02-24,00:43,0
193.78,137.78,4,0,0,UPI,2026-02-24,00:52,1
451.02,500.99,8,0,0,UPI,2026-02-24,00:55,0
3580.65,2386.08,6,0,0,UPI,2026-02-24,01:09,0
178.04,112.04,3,0,0,ATM,2026-02-24,01:19,0
218.05,220.77,4,0,0,UPI,2026-02-24,01:27,0
397.47,143.01,6,1,0,Online,2026-02-24,01:29,0
196.34,100.0,5,1,0,Card,2026-02-24,03:15,1
855.3,351.53,5,0,0,Card,2026-02-24,03:25,0
256.12,201.13,6,0,0,UPI,2026-02-24,03:50,0
703.39,621.7,4,0,0,UPI,2026-02-24,03:51,0
130.35,100.0,3,0,0,UPI,2026-02-24,03:55,0
86.85,100.0,8,0,0,UPI,2026-02-24,03:56,0
332.08,201.62,3,0,0,Bank Transfer,2026-02-24,03:58,0
106.35,100.0,7,0,1,UPI,2026-02-24,04:07,0
1466.35,634.29,5,0,0,Online,2026-02-24,04:33,0
109.91,100.0,8,0,0,ATM,2026-02-24,04:44,0
167.0,178.68,3,0,0,UPI,2026-02-24,04:46,0
573.4,542.14,5,0,1,Card,2026-02-24,04:57,0
245.08,147.46,7,0,0,ATM,2026-02-24,05:20,0
110.98,100.0,2,0,1,Online,2026-02-24,05:29,0
2284.65,955.37,7,0,0,ATM,2026-02-24,05:33,0
172.19,111.33,3,0,0,UPI,2026-02-24,05:37,0
341.44,235.04,2,0,0,UPI,2026-02-24,06:02,0
337.71,377.75,7,0,0,Online,2026-02-24,06:02,0
737.87,724.33,4,0,1,Bank Transfer,2026-02-24,06:14,0
597.65,452.59,5,0,0,ATM,2026-02-24,06:16,0
199.78,100.0,7,0,0,Card,2026-02-24,06:55,0
305.84,277.62,2,1,0,Online,2026-02-24,07:08,0
332.66,381.1,6,1,0,Card,2026-02-24,07:09,0
762.51,317.46,3,0,0,Online,2026-02-24,07:14,0
149.44,160.1,3,0,0,Online,2026-02-24,07:20,0
2242.61,1128.25,4,0,0,Bank Transfer,2026-02-24,07:39,0
211.6,200.19,7,0,0,Online,2026-02-24,07:47,0
400.44,202.73,7,0,0,Online,2026-02-24,07:56,0
150.51,129.44,9,0,0,Online,2026-02-24,08:09,1
133.83,100.0,7,0,0,Card,2026-02-24,08:33,0
191.85,155.49,6,1,0,Bank Transfer,2026-02-24,08:35,0
176.81,152.08,4,0,0,Bank Transfer,2026-02-24,10:06,0
283.69,248.44,4,0,0,Online,2026-02-24,10:19,0
175.54,163.32,6,0,0,Card,2026-02-24,10:19,0
728.67,297.79,7,0,0,UPI,2026-02-24,10:39,0
207.36,196.55,5,0,0,Bank Transfer,2026-02-24,10:43,0
188.72,100.0,5,0,0,Bank Transfer,2026-02-24,10:52,0
288.87,267.34,6,0,0,UPI,2026-02-24,10:59,0
938.15,427.26,4,0,0,UPI,2026-02-24,11:03,0
484.27,366.84,6,0,0,UPI,2026-02-24,11:07,0
370.65,251.58,4,1,0,UPI,2026-02-24,11:32,0
119.33,139.89,5,0,0,Bank Transfer,2026-02-24,11:38,0
152.73,135.35,3,0,1,UPI,2026-02-24,11:39,0
136.09,100.0,4,0,0,UPI,2026-02-24,12:00,0
1225.16,1158.7,3,0,1,ATM,2026-02-24,12:08,0
633.32,326.17,2,0,1,Online,2026-02-24,12:17,0
193.95,115.06,3,0,0,UPI,2026-02-24,12:20,0
249.71,167.72,5,0,0,UPI,2026-02-24,12:24,0
200.04,202.0,5,0,0,UPI,2026-02-24,12:30,0
190.0,218.97,3,0,0,ATM,2026-02-24,12:44,0
596.61,677.56,5,0,0,Bank Transfer,2026-02-24,12:54,0
315.95,156.42,5,0,0,Online,2026-02-24,13:29,0
2366.09,949.63,5,0,0,Card,2026-02-24,14:24,0
1167.72,1231.07,4,0,0,Card,2026-02-24,14:44,0
1227.9,730.58,4,0,0,Card,2026-02-24,15:15,0
713.84,603.48,9,0,0,Card,2026-02-24,15:27,0
281.67,332.89,9,0,1,ATM,2026-02-24,15:28,0
670.57,340.96,7,0,0,UPI,2026-02-24,15:57,0
299.91,200.53,4,0,0,Online,2026-02-24,16:03,0
1612.81,1753.87,5,0,0,Bank Transfer,2026-02-24,16:05,0
568.86,513.39,3,0,0,Online,2026-02-24,16:13,0
504.22,578.3,9,0,0,Card,2026-02-24,16:27,0
449.44,398.64,3,0,1,Online,2026-02-24,16:58,0
1770.87,1076.75,7,0,0,Online,2026-02-24,17:15,0
119.26,123.36,6,0,0,Online,2026-02-24,17:15,0
1924.74,1915.83,6,0,0,Online,2026-02-24,17:25,0
344.39,393.83,4,0,0,Card,2026-02-24,17:52,0
122.09,100.0,5,0,0,ATM,2026-02-24,18:11,1
212.86,165.48,3,0,0,UPI,2026-02-24,18:26,0
99.17,100.0,9,0,0,UPI,2026-02-24,18:28,0
703.18,406.75,4,0,0,Online,2026-02-24,19:24,0
166.91,199.8,8,0,0,Online,2026-02-24,19:55,0
465.62,549.74,8,0,0,Online,2026-02-24,20:10,0
1057.95,846.57,5,0,0,Card,2026-02-24,20:13,0
227.87,264.75,8,0,0,Bank Transfer,2026-02-24,20:29,0
321.22,209.67,8,1,0,Card,2026-02-24,21:00,0
133.24,142.9,5,0,1,Online,2026-02-24,21:02,0
290.0,258.0,3,0,0,ATM,2026-02-24,21:16,0
3597.23,3451.57,3,0,0,Bank Transfer,2026-02-24,21:26,0
781.52,750.63,6,0,0,UPI,2026-02-24,21:28,0
322.14,286.85,3,1,0,UPI,2026-02-24,21:29,0
239.86,257.73,8,0,0,Online,2026-02-24,21:50,0
389.07,265.82,2,0,0,UPI,2026-02-24,21:51,0
450.58,482.94,6,0,0,Online,2026-02-24,21:55,0
282.53,142.93,9,0,1,Bank Transfer,2026-02-24,22:32,0
633.05,329.16,5,0,0,Card,2026-02-24,22:36,0
179.39,172.17,6,0,0,Online,2026-02-24,22:44,0
178.64,176.43,7,0,0,Bank Transfer,2026-02-24,22:48,0
552.62,617.25,9,0,0,UPI,2026-02-24,22:49,0
149.4,100.0,5,0,0,UPI,2026-02-24,23:05,0
749.69,298.12,4,0,0,UPI,2026-02-24,23:11,0
398.56,311.42,5,0,0,UPI,2026-02-24,23:27,0
85.31,100.0,5,0,0,Card,2026-02-24,23:44,0
442.78,520.6,2,0,0,UPI,2026-02-25,00:24,0
96.32,103.94,6,0,0,ATM,2026-02-25,00:27,0
727.31,557.46,8,0,0,Online,2026-02-25,00:42,0
326.55,353.94,6,0,0,Online,2026-02-25,01:17,0
1945.79,1034.92,2,0,0,Bank Transfer,2026-02-25,01:38,0
1002.86,1136.24,11,0,0,Online,2026-02-25,01:43,0
163.76,136.22,5,0,0,UPI,2026-02-25,02:26,0
72.41,100.0,7,0,0,UPI,2026-02-25,02:50,0
212.33,179.29,5,0,0,UPI,2026-02-25,02:59,0
142.87,145.21,5,0,0,Online,2026-02-25,03:26,0
1904.31,1055.19,3,0,0,UPI,2026-02-25,03:34,0
399.91,174.6,4,0,1,ATM,2026-02-25,03:51,0
891.95,868.0,5,0,0,Card,2026-02-25,04:10,0
316.63,367.16,12,0,0,Card,2026-02-25,04:25,0
346.29,308.7,4,0,1,Card,2026-02-25,05:43,0
392.39,184.89,8,0,0,Card,2026-02-25,06:21,0
1033.35,926.79,4,0,0,UPI,2026-02-25,06:51,0
525.78,236.15,4,0,0,Card,2026-02-25,07:16,0
164.23,100.0,6,0,1,UPI,2026-02-25,07:25,0
1602.21,603.8,6,0,0,Online,2026-02-25,07:31,0
314.54,240.43,5,0,0,UPI,2026-02-25,07:44,0
273.91,170.69,4,0,0,Online,2026-02-25,08:11,0
36.41,100.0,8,0,0,Card,2026-02-25,08:12,0
691.76,423.82,8,0,0,Online,2026-02-25,08:47,0
439.6,395.83,2,0,0,Card,2026-02-25,09:07,0
439.19,261.64,6,0,1,Card,2026-02-25,09:37,0
286.46,135.1,7,0,1,UPI,2026-02-25,09:39,0
247.41,201.17,7,0,1,Card,2026-02-25,09:43,1
294.67,291.8,3,0,0,Online,2026-02-25,10:38,0
598.06,631.32,2,0,0,UPI,2026-02-25,10:38,0
694.54,521.8,3,0,0,Bank Transfer,2026-02-25,10:40,0
331.5,316.39,1,0,0,UPI,2026-02-25,10:43,0
903.79,956.51,8,0,0,Card,2026-02-25,11:29,0
377.24,347.8,3,0,0,UPI,2026-02-25,11:43,0
262.8,209.76,7,0,0,ATM,2026-02-25,12:24,0
477.54,191.47,6,0,0,Card,2026-02-25,12:29,0
127.04,100.0,6,0,0,UPI,2026-02-25,12:57,0
491.67,305.74,5,0,0,Bank Transfer,2026-02-25,13:18,0
108.76,100.0,6,1,1,Card,2026-02-25,13:53,0
168.42,195.07,6,1,0,UPI,2026-02-25,13:54,0
72.54,100.0,7,0,0,UPI,2026-02-25,14:29,0
347.63,281.7,9,0,0,Bank Transfer,2026-02-25,14:56,0
1584.76,1889.88,6,0,0,UPI,2026-02-25,15:13,0
365.21,319.92,3,0,0,UPI,2026-02-25,15:55,0
697.18,367.82,5,0,0,UPI,2026-02-25,16:00,0
2979.37,3474.43,8,0,0,Online,2026-02-25,16:28,0
568.75,361.64,5,0,0,Online,2026-02-25,16:37,0
210.52,100.0,3,0,0,Online,2026-02-25,16:57,1
236.65,169.59,3,1,0,Bank Transfer,2026-02-25,17:16,1
403.65,223.85,3,0,0,Bank Transfer,2026-02-25,17:26,0
235.58,246.42,3,0,0,Online,2026-02-25,17:31,0
251.04,134.8,4,0,0,UPI,2026-02-25,18:01,0
932.12,975.82,7,0,0,UPI,2026-02-25,18:34,0
965.1,367.46,4,0,0,Card,2026-02-25,18:45,0
99.5,113.41,7,0,0,Online,2026-02-25,18:46,0
201.25,100.0,4,0,0,Card,2026-02-25,18:55,0
271.94,312.13,5,0,1,ATM,2026-02-25,19:02,0
671.31,277.01,4,0,0,UPI,2026-02-25,19:12,0
1065.94,1163.68,4,0,0,Bank Transfer,2026-02-25,19:48,0
4010.51,4237.63,4,1,0,Online,2026-02-25,20:12,0
271.56,232.25,4,0,0,UPI,2026-02-25,20:33,0
283.34,107.83,6,0,0,UPI,2026-02-25,20:52,0
665.33,584.14,4,0,0,UPI,2026-02-25,21:17,0
225.91,197.71,4,0,0,Bank Transfer,2026-02-25,21:17,0
357.87,294.75,4,0,0,Card,2026-02-25,21:22,0
283.5,251.41,4,0,0,ATM,2026-02-25,21:51,0
43.45,100.0,7,0,0,ATM,2026-02-25,21:51,0
447.98,535.87,4,0,0,UPI,2026-02-25,22:16,0
345.5,273.78,11,0,0,UPI,2026-02-25,22:27,0
1188.62,508.76,3,0,0,Online,2026-02-25,22:34,0
405.32,188.02,7,0,1,UPI,2026-02-25,22:40,0
138.86,133.62,3,0,0,Online,2026-02-25,22:52,0
323.96,383.78,6,0,0,Online,2026-02-25,23:01,0
68.21,100.0,7,0,0,UPI,2026-02-25,23:58,0
144.13,100.0,7,0,0,Card,2026-02-26,00:14,0
692.41,450.13,4,0,0,Card,2026-02-26,00:23,0
326.93,221.42,6,0,0,Online,2026-02-26,00:28,1
883.71,1057.9,4,0,0,Online,2026-02-26,00:30,0
75.8,100.0,7,0,1,UPI,2026-02-26,00:49,1
328.29,147.79,7,0,1,Bank Transfer,2026-02-26,00:54,0
269.3,171.41,5,0,0,ATM,2026-02-26,01:01,0
909.11,355.71,4,0,0,Bank Transfer,2026-02-26,01:05,0
714.69,646.87,6,0,0,Card,2026-02-26,01:37,0
696.39,641.95,7,1,0,ATM,2026-02-26,01:43,0
1495.47,596.5,7,0,0,Bank Transfer,2026-02-26,02:22,0
295.04,187.41,3,0,0,UPI,2026-02-26,02:28,0
1254.91,1402.25,7,0,0,Card,2026-02-26,02:47,0
166.07,174.84,2,0,0,Online,2026-02-26,03:03,0
160.98,134.91,6,0,0,Card,2026-02-26,03:16,1
764.97,582.85,7,0,0,UPI,2026-02-26,04:07,0
112.28,134.05,6,0,0,Online,2026-02-26,04:14,0
656.45,632.73,7,1,0,UPI,2026-02-26,04:29,1
439.71,509.95,5,0,0,UPI,2026-02-26,04:41,1
1003.33,412.21,5,0,0,UPI,2026-02-26,04:48,0
383.55,203.41,3,0,0,UPI,2026-02-26,05:38,0
423.11,159.28,7,0,0,Card,2026-02-26,05:57,0
621.96,676.52,4,0,0,Card,2026-02-26,06:22,0
229.69,215.93,2,0,0,ATM,2026-02-26,06:32,0
221.35,110.89,4,0,0,Card,2026-02-26,06:43,0
603.81,711.33,7,0,0,ATM,2026-02-26,07:02,0
393.51,457.43,5,0,0,Online,2026-02-26,07:21,0
285.37,154.36,5,0,0,UPI,2026-02-26,08:32,0
376.02,338.4,4,0,0,Online,2026-02-26,09:09,0
1564.58,1436.11,8,1,0,Bank Transfer,2026-02-26,09:10,0
276.84,100.0,2,0,0,ATM,2026-02-26,09:14,0
270.1,252.67,2,0,0,UPI,2026-02-26,10:00,0
94.51,100.0,5,0,0,UPI,2026-02-26,10:04,0
389.16,434.35,2,0,0,UPI,2026-02-26,10:16,0
705.11,749.34,2,0,0,Online,2026-02-26,10:37,0
821.2,919.33,9,0,0,Online,2026-02-26,10:44,0
442.3,439.61,1,0,0,Online,2026-02-26,10:59,0
909.1,445.61,7,0,0,Online,2026-02-26,11:03,0
751.11,493.08,6,0,0,UPI,2026-02-26,11:05,0
1038.99,989.74,4,0,0,Online,2026-02-26,11:21,0
931.37,581.94,2,0,0,Bank Transfer,2026-02-26,11:41,0
1532.23,1461.03,7,0,0,Online,2026-02-26,11:48,0
349.24,222.02,2,0,1,UPI,2026-02-26,11:50,0
130.58,100.0,1,0,0,UPI,2026-02-26,12:03,0
709.22,560.59,2,0,0,Bank Transfer,2026-02-26,12:25,0
783.26,731.02,6,0,0,UPI,2026-02-26,12:41,1
1532.26,1209.89,3,0,0,UPI,2026-02-26,13:06,0
1198.82,1073.65,2,0,0,Card,2026-02-26,13:12,0
2108.33,1522.94,5,0,0,UPI,2026-02-26,13:30,0
683.26,691.17,7,0,0,Online,2026-02-26,13:45,0
490.04,442.25,4,1,0,Card,2026-02-26,13:48,0
124.31,104.22,2,1,0,UPI,2026-02-26,13:53,0
524.2,377.46,3,0,0,Card,2026-02-26,14:00,0
252.24,203.14,4,0,0,Bank Transfer,2026-02-26,14:00,1
482.89,189.95,4,0,1,UPI,2026-02-26,14:02,0
422.56,387.37,2,0,0,UPI,2026-02-26,14:06,0
602.43,315.52,8,0,0,UPI,2026-02-26,14:19,0
371.4,401.53,5,0,1,UPI,2026-02-26,14:47,0
893.16,929.33,3,0,1,Online,2026-02-26,15:01,0
39.86,100.0,3,0,0,UPI,2026-02-26,15:08,0
474.14,507.35,3,1,0,Card,2026-02-26,15:21,0
1121.16,1031.67,4,0,0,Online,2026-02-26,15:44,0
1977.41,929.52,7,0,1,Card,2026-02-26,15:58,0
751.57,736.28,7,0,0,Bank Transfer,2026-02-26,16:02,0
1689.44,2021.3,2,0,0,Card,2026-02-26,16:04,0
465.73,179.23,6,0,0,Online,2026-02-26,16:06,0
404.41,225.74,5,0,0,Online,2026-02-26,16:39,0
632.7,542.91,8,0,0,Online,2026-02-26,17:17,0
402.33,282.81,8,0,0,Card,2026-02-26,17:19,0
207.47,185.05,5,0,0,Online,2026-02-26,17:19,0
260.35,220.9,7,0,0,Card,2026-02-26,17:36,0
156.75,159.86,3,0,0,Online,2026-02-26,18:01,0
632.15,259.35,1,0,0,ATM,2026-02-26,18:28,0
407.35,295.14,12,0,0,Online,2026-02-26,18:30,0
297.01,321.08,7,0,1,UPI,2026-02-26,19:05,0
249.22,164.07,1,0,1,Online,2026-02-26,19:07,0
619.74,482.29,5,1,1,Online,2026-02-26,19:16,1
783.19,288.48,6,0,0,Online,2026-02-26,19:23,0
154.33,100.0,8,0,0,Card,2026-02-26,19:33,0
135.03,100.47,3,0,0,Card,2026-02-26,21:05,0
908.08,625.78,2,0,1,UPI,2026-02-26,21:20,0
125.35,120.02,5,1,0,ATM,2026-02-26,21:21,0
642.5,559.04,9,0,0,UPI,2026-02-26,21:27,0
1594.59,1751.24,4,0,0,ATM,2026-02-26,21:45,0
1597.75,1720.06,4,0,0,Online,2026-02-26,21:54,0
755.36,419.25,4,0,0,UPI,2026-02-26,22:17,0
736.93,268.97,3,0,0,Card,2026-02-26,22:22,0
2735.64,2944.37,3,0,0,UPI,2026-02-26,22:57,0
55.47,100.0,5,0,0,Online,2026-02-26,23:06,0
271.87,175.37,4,0,0,UPI,2026-02-26,23:12,0
829.83,402.16,4,0,0,UPI,2026-02-26,23:16,0
302.87,284.41,3,0,0,Online,2026-02-26,23:19,0
1157.26,680.58,5,0,0,Card,2026-02-26,23:33,0
390.16,195.17,4,0,0,UPI,2026-02-26,23:36,0
451.23,351.01,3,0,0,Bank Transfer,2026-02-26,23:44,0
319.43,315.55,5,0,0,Online,2026-02-26,23:45,0
258.75,149.86,4,0,1,UPI,2026-02-27,00:00,0
253.4,244.21,6,0,0,ATM,2026-02-27,00:11,0
508.01,377.28,2,0,0,UPI,2026-02-27,00:46,0
208.85,144.78,4,0,0,Online,2026-02-27,01:40,0
907.07,594.67,4,0,0,Card,2026-02-27,01:42,0
702.92,333.0,3,0,0,Card,2026-02-27,01:57,0
1027.11,649.89,7,0,0,Bank Transfer,2026-02-27,02:00,0
154.53,169.58,5,0,0,UPI,2026-02-27,02:04,0
95.15,100.0,5,0,0,UPI,2026-02-27,02:11,0
402.0,468.15,8,1,0,Online,2026-02-27,02:37,0
4740.89,2092.5,4,0,0,UPI,2026-02-27,02:53,0
1183.55,778.46,3,1,0,Online,2026-02-27,02:54,0
251.82,217.92,5,0,0,ATM,2026-02-27,03:35,0
578.73,614.71,6,0,0,Online,2026-02-27,03:41,0
748.78,353.46,7,0,0,Bank Transfer,2026-02-27,03:53,0
126.07,100.0,4,0,0,ATM,2026-02-27,04:10,0
1292.3,1142.55,2,0,0,UPI,2026-02-27,04:36,0
349.91,209.54,5,1,0,Online,2026-02-27,04:38,0
373.5,335.34,3,0,0,Online,2026-02-27,05:27,0
411.67,431.22,4,0,0,Card,2026-02-27,05:38,1
1067.27,443.28,10,0,1,UPI,2026-02-27,05:55,0
212.32,226.72,6,0,0,UPI,2026-02-27,06:04,0
94.54,100.0,9,0,1,UPI,2026-02-27,06:07,0
530.87,591.39,13,0,1,Online,2026-02-27,06:16,1
71.01,100.0,5,0,0,ATM,2026-02-27,06:27,0
312.33,286.51,5,0,0,Online,2026-02-27,06:30,0
1106.37,1312.84,4,0,0,UPI,2026-02-27,06:36,0
659.99,692.13,4,0,0,Card,2026-02-27,06:49,0
978.48,379.37,5,0,1,UPI,2026-02-27,07:08,0
683.55,241.46,2,0,0,ATM,2026-02-27,07:13,0
3129.99,1150.83,2,0,0,Bank Transfer,2026-02-27,07:19,0
244.69,179.63,5,0,0,Bank Transfer,2026-02-27,07:19,0
565.9,497.92,3,0,0,Online,2026-02-27,07:36,0
277.99,211.07,6,0,0,ATM,2026-02-27,07:38,0
909.85,842.12,9,0,0,Bank Transfer,2026-02-27,08:02,0
382.86,280.31,6,0,0,UPI,2026-02-27,08:38,0
1738.92,671.53,4,0,0,Online,2026-02-27,08:52,0
256.93,139.32,4,0,0,Online,2026-02-27,09:01,0
1334.16,1592.63,9,0,0,Card,2026-02-27,09:03,0
667.92,430.13,4,0,0,Bank Transfer,2026-02-27,09:11,0
392.45,245.69,5,0,0,UPI,2026-02-27,09:18,0
639.75,307.0,3,0,0,ATM,2026-02-27,09:35,0
503.75,598.99,9,0,1,Online,2026-02-27,09:46,0
545.97,298.04,3,0,0,Online,2026-02-27,09:52,0
338.38,304.47,5,0,0,Online,2026-02-27,09:57,0
222.22,100.0,5,0,0,Online,2026-02-27,10:12,0
303.44,123.35,2,0,0,ATM,2026-02-27,10:26,0
96.48,100.0,6,0,0,Bank Transfer,2026-02-27,10:36,0
825.23,734.36,7,0,0,Online,2026-02-27,10:36,0
141.19,131.04,3,0,0,Online,2026-02-27,10:49,0
335.29,183.18,4,0,0,Bank Transfer,2026-02-27,11:01,0
699.83,830.81,6,1,0,UPI,2026-02-27,11:24,0
823.44,679.02,4,0,0,Card,2026-02-27,11:37,0
89.26,104.8,5,0,0,UPI,2026-02-27,11:40,0
373.13,182.66,5,0,0,Card,2026-02-27,12:08,0
596.32,414.05,4,0,0,Online,2026-02-27,12:15,0
421.67,267.9,10,1,0,UPI,2026-02-27,12:19,0
1264.54,1254.19,7,0,0,UPI,2026-02-27,12:21,0
200.63,197.71,3,0,0,UPI,2026-02-27,12:22,0
70.69,100.0,8,0,0,Card,2026-02-27,12:23,0
803.34,292.2,8,0,0,Online,2026-02-27,12:37,0
255.57,127.51,3,0,0,Card,2026-02-27,12:41,0
90.49,100.0,8,0,1,ATM,2026-02-27,13:21,0
352.58,377.24,5,0,0,Online,2026-02-27,14:01,0
1148.23,684.69,5,0,0,UPI,2026-02-27,14:21,0
137.86,100.0,3,0,0,Online,2026-02-27,14:38,0
2938.33,1912.99,6,0,0,UPI,2026-02-27,14:59,0
197.91,100.0,10,1,0,Online,2026-02-27,15:20,0
434.4,513.47,6,1,0,UPI,2026-02-27,15:25,0
143.13,100.0,5,0,0,Online,2026-02-27,15:33,0
417.95,477.76,8,0,0,Online,2026-02-27,15:50,0
360.08,334.99,9,0,1,Online,2026-02-27,16:05,0
113.74,100.0,5,1,0,UPI,2026-02-27,16:13,0
4455.76,3360.41,6,0,0,Bank Transfer,2026-02-27,16:35,0
264.8,247.39,3,0,0,UPI,2026-02-27,16:37,0
264.99,247.33,6,0,0,Card,2026-02-27,17:17,0
919.36,330.0,6,0,0,UPI,2026-02-27,17:29,1
1885.82,2115.16,2,0,0,Card,2026-02-27,17:37,0
1050.97,696.55,8,0,0,ATM,2026-02-27,17:47,0
145.33,100.0,6,0,0,Card,2026-02-27,17:47,0
483.87,336.58,4,0,0,Online,2026-02-27,18:07,1
81.52,100.0,5,0,0,UPI,2026-02-27,18:08,0
868.22,581.38,5,0,0,Online,2026-02-27,18:48,0
100.49,100.0,11,0,0,UPI,2026-02-27,19:03,0
203.83,100.0,8,1,0,Bank Transfer,2026-02-27,19:06,0
402.33,283.3,6,0,1,ATM,2026-02-27,19:09,0
588.9,280.94,3,0,0,UPI,2026-02-27,20:08,0
323.18,348.14,8,0,1,UPI,2026-02-27,20:17,0
1467.36,930.8,6,0,0,UPI,2026-02-27,20:18,0
746.02,870.41,2,0,0,ATM,2026-02-27,21:08,0
697.86,650.3,2,0,0,UPI,2026-02-27,21:09,0
141.88,140.85,6,0,0,Card,2026-02-27,21:18,0
1710.37,1976.48,2,0,0,UPI,2026-02-27,21:35,0
203.85,112.75,6,0,0,ATM,2026-02-27,21:43,0
1766.77,1470.31,5,0,0,Card,2026-02-27,22:35,0
2250.41,865.54,5,1,0,UPI,2026-02-27,22:49,0
623.76,271.74,2,1,0,UPI,2026-02-27,23:00,0
969.92,641.7,10,0,0,ATM,2026-02-27,23:29,0
29.36,100.0,2,0,0,Online,2026-02-27,23:33,1
341.81,361.27,7,0,0,UPI,2026-02-27,23:37,0
1029.51,584.71,4,0,0,Card,2026-02-28,01:00,0
885.22,873.46,4,0,0,UPI,2026-02-28,01:08,0
143.06,100.0,3,0,1,Bank Transfer,2026-02-28,01:09,0
314.3,111.62,5,0,0,Bank Transfer,2026-02-28,02:00,0
46.72,100.0,6,0,0,ATM,2026-02-28,02:01,0
573.09,485.82,4,0,0,Online,2026-02-28,02:16,0
81.38,100.0,4,0,0,Card,2026-02-28,02:38,0
1054.59,611.52,8,0,0,ATM,2026-02-28,02:40,0
1102.48,392.0,6,0,0,Online,2026-02-28,02:51,0
269.56,224.49,4,0,0,Online,2026-02-28,03:21,0
628.34,656.6,6,1,0,ATM,2026-02-28,03:39,1
335.45,136.95,6,0,0,ATM,2026-02-28,03:41,0
495.53,483.64,6,0,0,Online,2026-02-28,03:59,0
152.14,135.31,5,0,0,Bank Transfer,2026-02-28,04:28,0
684.79,518.7,5,0,0,Card,2026-02-28,05:14,0
99.98,100.0,4,0,1,UPI,2026-02-28,05:15,0
85.16,100.0,5,0,0,Card,2026-02-28,05:18,0
363.71,274.9,7,0,0,UPI,2026-02-28,05:44,0
337.12,232.5,4,0,1,Online,2026-02-28,06:02,0
508.5,550.32,10,0,0,UPI,2026-02-28,06:14,0
232.27,248.24,4,0,0,Bank Transfer,2026-02-28,06:42,0
2003.87,1940.09,5,0,0,ATM,2026-02-28,06:48,0
462.44,487.85,2,0,0,UPI,2026-02-28,06:54,0
491.74,224.08,3,0,0,Card,2026-02-28,06:58,0
477.06,475.53,6,0,0,UPI,2026-02-28,07:36,0
946.22,595.01,8,0,0,UPI,2026-02-28,07:46,0
658.27,715.78,3,0,0,UPI,2026-02-28,07:51,0
587.41,390.45,3,0,0,UPI,2026-02-28,07:55,0
754.15,298.76,3,0,0,Card,2026-02-28,08:34,0
85.55,100.0,4,0,0,UPI,2026-02-28,08:56,0
88.34,100.0,5,1,0,ATM,2026-02-28,08:58,0
378.17,293.38,1,0,0,ATM,2026-02-28,09:16,0
341.03,340.72,6,0,0,Online,2026-02-28,09:23,0
660.4,250.94,4,0,0,Card,2026-02-28,09:30,1
410.35,205.42,4,0,0,Card,2026-02-28,09:37,0
661.55,548.47,3,0,0,Card,2026-02-28,10:52,0
139.94,100.0,6,0,0,Online,2026-02-28,11:32,0
399.76,371.04,2,0,0,UPI,2026-02-28,11:49,0
129.04,150.74,5,0,0,Bank Transfer,2026-02-28,12:01,0
560.5,510.55,9,1,0,Card,2026-02-28,12:59,0
81.73,100.0,5,1,0,UPI,2026-02-28,13:41,0
542.43,439.92,4,0,0,ATM,2026-02-28,15:15,0
115.74,130.31,8,0,1,Online,2026-02-28,16:23,0
291.2,268.5,5,0,0,Online,2026-02-28,16:35,0
863.24,891.47,7,0,0,Card,2026-02-28,16:48,0
489.45,296.75,4,0,1,Online,2026-02-28,17:08,0
99.6,100.0,6,0,0,Online,2026-02-28,17:13,0
227.8,106.73,4,0,0,Bank Transfer,2026-02-28,17:29,0
112.6,111.17,6,0,1,UPI,2026-02-28,17:42,0
95.53,105.02,8,0,0,ATM,2026-02-28,18:10,0
445.86,497.23,2,0,0,Bank Transfer,2026-02-28,18:14,0
649.53,291.71,2,0,0,UPI,2026-02-28,18:34,0
586.7,619.2,4,0,0,Bank Transfer,2026-02-28,19:30,0
673.33,298.58,1,0,0,Card,2026-02-28,19:41,0
399.36,302.17,3,0,1,UPI,2026-02-28,19:53,0
319.78,297.44,4,0,0,Online,2026-02-28,21:10,0
162.05,123.42,3,0,0,Online,2026-02-28,22:04,0
277.53,177.32,5,0,0,UPI,2026-02-28,22:56,0
131.22,122.2,7,0,0,ATM,2026-02-28,22:59,0
196.69,179.33,5,0,0,UPI,2026-02-28,23:29,0
435.11,367.86,6,0,0,Bank Transfer,2026-02-28,23:57,0
364.99,291.69,5,0,0,UPI,2026-03-01,00:07,0
5458.99,5185.38,4,0,0,Online,2026-03-01,00:17,0
128.52,100.0,6,0,0,UPI,2026-03-01,01:01,0
362.73,148.16,5,0,0,Online,2026-03-01,01:07,0
120.28,100.0,8,1,0,ATM,2026-03-01,01:14,0
290.15,279.97,7,0,0,Online,2026-03-01,01:58,0
300.36,181.5,9,0,0,Card,2026-03-01,02:02,0
827.28,388.52,4,0,0,Card,2026-03-01,02:05,0
275.28,309.71,8,1,0,Card,2026-03-01,02:05,0
342.88,371.75,4,0,0,UPI,2026-03-01,02:21,0
279.84,245.05,3,0,1,Card,2026-03-01,02:23,0
122.62,124.9,2,0,0,UPI,2026-03-01,02:45,0
231.76,271.97,5,0,0,UPI,2026-03-01,03:02,0
291.59,243.15,4,0,0,Online,2026-03-01,03:20,0
429.56,239.5,4,0,0,Card,2026-03-01,03:39,1
648.79,579.36,2,0,0,UPI,2026-03-01,03:41,0
330.5,372.6,3,0,0,UPI,2026-03-01,03:46,0
325.59,304.96,3,0,0,UPI,2026-03-01,04:46,0
93.44,100.0,6,0,0,Online,2026-03-01,05:40,0
638.28,720.98,4,0,1,ATM,2026-03-01,05:53,0
223.29,221.2,6,0,1,Online,2026-03-01,05:57,0
761.32,526.5,6,1,0,ATM,2026-03-01,06:14,0
1235.18,1469.09,4,0,0,Online,2026-03-01,06:44,0
343.87,331.3,7,0,0,UPI,2026-03-01,07:03,0
169.05,177.78,4,0,0,UPI,2026-03-01,07:18,0
397.74,458.08,5,0,0,Online,2026-03-01,07:24,0
542.61,208.17,5,0,0,UPI,2026-03-01,07:49,0
308.53,311.07,8,0,0,UPI,2026-03-01,07:57,0
249.78,169.45,6,0,0,UPI,2026-03-01,08:13,0
651.32,709.1,7,0,0,UPI,2026-03-01,08:33,0
615.81,675.58,6,0,1,Online,2026-03-01,08:42,0
300.56,316.89,8,0,0,ATM,2026-03-01,08:49,0
98.89,100.11,6,0,0,UPI,2026-03-01,08:50,0
594.62,609.57,2,0,0,ATM,2026-03-01,09:25,0
210.14,126.52,3,0,0,Card,2026-03-01,09:46,0
484.05,336.68,4,0,0,UPI,2026-03-01,10:13,0
458.74,205.42,3,0,1,UPI,2026-03-01,10:24,1
81.0,100.0,6,0,0,ATM,2026-03-01,10:43,0
432.21,388.61,5,0,0,UPI,2026-03-01,11:17,0
624.75,544.04,3,0,0,Online,2026-03-01,11:22,0
693.38,387.72,5,0,0,UPI,2026-03-01,11:36,0
445.75,389.04,6,0,0,Card,2026-03-01,11:40,0
75.14,100.0,7,0,0,Online,2026-03-01,12:09,0
1194.54,1428.65,4,0,0,Online,2026-03-01,12:18,0
572.13,619.97,5,0,0,Bank Transfer,2026-03-01,12:22,0
145.06,115.63,4,1,0,Card,2026-03-01,13:04,0
206.52,214.2,6,0,1,Card,2026-03-01,13:32,0
491.05,240.53,7,0,0,UPI,2026-03-01,13:40,0
718.97,313.61,3,0,0,Online,2026-03-01,14:11,0
266.46,236.1,4,0,0,Bank Transfer,2026-03-01,14:14,0
813.79,787.56,5,0,0,Bank Transfer,2026-03-01,14:17,0
87.9,100.0,4,0,0,UPI,2026-03-01,14:46,0
166.32,100.0,5,0,0,UPI,2026-03-01,15:27,0
69.78,100.0,5,0,0,Card,2026-03-01,15:40,0
188.14,100.0,8,0,0,Card,2026-03-01,15:41,0
1453.7,1032.77,7,0,1,Card,2026-03-01,15:54,0
2319.56,1762.33,6,0,0,UPI,2026-03-01,16:07,0
492.45,558.22,5,0,1,Bank Transfer,2026-03-01,16:28,0
234.47,144.98,7,0,0,Online,2026-03-01,16:30,0
334.16,164.86,7,0,0,ATM,2026-03-01,16:32,0
603.25,214.99,5,0,0,Bank Transfer,2026-03-01,16:37,0
106.85,100.0,2,0,0,Online,2026-03-01,16:48,0
247.99,245.07,5,1,0,Bank Transfer,2026-03-01,17:26,0
1366.02,994.72,3,0,0,Card,2026-03-01,17:55,0
165.86,100.0,1,0,0,Bank Transfer,2026-03-01,18:05,0
213.43,243.97,5,0,0,UPI,2026-03-01,18:47,0
407.98,415.9,9,0,0,Bank Transfer,2026-03-01,19:27,0
513.2,229.51,5,0,0,Card,2026-03-01,20:00,0
237.16,137.23,4,0,0,Online,2026-03-01,20:03,0
430.7,461.72,5,0,0,UPI,2026-03-01,20:08,0
676.38,634.82,6,0,0,Online,2026-03-01,20:20,0
2137.16,2465.67,7,0,0,Card,2026-03-01,20:24,0
362.38,150.32,5,0,0,Online,2026-03-01,20:29,0
389.51,393.06,8,0,0,Bank Transfer,2026-03-01,20:54,0
1477.84,613.23,1,0,0,UPI,2026-03-01,21:31,0
252.95,160.92,3,0,0,UPI,2026-03-01,21:33,0
130.88,129.32,8,0,0,Bank Transfer,2026-03-01,22:18,0
499.05,476.28,6,0,1,ATM,2026-03-01,22:40,0
1007.02,354.27,7,0,0,Card,2026-03-01,23:05,0
548.34,286.04,7,0,0,Online,2026-03-01,23:06,0
371.5,375.87,3,0,0,Online,2026-03-01,23:10,0
117.79,100.0,2,0,0,Online,2026-03-01,23:36,0
383.9,240.87,4,0,0,Online,2026-03-01,23:36,0
1150.76,582.64,4,0,0,UPI,2026-03-01,23:50,0
141.32,100.0,3,0,1,Online,2026-03-02,00:07,0
327.66,347.69,4,0,0,Online,2026-03-02,00:18,0
290.22,116.71,8,0,1,Bank Transfer,2026-03-02,00:26,0
222.95,179.62,5,0,0,UPI,2026-03-02,00:37,0
498.07,467.57,6,0,0,Card,2026-03-02,01:18,0
588.05,234.6,5,1,0,ATM,2026-03-02,01:24,0
582.83,517.8,6,0,0,UPI,2026-03-02,01:38,0
175.86,111.49,3,0,0,Online,2026-03-02,02:13,1
99.58,105.4,2,0,1,ATM,2026-03-02,02:22,0
504.23,518.35,2,0,0,Card,2026-03-02,02:23,0
262.43,268.94,5,0,0,Online,2026-03-02,02:38,0
1924.78,1325.91,8,0,0,Online,2026-03-02,02:46,0
2001.86,2100.29,3,0,0,ATM,2026-03-02,02:49,0
2190.94,1940.04,4,0,0,Bank Transfer,2026-03-02,03:02,0
181.44,121.9,2,0,1,UPI,2026-03-02,03:08,0
654.56,273.98,4,0,0,Bank Transfer,2026-03-02,03:14,0
845.82,344.08,4,0,0,Card,2026-03-02,04:02,0
768.62,433.27,5,0,1,Online,2026-03-02,04:19,1
298.5,180.49,5,0,0,UPI,2026-03-02,04:36,0
1196.66,1362.28,3,0,0,UPI,2026-03-02,04:58,0
403.59,484.29,3,0,0,UPI,2026-03-02,05:04,0
449.84,212.38,6,0,0,Online,2026-03-02,05:35,0
109.16,125.69,4,0,0,UPI,2026-03-02,05:37,0
697.88,663.38,5,0,0,ATM,2026-03-02,06:35,0
323.32,250.19,3,0,0,ATM,2026-03-02,06:40,0
598.88,695.59,3,0,0,UPI,2026-03-02,06:49,0
492.67,471.31,6,1,0,Online,2026-03-02,06:50,0
470.5,402.09,1,0,0,ATM,2026-03-02,06:55,0
388.05,204.93,8,0,0,Bank Transfer,2026-03-02,07:00,0
787.3,439.14,4,1,0,Bank Transfer,2026-03-02,07:10,0
340.68,383.19,5,1,0,Online,2026-03-02,07:17,1
117.11,100.0,9,0,0,Online,2026-03-02,08:03,0
654.33,246.98,6,0,0,Card,2026-03-02,09:36,0
202.83,116.89,5,0,0,Online,2026-03-02,09:54,0
130.89,100.0,4,0,0,ATM,2026-03-02,10:00,0
169.2,114.16,7,0,0,Online,2026-03-02,10:43,0
513.29,587.93,6,0,0,ATM,2026-03-02,10:44,0
371.65,262.31,6,0,0,Card,2026-03-02,10:52,0
65.84,100.0,8,0,0,Online,2026-03-02,10:54,0
291.17,249.08,8,0,0,Bank Transfer,2026-03-02,11:08,0
1089.91,867.03,5,0,0,Bank Transfer,2026-03-02,11:12,1
274.9,133.65,2,0,0,Bank Transfer,2026-03-02,11:32,0
350.49,203.42,9,0,1,Online,2026-03-02,11:49,0
979.01,1064.27,8,0,0,UPI,2026-03-02,12:00,0
793.27,803.56,6,0,0,UPI,2026-03-02,12:28,0
961.49,702.19,1,0,0,UPI,2026-03-02,12:34,0
38.22,100.0,5,0,0,Card,2026-03-02,13:47,0
1760.75,1842.28,5,0,0,Card,2026-03-02,13:51,0
692.94,308.55,8,0,0,Bank Transfer,2026-03-02,14:01,0
3269.05,2827.86,6,0,0,ATM,2026-03-02,14:05,0
207.48,213.5,5,0,0,Online,2026-03-02,14:10,0
90.11,100.0,5,1,0,Card,2026-03-02,14:45,1
405.91,173.58,5,0,0,Card,2026-03-02,15:09,0
319.24,172.68,7,0,0,UPI,2026-03-02,15:09,0
703.18,492.99,5,0,0,Online,2026-03-02,15:18,0
1005.95,567.24,2,0,0,ATM,2026-03-02,15:56,0
374.58,165.79,4,0,0,Online,2026-03-02,16:14,0
328.78,290.8,5,0,0,Card,2026-03-02,16:42,0
629.11,491.56,2,0,0,Bank Transfer,2026-03-02,17:16,0
324.45,156.3,9,0,0,Card,2026-03-02,17:17,0
302.18,256.38,4,0,1,UPI,2026-03-02,17:21,0
974.15,392.3,4,0,0,Online,2026-03-02,17:37,0
1177.1,795.23,3,0,0,UPI,2026-03-02,17:46,0
1013.71,1037.67,8,0,0,ATM,2026-03-02,17:57,0
349.68,386.93,3,0,0,UPI,2026-03-02,18:05,0
65.44,100.0,4,0,0,UPI,2026-03-02,18:09,0
355.68,384.34,2,0,0,UPI,2026-03-02,18:27,0
211.82,234.69,7,0,0,Online,2026-03-02,18:31,0
361.31,312.84,4,0,0,Card,2026-03-02,19:27,0
228.05,270.21,7,0,0,Bank Transfer,2026-03-02,19:49,0
396.38,221.67,8,0,0,Online,2026-03-02,20:19,0
166.77,100.0,5,0,0,Online,2026-03-02,20:22,0
135.83,144.92,6,0,0,Online,2026-03-02,20:42,0
1140.57,875.15,8,1,0,UPI,2026-03-02,21:02,0
176.94,114.03,6,0,0,UPI,2026-03-02,21:09,0
403.54,160.19,5,0,1,Card,2026-03-02,21:19,0
908.08,367.71,4,0,0,UPI,2026-03-02,21:19,0
877.57,374.82,6,0,0,Bank Transfer,2026-03-02,21:30,0
792.84,401.25,6,0,0,Card,2026-03-02,22:02,0
521.88,613.13,2,0,0,Bank Transfer,2026-03-02,22:02,0
746.51,439.84,5,0,0,ATM,2026-03-02,22:05,0
1296.11,1353.78,7,0,0,UPI,2026-03-02,22:14,0
578.98,212.2,3,0,0,Bank Transfer,2026-03-02,22:47,0
84.64,100.0,4,0,0,Online,2026-03-02,23:26,1
257.43,288.39,4,0,0,Card,2026-03-02,23:33,0
729.18,369.9,3,0,1,UPI,2026-03-02,23:48,0
236.74,140.01,2,1,0,UPI,2026-03-02,23:50,0
1598.93,1682.93,9,0,0,UPI,2026-03-03,00:11,0
382.33,173.27,4,0,0,Bank Transfer,2026-03-03,00:23,0
433.75,171.42,2,0,0,UPI,2026-03-03,00:32,0
1049.46,1229.0,4,1,0,Bank Transfer,2026-03-03,00:50,0
345.36,239.7,6,1,1,UPI,2026-03-03,01:02,0
468.64,426.08,4,0,1,Online,2026-03-03,01:08,0
866.32,396.82,6,0,0,Bank Transfer,2026-03-03,01:29,0
115.42,100.0,6,0,0,ATM,2026-03-03,01:35,0
316.55,234.56,7,0,0,Card,2026-03-03,01:35,0
816.3,754.16,1,0,0,Online,2026-03-03,01:44,1
426.56,255.62,4,0,0,Online,2026-03-03,02:10,0
1404.22,1547.36,4,0,0,Online,2026-03-03,02:12,0
105.69,107.16,3,0,0,Card,2026-03-03,02:17,0
95.92,100.0,4,0,0,Card,2026-03-03,03:13,0
776.06,574.54,3,0,0,Online,2026-03-03,03:20,0
842.13,738.22,4,0,0,Card,2026-03-03,03:21,0
342.32,332.7,3,0,0,UPI,2026-03-03,03:29,0
566.99,263.48,7,0,0,Online,2026-03-03,03:38,0
760.08,816.89,7,0,0,UPI,2026-03-03,03:38,0
201.99,154.72,6,0,1,Online,2026-03-03,03:38,0
221.22,253.31,7,0,0,Online,2026-03-03,03:44,0
474.03,550.92,5,0,0,Bank Transfer,2026-03-03,03:54,0
869.98,327.21,3,0,0,UPI,2026-03-03,04:02,0
149.75,101.35,4,0,0,Online,2026-03-03,04:18,0
340.95,271.84,3,0,0,Online,2026-03-03,05:02,0
327.8,265.08,7,0,0,UPI,2026-03-03,05:21,0
575.51,603.73,4,0,0,Online,2026-03-03,05:29,0
400.46,188.19,3,0,0,UPI,2026-03-03,05:42,0
253.66,223.0,2,0,0,UPI,2026-03-03,05:50,0
1165.94,1342.24,7,1,0,Online,2026-03-03,05:52,0
255.09,305.4,7,0,0,Card,2026-03-03,06:00,0
314.73,112.85,3,0,0,Bank Transfer,2026-03-03,06:05,0
104.3,122.72,5,1,0,Online,2026-03-03,06:28,0
219.95,100.0,4,0,0,Bank Transfer,2026-03-03,07:06,0
625.57,504.47,4,0,0,Card,2026-03-03,07:12,0
529.81,296.38,5,0,0,Card,2026-03-03,07:14,0
671.55,581.18,7,1,0,Online,2026-03-03,08:31,0
644.41,245.82,7,1,0,Online,2026-03-03,08:33,0
2379.29,1314.75,7,0,0,Online,2026-03-03,08:35,0
213.65,129.36,7,0,0,Online,2026-03-03,08:37,0
101.85,114.91,6,0,0,UPI,2026-03-03,08:56,0
165.18,139.76,3,0,0,Card,2026-03-03,09:01,0
221.83,211.17,9,0,0,ATM,2026-03-03,09:03,0
176.24,162.95,5,0,0,Online,2026-03-03,09:06,0
436.86,298.57,3,0,0,Online,2026-03-03,09:57,0
1170.0,423.44,10,0,0,Online,2026-03-03,10:19,0
1493.25,658.47,4,0,0,UPI,2026-03-03,10:26,0
619.34,458.31,6,0,0,Bank Transfer,2026-03-03,10:43,0
2490.11,2863.87,4,0,0,Bank Transfer,2026-03-03,11:42,0
298.0,167.31,5,0,0,UPI,2026-03-03,11:47,0
100.72,100.0,5,0,0,Online,2026-03-03,11:49,0
987.52,1039.47,6,0,0,Bank Transfer,2026-03-03,12:09,0
84.54,100.0,4,0,0,Card,2026-03-03,13:02,0
212.35,127.3,4,0,0,Card,2026-03-03,13:18,0
627.72,716.6,4,0,0,ATM,2026-03-03,13:53,0
369.8,320.54,5,0,0,UPI,2026-03-03,14:16,0
342.99,268.27,9,0,0,Bank Transfer,2026-03-03,14:44,0
147.87,149.59,5,0,0,Online,2026-03-03,15:41,0
399.74,221.02,6,0,0,UPI,2026-03-03,15:42,0
946.82,985.35,6,0,0,Online,2026-03-03,15:58,0
410.33,370.31,6,0,0,Online,2026-03-03,16:19,0
199.2,205.07,9,0,0,Card,2026-03-03,17:05,0
139.71,150.52,8,0,0,UPI,2026-03-03,17:10,0
202.72,177.33,4,0,0,Card,2026-03-03,17:20,0
563.11,214.67,2,0,0,Bank Transfer,2026-03-03,17:27,0
540.27,325.83,8,0,0,Online,2026-03-03,17:33,0
204.3,223.97,7,0,0,Online,2026-03-03,18:02,0
61.61,100.0,6,0,0,Online,2026-03-03,18:04,0
576.52,637.95,3,0,0,Online,2026-03-03,18:12,0
188.1,127.31,5,0,1,Online,2026-03-03,18:19,0
724.66,564.52,5,0,0,UPI,2026-03-03,19:02,0
212.15,229.8,6,0,0,UPI,2026-03-03,19:10,0
174.21,173.82,6,0,0,Card,2026-03-03,19:40,0
459.53,308.29,3,0,0,Card,2026-03-03,19:42,0
2993.04,1105.14,5,0,0,UPI,2026-03-03,19:58,1
762.56,837.51,6,0,0,UPI,2026-03-03,20:05,0
452.95,461.29,6,0,0,Bank Transfer,2026-03-03,20:15,0
547.31,400.52,3,0,1,Online,2026-03-03,20:23,0
91.06,100.0,7,0,0,Online,2026-03-03,20:51,0
155.4,100.0,4,0,0,UPI,2026-03-03,21:09,0
47.74,100.0,5,0,0,Online,2026-03-03,21:09,0
1755.3,857.84,3,0,0,Online,2026-03-03,21:16,0
1477.75,781.71,5,0,0,Online,2026-03-03,21:40,0
563.35,602.45,3,0,0,Bank Transfer,2026-03-03,21:41,0
452.53,297.81,3,0,0,ATM,2026-03-03,21:59,0
107.89,112.48,5,0,0,Bank Transfer,2026-03-03,22:13,0
334.82,252.06,6,0,0,Bank Transfer,2026-03-03,22:47,0
1851.1,759.25,7,0,0,Bank Transfer,2026-03-03,23:05,0
451.11,296.51,7,0,0,UPI,2026-03-03,23:39,0
249.65,120.96,4,0,0,ATM,2026-03-03,23:59,0
90.53,100.0,2,0,0,Online,2026-03-04,01:19,0
1304.09,1466.69,1,0,0,Online,2026-03-04,01:27,0
380.1,379.57,7,0,0,Card,2026-03-04,01:51,0
90.63,100.0,6,0,0,UPI,2026-03-04,01:57,0
183.9,199.08,11,0,0,Online,2026-03-04,02:10,0
136.2,137.58,2,0,0,UPI,2026-03-04,02:14,0
360.69,300.56,4,0,0,UPI,2026-03-04,02:25,0
481.18,460.55,7,0,1,Online,2026-03-04,02:55,0
263.03,185.06,4,0,0,Card,2026-03-04,02:59,0
780.93,320.32,9,0,0,UPI,2026-03-04,03:07,0
431.38,409.7,5,0,0,ATM,2026-03-04,03:09,0
995.22,958.81,4,1,1,Bank Transfer,2026-03-04,03:57,0
297.79,160.85,2,0,0,Online,2026-03-04,04:01,0
5369.7,6233.41,3,0,0,Card,2026-03-04,04:21,0
249.68,100.0,3,0,0,UPI,2026-03-04,04:25,0
187.2,182.62,3,0,0,UPI,2026-03-04,04:35,0
168.62,197.83,4,0,0,UPI,2026-03-04,05:20,0
337.21,206.63,5,1,0,UPI,2026-03-04,05:47,0
93.54,105.29,9,1,0,Online,2026-03-04,05:52,1
518.21,545.4,3,0,0,Online,2026-03-04,06:10,0
79.88,100.0,6,0,0,Online,2026-03-04,06:18,0
462.86,537.25,2,1,0,Bank Transfer,2026-03-04,06:22,0
127.92,115.89,6,1,0,Bank Transfer,2026-03-04,06:40,0
291.75,224.84,4,0,1,Online,2026-03-04,06:47,0
674.42,623.39,5,0,0,Online,2026-03-04,07:04,0
2859.59,2001.85,5,0,0,ATM,2026-03-04,07:19,0
161.37,101.04,3,0,0,Online,2026-03-04,07:28,0
355.04,149.08,5,0,0,UPI,2026-03-04,08:04,0
218.07,146.39,5,0,0,Online,2026-03-04,08:24,0
192.6,198.9,5,0,0,UPI,2026-03-04,08:25,0
219.7,253.45,7,1,0,Card,2026-03-04,08:43,0
812.78,958.17,3,0,0,ATM,2026-03-04,08:44,0
266.44,140.03,4,0,0,UPI,2026-03-04,09:13,0
2729.61,2281.19,3,0,0,Card,2026-03-04,09:36,0
574.55,482.27,4,0,0,Bank Transfer,2026-03-04,09:38,0
170.97,100.0,3,0,0,Card,2026-03-04,09:50,0
295.39,249.42,3,0,0,Card,2026-03-04,09:56,0
204.06,134.34,3,0,0,Card,2026-03-04,10:00,0
796.37,916.65,3,0,1,Online,2026-03-04,11:19,0
100.19,100.0,4,0,0,Online,2026-03-04,11:24,0
129.05,136.76,5,0,0,UPI,2026-03-04,11:41,1
244.0,271.41,5,0,0,UPI,2026-03-04,11:51,0
720.9,703.23,8,0,1,Online,2026-03-04,11:59,1
1150.67,612.7,5,0,0,UPI,2026-03-04,12:08,0
1304.35,745.19,1,0,0,UPI,2026-03-04,12:29,0
632.91,743.96,6,0,0,Online,2026-03-04,12:30,0
375.98,155.83,6,0,0,Online,2026-03-04,13:22,0
792.69,356.33,5,0,0,UPI,2026-03-04,13:42,0
152.5,180.22,5,0,0,Online,2026-03-04,13:50,0
84.1,100.0,3,0,0,Card,2026-03-04,14:30,0
584.73,575.62,9,0,0,Online,2026-03-04,14:51,0
171.6,100.0,3,0,0,Bank Transfer,2026-03-04,15:03,0
381.64,292.19,9,0,0,Online,2026-03-04,15:18,0
446.61,475.48,2,0,0,Online,2026-03-04,15:28,0
498.15,313.61,5,0,0,Card,2026-03-04,15:31,0
895.27,460.03,3,0,0,Online,2026-03-04,15:33,0
818.33,294.03,8,0,0,Bank Transfer,2026-03-04,15:58,0
476.16,418.62,3,0,0,Bank Transfer,2026-03-04,16:07,0
277.07,166.17,8,0,0,UPI,2026-03-04,16:12,0
442.13,479.32,5,0,0,Online,2026-03-04,16:22,0
243.04,143.63,2,0,0,Online,2026-03-04,16:33,0
341.39,163.47,5,0,0,Online,2026-03-04,16:37,0
3734.79,4356.19,2,0,1,Online,2026-03-04,16:54,0
471.0,551.1,7,1,0,UPI,2026-03-04,17:08,0
591.53,551.46,3,0,0,Card,2026-03-04,17:18,0
221.48,252.3,7,0,0,Bank Transfer,2026-03-04,17:21,0
960.12,468.12,4,0,0,Online,2026-03-04,17:23,0
769.88,570.7,4,0,1,UPI,2026-03-04,17:24,0
774.52,405.49,9,0,1,Card,2026-03-04,17:53,0
484.28,366.58,3,1,0,Bank Transfer,2026-03-04,18:48,0
971.71,993.58,4,0,0,Online,2026-03-04,19:15,0
1189.08,1270.16,4,0,0,Card,2026-03-04,19:23,0
513.18,181.43,5,0,0,Online,2026-03-04,19:37,0
365.98,249.26,3,0,1,Online,2026-03-04,19:55,0
862.97,1031.22,3,0,0,Bank Transfer,2026-03-04,20:10,0
187.07,159.18,6,0,0,Bank Transfer,2026-03-04,20:32,0
219.15,131.87,8,0,0,Bank Transfer,2026-03-04,20:33,0
385.56,262.43,4,0,0,Bank Transfer,2026-03-04,20:49,0
91.82,100.0,8,0,0,ATM,2026-03-04,21:04,0
815.22,595.48,8,1,0,Bank Transfer,2026-03-04,21:24,0
177.95,129.52,10,0,0,ATM,2026-03-04,21:28,0
270.22,211.0,7,0,0,ATM,2026-03-04,21:32,0
336.54,250.66,5,0,0,UPI,2026-03-04,21:37,0
417.13,328.99,4,0,0,Card,2026-03-04,22:04,0
301.24,112.6,5,0,0,UPI,2026-03-04,22:31,0
380.98,150.97,7,0,0,UPI,2026-03-04,22:40,0
383.49,255.2,6,0,0,Bank Transfer,2026-03-04,22:45,0
275.9,304.09,6,0,0,UPI,2026-03-04,22:45,0
209.09,213.74,6,0,0,Card,2026-03-04,23:32,1
1011.56,448.76,2,0,0,ATM,2026-03-04,23:58,0
67.44,100.0,4,0,1,Online,2026-03-05,00:00,0
338.71,292.61,9,0,0,Bank Transfer,2026-03-05,00:02,0
270.81,205.55,9,0,0,Online,2026-03-05,00:07,0
575.92,543.06,4,0,0,Bank Transfer,2026-03-05,00:18,0
117.2,140.36,3,1,1,ATM,2026-03-05,00:21,0
263.8,113.96,2,0,0,Card,2026-03-05,00:23,0
369.81,291.49,7,0,0,Bank Transfer,2026-03-05,00:30,0
1001.81,786.94,3,0,0,Online,2026-03-05,00:33,0
535.05,443.03,7,0,0,UPI,2026-03-05,00:36,0
147.53,100.0,3,0,0,Bank Transfer,2026-03-05,00:43,0
266.57,237.94,6,0,0,UPI,2026-03-05,00:46,0
856.75,332.15,10,1,0,Bank Transfer,2026-03-05,01:04,0
145.38,142.46,11,0,0,Card,2026-03-05,01:26,0
377.34,344.77,4,0,0,Online,2026-03-05,01:57,0
400.31,252.54,5,0,0,UPI,2026-03-05,01:57,0
290.64,346.05,4,0,0,Online,2026-03-05,02:10,0
3989.37,4206.64,6,0,0,ATM,2026-03-05,02:41,0
284.06,229.69,6,0,0,Bank Transfer,2026-03-05,03:18,0
591.29,704.77,5,0,0,Card,2026-03-05,03:19,0
210.32,222.01,6,0,1,Card,2026-03-05,03:30,0
631.81,295.23,10,0,0,Bank Transfer,2026-03-05,03:42,0
845.7,720.88,8,0,0,ATM,2026-03-05,03:43,0
244.75,206.5,7,0,0,Card,2026-03-05,03:53,0
385.1,348.52,6,0,0,Bank Transfer,2026-03-05,03:53,0
188.48,216.69,4,0,0,Card,2026-03-05,04:27,0
152.51,117.17,7,0,0,Bank Transfer,2026-03-05,04:46,0
973.87,404.91,7,0,1,Card,2026-03-05,05:24,1
251.92,190.81,8,0,0,ATM,2026-03-05,05:29,0
51.85,100.0,6,0,0,Bank Transfer,2026-03-05,05:40,0
1809.04,1184.59,7,0,1,Online,2026-03-05,06:12,0
204.02,100.0,3,0,0,Online,2026-03-05,06:40,0
327.2,198.86,6,0,1,ATM,2026-03-05,07:17,0
1627.45,1513.25,4,1,0,UPI,2026-03-05,07:40,0
357.64,151.32,3,0,0,Bank Transfer,2026-03-05,08:02,0
351.13,235.11,5,0,0,Online,2026-03-05,08:08,0
142.03,100.0,7,0,0,Online,2026-03-05,08:21,0
100.52,100.0,6,0,1,ATM,2026-03-05,08:27,0
350.22,164.71,6,0,0,ATM,2026-03-05,08:44,0
549.16,243.1,5,0,0,UPI,2026-03-05,08:46,0
523.06,493.31,6,0,0,ATM,2026-03-05,09:00,0
267.98,129.79,4,0,0,Online,2026-03-05,09:15,0
410.44,197.66,9,0,0,UPI,2026-03-05,09:16,0
84.64,100.0,5,0,0,UPI,2026-03-05,09:26,0
596.54,230.89,4,0,0,Online,2026-03-05,09:44,0
462.75,174.94,3,1,0,Bank Transfer,2026-03-05,09:48,0
2159.46,1547.75,5,0,0,Card,2026-03-05,10:12,0
406.0,268.1,1,0,0,UPI,2026-03-05,10:37,0
181.04,147.17,6,0,0,UPI,2026-03-05,10:46,0
386.4,461.55,1,0,0,Online,2026-03-05,10:55,0
305.32,219.68,1,0,0,Card,2026-03-05,11:22,0
583.77,490.16,7,0,0,Card,2026-03-05,11:43,0
412.76,466.98,2,0,0,UPI,2026-03-05,12:03,0
138.25,105.17,2,0,1,ATM,2026-03-05,12:24,0
100.45,101.85,2,0,0,Online,2026-03-05,12:28,0
504.45,411.81,5,0,0,UPI,2026-03-05,12:56,0
1307.21,1165.54,10,0,0,ATM,2026-03-05,12:57,0
431.58,493.13,8,1,1,UPI,2026-03-05,13:08,0
805.37,282.36,4,0,0,UPI,2026-03-05,13:12,0
954.21,1064.71,4,0,0,Online,2026-03-05,13:15,0
506.12,391.25,4,0,0,ATM,2026-03-05,13:37,0
201.88,174.78,1,0,0,Online,2026-03-05,14:01,0
476.28,348.9,5,0,0,Bank Transfer,2026-03-05,14:03,0
1125.53,643.56,7,0,0,Online,2026-03-05,14:06,0
632.96,257.05,5,0,0,Online,2026-03-05,15:54,0
762.05,878.91,6,0,1,UPI,2026-03-05,16:04,0
272.28,239.69,6,0,0,UPI,2026-03-05,16:07,0
339.68,371.08,6,0,0,UPI,2026-03-05,16:11,0
364.7,217.8,7,0,0,Card,2026-03-05,16:17,0
386.2,226.43,4,1,0,Online,2026-03-05,16:19,0
1088.73,691.8,5,0,1,UPI,2026-03-05,16:19,0
54.87,100.0,4,1,0,UPI,2026-03-05,16:35,0
414.04,320.17,3,0,0,Online,2026-03-05,16:46,0
377.07,432.05,9,0,0,Online,2026-03-05,16:46,0
125.74,137.64,9,0,0,Bank Transfer,2026-03-05,17:01,0
714.09,550.44,2,0,0,Bank Transfer,2026-03-05,17:19,0
217.93,140.88,5,0,0,UPI,2026-03-05,17:20,0
297.83,259.09,5,0,0,Card,2026-03-05,17:24,0
1941.98,1690.34,4,0,0,Online,2026-03-05,17:34,0
951.92,886.42,3,0,0,Bank Transfer,2026-03-05,17:39,0
657.41,529.39,5,0,0,UPI,2026-03-05,18:34,0
557.61,207.84,7,0,1,Card,2026-03-05,18:58,0
350.73,145.43,3,0,0,Bank Transfer,2026-03-05,19:12,0
2207.18,2599.41,4,0,0,Card,2026-03-05,19:15,0
797.79,785.26,5,0,0,Online,2026-03-05,19:27,0
213.34,246.62,3,0,0,Online,2026-03-05,19:32,0
122.72,100.0,2,0,0,Card,2026-03-05,19:32,0
653.15,525.6,2,0,1,Card,2026-03-05,20:26,0
384.72,239.93,2,0,0,ATM,2026-03-05,20:31,0
119.75,134.43,5,1,0,ATM,2026-03-05,20:38,0
580.74,345.29,3,0,1,UPI,2026-03-05,21:14,0
320.96,301.62,3,0,0,Online,2026-03-05,21:35,0
633.38,315.93,4,0,0,Card,2026-03-05,21:38,0
587.27,258.08,9,0,1,Online,2026-03-05,22:04,0
240.56,116.02,3,0,0,UPI,2026-03-05,22:19,0
690.85,552.7,7,0,0,Card,2026-03-05,22:25,0
264.22,282.15,12,0,0,Card,2026-03-05,22:38,0
279.23,334.91,6,0,0,Bank Transfer,2026-03-05,22:40,1
256.61,225.63,8,0,0,Card,2026-03-05,22:49,0
1055.03,847.79,3,0,1,Online,2026-03-05,22:55,0
317.83,323.82,5,0,0,Online,2026-03-06,00:23,0
1295.4,523.58,4,0,0,Card,2026-03-06,00:40,0
1837.13,1906.92,3,0,0,UPI,2026-03-06,00:53,0
215.31,214.15,9,0,0,Bank Transfer,2026-03-06,01:09,0
33.69,100.0,6,0,1,Online,2026-03-06,01:28,0
980.27,362.25,4,0,0,Online,2026-03-06,01:34,0
301.67,157.43,5,0,0,Bank Transfer,2026-03-06,01:36,0
193.2,128.34,7,0,0,UPI,2026-03-06,01:42,0
244.59,281.29,4,0,0,Online,2026-03-06,01:49,0
283.56,253.13,3,0,0,ATM,2026-03-06,01:50,0
1215.14,952.16,3,0,1,Online,2026-03-06,02:19,0
462.17,353.63,1,0,0,Card,2026-03-06,02:21,0
1201.18,1216.77,6,0,0,Online,2026-03-06,02:30,0
614.06,383.84,5,0,1,ATM,2026-03-06,02:52,0
310.18,133.48,6,0,0,Online,2026-03-06,03:07,0
289.51,267.94,4,0,0,Card,2026-03-06,03:16,0
650.26,409.44,8,0,0,UPI,2026-03-06,03:27,0
810.27,507.84,6,0,0,Bank Transfer,2026-03-06,03:28,0
941.31,693.28,8,0,0,UPI,2026-03-06,03:30,0
323.01,179.7,5,0,0,Online,2026-03-06,03:44,0
468.21,530.7,3,0,0,Bank Transfer,2026-03-06,04:02,0
662.77,709.12,6,0,0,Bank Transfer,2026-03-06,04:39,0
291.09,347.1,5,0,0,Online,2026-03-06,04:49,0
153.75,179.86,4,0,0,Online,2026-03-06,05:34,0
203.3,125.49,5,0,1,ATM,2026-03-06,05:43,0
328.69,221.38,6,0,0,Card,2026-03-06,06:19,0
708.31,668.3,7,0,0,Card,2026-03-06,06:21,0
1176.3,427.55,6,0,0,Bank Transfer,2026-03-06,06:24,0
127.4,152.22,9,0,0,UPI,2026-03-06,06:24,0
242.8,100.0,6,0,0,Card,2026-03-06,06:39,0
297.62,238.62,4,0,0,Online,2026-03-06,06:40,0
792.75,728.06,4,0,0,Bank Transfer,2026-03-06,06:52,0
257.52,290.23,7,0,0,Online,2026-03-06,07:02,0
279.98,251.29,4,0,0,Card,2026-03-06,07:14,0
121.49,104.17,4,0,0,Bank Transfer,2026-03-06,07:17,0
608.44,368.29,6,1,1,UPI,2026-03-06,08:09,0
351.71,299.76,5,0,0,UPI,2026-03-06,08:29,0
231.38,228.43,9,0,1,UPI,2026-03-06,08:45,0
323.57,255.05,6,0,0,UPI,2026-03-06,08:45,0
1051.47,1064.81,6,1,0,UPI,2026-03-06,09:04,0
171.72,100.0,3,0,0,Online,2026-03-06,09:09,0
197.27,125.28,5,0,0,UPI,2026-03-06,09:37,0
1169.6,1363.57,3,0,1,UPI,2026-03-06,09:39,1
430.27,268.89,6,0,1,Bank Transfer,2026-03-06,09:42,0
712.86,626.31,2,0,0,UPI,2026-03-06,09:49,0
567.64,449.52,4,0,0,Card,2026-03-06,10:27,0
391.49,448.7,3,0,0,ATM,2026-03-06,10:38,0
300.05,146.53,3,1,0,UPI,2026-03-06,10:45,0
817.97,494.45,6,0,0,Online,2026-03-06,10:51,0
1083.54,1173.49,7,1,0,Card,2026-03-06,11:18,1
1013.9,929.01,5,0,0,Card,2026-03-06,11:24,0
147.28,119.53,5,0,0,ATM,2026-03-06,11:26,0
1223.14,838.66,9,0,0,ATM,2026-03-06,12:00,0
297.6,208.21,8,0,0,Online,2026-03-06,12:39,0
212.35,243.07,6,0,0,UPI,2026-03-06,12:59,0
349.35,321.55,9,0,0,Bank Transfer,2026-03-06,13:25,1
817.67,931.93,5,0,0,ATM,2026-03-06,13:30,0
638.67,751.31,5,0,0,UPI,2026-03-06,15:03,0
324.71,264.62,6,0,0,Online,2026-03-06,15:38,0
822.23,714.03,5,0,0,Online,2026-03-06,16:46,0
454.36,412.51,5,0,0,UPI,2026-03-06,16:52,0
247.89,263.58,5,0,0,UPI,2026-03-06,17:07,0
221.0,201.16,6,0,0,Bank Transfer,2026-03-06,17:09,0
571.75,255.83,4,0,0,Online,2026-03-06,17:15,0
376.1,432.92,4,0,0,UPI,2026-03-06,17:36,1
125.31,114.26,5,0,0,Bank Transfer,2026-03-06,18:04,0
828.89,903.02,5,0,0,Online,2026-03-06,18:05,0
268.21,190.7,3,0,0,Online,2026-03-06,18:09,0
1561.34,1176.49,5,0,0,UPI,2026-03-06,18:18,0
122.42,114.53,7,0,0,UPI,2026-03-06,18:27,0
345.99,349.43,4,0,0,Card,2026-03-06,19:33,1
222.52,100.0,4,0,0,UPI,2026-03-06,19:45,0
176.07,122.59,4,0,0,Online,2026-03-06,19:46,0
266.73,267.9,6,0,0,Online,2026-03-06,20:03,0
1817.07,2168.5,7,0,1,Online,2026-03-06,20:11,0
455.71,164.01,3,0,1,Online,2026-03-06,20:14,0
205.83,118.37,7,1,0,UPI,2026-03-06,20:22,0
85.26,100.0,6,0,0,Bank Transfer,2026-03-06,20:31,0
93.4,100.0,7,1,0,Online,2026-03-06,20:49,0
255.7,100.0,8,0,0,Bank Transfer,2026-03-06,21:01,0
235.42,190.36,2,0,0,Online,2026-03-06,21:08,0
333.47,300.79,4,0,0,Online,2026-03-06,21:29,0
58.48,100.0,9,0,1,UPI,2026-03-06,21:34,0
373.18,247.94,2,0,0,ATM,2026-03-06,21:57,0
966.39,1147.85,5,0,0,Bank Transfer,2026-03-06,22:25,0
1602.65,1211.44,6,0,0,Bank Transfer,2026-03-06,23:08,0
80.62,100.0,8,0,0,Bank Transfer,2026-03-06,23:25,0
204.14,121.28,6,0,0,Bank Transfer,2026-03-06,23:28,1
195.18,206.04,7,0,0,Online,2026-03-06,23:34,0
456.63,479.52,3,0,0,UPI,2026-03-06,23:35,0
143.05,100.0,6,0,0,Online,2026-03-07,00:14,0
1685.68,1529.71,4,0,0,Bank Transfer,2026-03-07,00:15,0
418.63,389.21,2,0,0,ATM,2026-03-07,00:35,0
363.34,263.86,6,0,1,Online,2026-03-07,00:43,0
1562.13,1574.18,3,0,0,Online,2026-03-07,00:52,0
397.96,243.1,8,0,0,Bank Transfer,2026-03-07,00:54,0
566.94,431.8,5,0,0,Card,2026-03-07,01:09,0
213.11,253.95,4,0,0,UPI,2026-03-07,01:19,0
125.85,100.0,2,0,0,UPI,2026-03-07,01:48,1
240.13,114.21,6,0,0,UPI,2026-03-07,01:50,0
2588.75,1218.96,4,0,0,Card,2026-03-07,01:52,0
690.95,828.03,6,0,0,UPI,2026-03-07,02:00,0
509.46,247.56,3,0,0,Card,2026-03-07,02:06,0
175.93,100.0,7,0,0,Online,2026-03-07,02:16,0
875.3,823.28,2,0,1,Online,2026-03-07,02:28,0
127.23,126.66,4,0,0,UPI,2026-03-07,02:34,0
106.48,100.0,3,0,0,Bank Transfer,2026-03-07,02:50,0
250.87,297.35,5,1,0,Online,2026-03-07,02:50,0
2124.55,813.86,5,1,1,Bank Transfer,2026-03-07,03:36,0
2024.77,1777.13,6,0,0,Card,2026-03-07,03:44,0
274.91,237.94,7,0,0,Online,2026-03-07,04:18,0
227.45,141.71,4,0,0,Card,2026-03-07,04:36,0
100.05,111.51,5,0,0,Card,2026-03-07,04:57,0
431.09,353.48,4,0,0,UPI,2026-03-07,05:01,0
462.99,258.99,5,0,1,Bank Transfer,2026-03-07,05:23,0
789.28,335.53,2,0,1,Card,2026-03-07,05:30,0
874.89,385.87,2,0,0,Online,2026-03-07,05:34,0
341.11,379.56,3,0,0,UPI,2026-03-07,05:38,0
647.18,364.21,2,0,0,Online,2026-03-07,05:50,0
222.4,249.3,3,1,0,UPI,2026-03-07,06:21,0
636.82,287.91,2,0,0,Card,2026-03-07,06:28,0
262.13,310.98,8,0,1,Online,2026-03-07,06:40,0
596.18,630.96,3,0,0,ATM,2026-03-07,07:49,0
556.53,249.77,4,0,0,Online,2026-03-07,08:25,0
427.73,180.99,6,0,0,UPI,2026-03-07,09:08,0
792.63,818.73,5,0,0,UPI,2026-03-07,09:12,0
106.18,100.0,8,0,0,Card,2026-03-07,09:31,0
163.17,100.0,7,0,0,Online,2026-03-07,10:07,0
320.68,330.64,3,0,0,UPI,2026-03-07,10:11,0
118.3,132.67,5,0,0,Bank Transfer,2026-03-07,10:39,0
285.48,286.19,7,0,0,Online,2026-03-07,10:51,0
293.41,324.63,4,0,0,ATM,2026-03-07,10:56,0
1228.11,1014.3,7,1,0,Card,2026-03-07,11:00,0
455.39,461.16,4,0,1,UPI,2026-03-07,11:31,0
967.79,621.86,4,0,0,UPI,2026-03-07,12:03,0
521.35,530.44,3,0,0,Online,2026-03-07,12:20,0
255.87,237.39,6,0,0,Online,2026-03-07,12:40,0
451.99,379.04,6,0,0,UPI,2026-03-07,12:52,0
749.95,895.04,6,0,0,Bank Transfer,2026-03-07,13:01,0
1112.53,833.63,5,0,0,ATM,2026-03-07,13:06,0
360.52,315.94,3,0,0,Card,2026-03-07,13:43,1
99.45,100.0,6,0,0,ATM,2026-03-07,13:51,0
93.68,100.0,4,0,0,UPI,2026-03-07,13:58,0
305.68,192.83,6,0,0,Online,2026-03-07,14:04,0
55.3,100.0,3,0,0,Bank Transfer,2026-03-07,14:07,0
1855.37,1267.76,3,0,0,Card,2026-03-07,14:13,0
670.08,621.49,6,0,0,UPI,2026-03-07,14:16,0
235.02,195.55,7,0,1,Bank Transfer,2026-03-07,14:54,0
157.09,173.79,4,0,0,Card,2026-03-07,15:25,0
966.71,960.95,9,0,1,UPI,2026-03-07,15:50,0
156.56,100.0,8,0,0,UPI,2026-03-07,15:59,0
169.78,110.72,5,1,0,Bank Transfer,2026-03-07,16:00,0
210.39,200.95,6,0,0,Bank Transfer,2026-03-07,16:00,0
444.51,216.54,8,0,0,Online,2026-03-07,16:19,0
683.81,531.95,4,0,0,Card,2026-03-07,17:05,0
1111.84,689.46,11,0,0,ATM,2026-03-07,17:11,0
980.66,397.21,4,0,0,UPI,2026-03-07,17:17,0
403.69,483.45,6,0,0,Bank Transfer,2026-03-07,17:51,0
960.49,1094.92,4,0,0,UPI,2026-03-07,18:10,0
228.07,224.74,7,1,0,UPI,2026-03-07,18:17,0
85.82,100.0,4,0,0,Online,2026-03-07,18:19,0
228.04,271.43,6,0,0,Bank Transfer,2026-03-07,18:33,0
203.3,180.16,2,0,0,Bank Transfer,2026-03-07,18:36,0
235.76,276.11,4,0,0,UPI,2026-03-07,18:56,0
178.49,100.0,7,0,0,Online,2026-03-07,19:11,0
272.61,135.61,5,0,0,Card,2026-03-07,19:50,0
683.36,632.55,4,0,0,Card,2026-03-07,20:12,0
1733.62,1943.57,4,0,0,ATM,2026-03-07,20:19,0
93.08,100.0,2,0,0,UPI,2026-03-07,20:32,0
135.02,100.0,9,1,0,ATM,2026-03-07,20:39,0
205.88,174.98,7,0,0,UPI,2026-03-07,20:53,0
773.47,927.94,5,0,0,UPI,2026-03-07,21:23,0
338.93,349.0,6,0,0,UPI,2026-03-07,21:38,0
218.0,247.44,2,0,0,Card,2026-03-07,21:52,0
741.91,685.34,7,0,0,Card,2026-03-07,23:07,0
909.53,996.64,5,0,0,UPI,2026-03-07,23:17,0
397.05,310.09,6,0,0,Online,2026-03-07,23:47,0
201.59,100.0,6,0,0,Card,2026-03-07,23:49,0
507.62,483.83,5,0,0,Online,2026-03-08,00:05,0
330.87,284.96,2,0,0,Card,2026-03-08,00:19,0
328.7,250.65,4,0,0,UPI,2026-03-08,00:24,0
260.98,152.35,5,0,0,UPI,2026-03-08,00:27,0
885.57,900.25,2,0,0,UPI,2026-03-08,00:32,0
498.9,522.52,4,0,0,Card,2026-03-08,00:49,0
972.96,641.73,5,0,0,Bank Transfer,2026-03-08,00:50,0
1256.24,1430.36,4,0,0,Card,2026-03-08,01:09,0
595.94,395.87,2,0,1,Online,2026-03-08,01:10,0
262.3,115.79,5,0,0,Card,2026-03-08,02:14,0
976.8,480.14,5,0,0,UPI,2026-03-08,02:37,0
599.33,461.69,7,0,0,Online,2026-03-08,03:41,0
3688.08,1541.19,4,0,0,UPI,2026-03-08,03:44,0
525.1,504.44,3,0,0,Card,2026-03-08,03:59,0
729.99,748.85,10,0,0,Online,2026-03-08,04:00,1
516.39,421.91,1,0,0,UPI,2026-03-08,04:01,0
370.84,411.39,4,0,0,Online,2026-03-08,04:07,0
323.77,375.94,4,0,0,ATM,2026-03-08,04:23,0
518.07,378.42,3,0,0,Online,2026-03-08,04:26,1
628.29,267.5,7,0,0,Card,2026-03-08,04:45,0
1076.24,588.25,4,1,0,UPI,2026-03-08,05:00,0
524.54,476.79,5,0,1,Card,2026-03-08,05:34,0
272.2,189.16,5,1,0,ATM,2026-03-08,05:47,0
305.57,284.87,5,0,0,ATM,2026-03-08,05:59,0
131.04,120.13,1,0,0,Card,2026-03-08,06:03,0
1655.79,1431.53,2,0,0,UPI,2026-03-08,06:32,0
254.68,123.3,3,1,1,Card,2026-03-08,07:02,0
918.12,544.47,3,0,0,Online,2026-03-08,07:32,0
510.34,342.53,3,0,0,Online,2026-03-08,08:02,0
522.26,548.77,2,0,1,Card,2026-03-08,08:03,0
365.1,339.5,5,0,0,Online,2026-03-08,09:23,0
206.51,185.49,2,0,0,UPI,2026-03-08,09:35,0
177.11,163.17,4,0,0,UPI,2026-03-08,09:41,0
1753.2,1363.5,2,0,0,Card,2026-03-08,09:52,0
444.46,170.53,4,0,0,UPI,2026-03-08,09:55,0
1049.93,546.96,9,0,0,Bank Transfer,2026-03-08,10:19,0
1309.2,614.35,10,0,0,Online,2026-03-08,10:32,0
284.51,115.06,3,0,0,ATM,2026-03-08,11:11,0
578.23,359.4,2,0,0,Online,2026-03-08,11:23,0
419.16,427.37,6,0,0,Online,2026-03-08,11:37,0
150.86,100.0,5,0,0,UPI,2026-03-08,11:46,1
344.59,153.24,6,0,0,Card,2026-03-08,12:02,0
664.73,302.87,5,0,0,Online,2026-03-08,12:20,0
263.97,152.93,6,0,0,UPI,2026-03-08,12:30,0
306.09,159.74,1,0,0,Online,2026-03-08,12:42,0
348.15,125.98,3,0,0,Online,2026-03-08,12:53,0
2427.94,1420.41,4,0,0,Online,2026-03-08,13:29,0
84.86,101.57,4,0,0,UPI,2026-03-08,13:49,0
617.94,393.02,2,0,0,Bank Transfer,2026-03-08,13:59,0
325.27,172.25,4,0,1,Card,2026-03-08,15:13,0
234.03,180.52,6,0,0,UPI,2026-03-08,15:17,0
318.56,173.6,10,0,0,Card,2026-03-08,15:24,0
711.42,587.42,6,0,0,Card,2026-03-08,15:29,0
746.84,515.73,1,1,0,Bank Transfer,2026-03-08,15:43,0
472.54,525.61,6,0,0,Card,2026-03-08,15:47,0
1021.3,1162.98,4,0,0,Card,2026-03-08,15:52,0
1186.2,1134.13,6,0,0,Bank Transfer,2026-03-08,16:35,0
807.48,430.66,6,0,1,UPI,2026-03-08,16:41,0
253.59,190.91,8,0,0,Card,2026-03-08,17:20,0
614.17,374.41,2,0,0,UPI,2026-03-08,17:37,0
616.66,634.26,3,0,1,ATM,2026-03-08,17:40,0
201.69,100.0,4,0,0,UPI,2026-03-08,17:44,0
106.27,100.0,8,0,0,Bank Transfer,2026-03-08,17:56,0
72.29,100.0,6,0,1,Online,2026-03-08,18:05,1
428.11,324.87,6,0,0,Card,2026-03-08,18:12,0
519.74,324.6,5,0,0,Bank Transfer,2026-03-08,18:40,0
147.74,100.0,7,0,0,UPI,2026-03-08,18:52,0
981.54,906.17,11,0,1,Online,2026-03-08,18:54,0
459.15,393.11,2,0,1,Online,2026-03-08,19:07,0
1270.33,708.18,6,0,0,Online,2026-03-08,19:11,0
552.78,213.98,4,0,0,Card,2026-03-08,19:18,0
162.98,175.63,9,0,0,Card,2026-03-08,19:50,0
595.58,457.68,6,0,1,UPI,2026-03-08,20:19,0
713.08,624.6,3,0,1,Bank Transfer,2026-03-08,20:27,0
253.29,193.82,3,0,0,UPI,2026-03-08,20:37,0
118.42,103.75,7,0,0,UPI,2026-03-08,21:20,0
439.33,387.9,8,0,0,UPI,2026-03-08,21:40,0
172.31,100.0,7,0,0,Card,2026-03-08,21:43,0
1046.03,840.24,4,0,0,ATM,2026-03-08,21:43,0
285.4,221.7,8,0,0,Online,2026-03-08,21:59,0
1747.45,753.93,5,0,0,Bank Transfer,2026-03-08,22:12,0
66.32,100.0,6,0,0,UPI,2026-03-08,22:24,1
452.4,249.04,4,0,0,UPI,2026-03-08,22:35,0
1359.65,538.89,3,0,0,Card,2026-03-08,22:35,0
189.28,195.47,5,0,0,Bank Transfer,2026-03-08,22:46,0
352.37,382.45,7,0,0,UPI,2026-03-08,22:51,0
286.41,158.84,5,0,0,UPI,2026-03-08,22:55,0
225.61,210.81,6,0,0,Online,2026-03-08,22:58,0
496.67,175.93,3,0,0,Card,2026-03-08,23:25,0
134.14,129.17,5,0,0,Online,2026-03-08,23:26,1
367.12,273.54,4,0,0,Online,2026-03-08,23:31,0
625.53,640.3,1,0,0,UPI,2026-03-08,23:32,0
336.02,229.86,5,0,0,UPI,2026-03-08,23:58,1
172.4,111.79,4,0,0,UPI,2026-03-09,00:08,0
968.41,1031.04,4,0,0,Online,2026-03-09,00:24,0
750.48,287.32,3,0,0,Online,2026-03-09,00:43,1
166.5,100.0,5,0,0,UPI,2026-03-09,01:00,0
134.29,100.0,7,0,0,Online,2026-03-09,01:06,0
179.62,153.92,8,0,0,Card,2026-03-09,01:15,0
641.29,227.24,1,0,0,Online,2026-03-09,01:41,0
509.91,427.75,3,0,0,Bank Transfer,2026-03-09,01:55,0
789.63,530.41,3,0,0,UPI,2026-03-09,02:11,0
305.75,270.74,6,0,1,UPI,2026-03-09,02:46,0
183.82,206.05,7,0,0,Card,2026-03-09,02:49,0
880.97,638.47,5,0,0,ATM,2026-03-09,02:54,0
252.04,207.02,2,0,0,Card,2026-03-09,03:40,0
472.75,351.43,6,0,0,Card,2026-03-09,03:50,0
108.05,100.0,4,0,0,UPI,2026-03-09,04:10,0
248.55,254.56,3,0,0,Online,2026-03-09,04:23,0
951.45,1048.89,3,0,0,Bank Transfer,2026-03-09,04:40,0
219.46,228.18,2,0,0,Bank Transfer,2026-03-09,04:58,0
806.2,931.53,5,0,0,Card,2026-03-09,04:58,0
55.63,100.0,6,1,0,Card,2026-03-09,05:09,1
250.77,226.81,1,0,0,Online,2026-03-09,05:15,0
348.75,171.96,2,0,0,ATM,2026-03-09,05:22,0
1774.3,2094.18,2,0,0,Online,2026-03-09,06:16,0
149.35,125.97,8,0,0,Online,2026-03-09,06:30,0
713.62,408.48,2,0,0,Card,2026-03-09,06:50,0
990.68,1024.93,9,0,0,ATM,2026-03-09,06:53,0
218.49,185.39,4,0,0,Online,2026-03-09,07:42,0
293.68,339.86,4,0,0,UPI,2026-03-09,07:56,0
455.04,457.08,6,0,1,Card,2026-03-09,08:01,0
114.52,125.48,4,0,0,ATM,2026-03-09,08:04,0
274.01,223.22,10,0,0,ATM,2026-03-09,08:57,0
1193.56,942.57,5,0,0,ATM,2026-03-09,09:01,0
629.08,625.13,4,0,0,Card,2026-03-09,09:15,0
353.1,155.1,7,0,0,Card,2026-03-09,09:58,0
444.13,175.84,5,0,0,Card,2026-03-09,11:21,0
661.01,784.06,3,0,1,Card,2026-03-09,11:28,0
777.86,878.09,5,0,0,Online,2026-03-09,11:30,0
251.4,292.21,4,1,0,UPI,2026-03-09,11:37,0
1487.0,599.27,10,0,0,Online,2026-03-09,12:28,0
1235.09,715.0,5,0,0,Online,2026-03-09,12:32,0
717.43,800.87,5,0,0,Online,2026-03-09,12:33,0
197.06,100.0,5,0,0,Bank Transfer,2026-03-09,13:00,0
169.49,124.36,4,0,0,Bank Transfer,2026-03-09,13:32,0
305.63,195.64,6,0,0,Online,2026-03-09,13:57,0
424.81,466.39,4,0,0,Online,2026-03-09,14:20,0
89.73,100.0,2,0,0,ATM,2026-03-09,14:24,0
614.3,366.63,4,0,0,Bank Transfer,2026-03-09,14:52,0
1205.13,958.87,4,1,0,Online,2026-03-09,15:09,0
658.53,293.43,7,0,0,Card,2026-03-09,15:19,0
227.09,220.62,2,0,0,UPI,2026-03-09,15:31,0
205.36,179.81,5,0,0,UPI,2026-03-09,15:40,0
520.54,447.98,4,0,0,Bank Transfer,2026-03-09,16:02,1
354.14,255.75,8,0,0,UPI,2026-03-09,17:12,0
587.92,352.81,3,0,0,UPI,2026-03-09,17:19,0
672.81,272.87,4,0,1,Card,2026-03-09,18:05,0
1020.56,1178.72,3,0,0,Card,2026-03-09,18:20,0
154.11,108.51,6,0,1,Bank Transfer,2026-03-09,18:35,0
487.05,375.78,3,0,0,UPI,2026-03-09,19:02,0
296.2,198.28,4,0,0,ATM,2026-03-09,19:23,0
370.98,441.36,9,0,0,UPI,2026-03-09,19:35,0
841.13,863.63,5,0,0,UPI,2026-03-09,19:41,0
922.56,397.99,2,0,0,UPI,2026-03-09,20:03,0
1324.35,1148.14,3,0,0,ATM,2026-03-09,20:30,0
579.26,441.36,3,0,0,Bank Transfer,2026-03-09,21:04,0
367.41,376.36,7,0,0,Bank Transfer,2026-03-09,21:11,0
325.4,389.74,7,0,0,Online,2026-03-09,21:12,0
92.34,100.0,3,0,1,Card,2026-03-09,21:29,0
1259.88,1367.21,5,0,0,Card,2026-03-09,21:29,0
306.86,238.5,5,0,0,Card,2026-03-09,21:41,0
620.18,414.01,6,0,0,ATM,2026-03-09,22:20,0
718.49,644.33,6,0,0,Online,2026-03-09,22:23,0
139.98,138.16,10,1,0,Card,2026-03-09,22:26,0
184.04,100.01,3,0,1,Bank Transfer,2026-03-09,22:28,0
1502.62,1168.86,4,0,0,Bank Transfer,2026-03-09,22:29,1
516.39,230.68,3,1,0,Online,2026-03-09,22:36,0
246.29,131.49,3,0,0,UPI,2026-03-09,22:49,0
362.35,398.43,2,0,0,Online,2026-03-09,23:05,1
1015.67,480.43,5,0,0,ATM,2026-03-09,23:21,0
892.63,928.01,4,0,0,UPI,2026-03-09,23:56,0
116.03,100.0,4,0,0,UPI,2026-03-09,23:57,0
1618.32,1479.13,6,1,1,ATM,2026-03-10,00:00,1
917.11,1030.63,7,0,0,ATM,2026-03-10,00:45,0
354.39,359.27,4,0,0,Card,2026-03-10,00:55,0
146.5,154.13,4,0,0,Card,2026-03-10,01:31,0
988.22,565.24,7,1,0,UPI,2026-03-10,01:35,1
604.84,397.64,1,0,0,Online,2026-03-10,01:59,0
116.85,113.68,6,0,0,UPI,2026-03-10,02:10,0
331.2,334.73,1,0,0,ATM,2026-03-10,02:23,0
5751.68,5875.6,5,0,0,Online,2026-03-10,02:27,0
409.13,400.57,2,0,0,Card,2026-03-10,02:45,0
214.72,117.42,3,0,0,Online,2026-03-10,02:54,1
171.19,101.98,7,0,1,UPI,2026-03-10,03:58,0
1819.44,2093.69,4,0,0,Bank Transfer,2026-03-10,04:03,0
829.31,680.68,3,0,0,Online,2026-03-10,04:25,0
1334.52,1322.88,7,0,0,Card,2026-03-10,04:31,0
498.18,428.09,5,0,1,Online,2026-03-10,04:37,0
1171.35,1330.46,2,0,0,Card,2026-03-10,04:52,0
196.16,213.51,4,0,0,Online,2026-03-10,05:02,0
463.22,265.04,7,0,0,Card,2026-03-10,05:06,1
514.91,567.43,5,0,0,Card,2026-03-10,05:16,0
1306.46,790.45,4,1,0,UPI,2026-03-10,05:32,0
529.01,383.45,4,0,0,Bank Transfer,2026-03-10,05:37,1
237.06,254.5,2,0,0,UPI,2026-03-10,05:39,0
426.01,266.43,3,0,0,Online,2026-03-10,05:40,0
97.03,100.0,4,0,0,ATM,2026-03-10,06:25,0
56.1,100.0,3,0,0,Online,2026-03-10,06:28,0
817.82,981.16,4,0,1,Online,2026-03-10,06:46,0
293.38,135.36,2,1,0,ATM,2026-03-10,07:53,0
323.05,305.57,9,0,0,UPI,2026-03-10,08:14,0
817.54,652.33,5,0,0,Online,2026-03-10,08:17,0
1322.74,924.63,3,0,0,Online,2026-03-10,08:35,0
635.44,627.42,5,0,1,Card,2026-03-10,09:03,0
2077.38,1706.8,5,0,0,Card,2026-03-10,09:19,0
618.49,635.9,6,0,0,Online,2026-03-10,09:45,0
521.59,512.35,4,0,0,Bank Transfer,2026-03-10,09:46,0
494.89,587.61,3,0,0,UPI,2026-03-10,09:49,0
135.28,140.59,5,0,0,Online,2026-03-10,10:12,0
909.23,369.86,5,0,0,Bank Transfer,2026-03-10,10:16,0
50.47,100.0,5,0,0,Card,2026-03-10,10:37,0
245.1,221.15,2,0,0,Card,2026-03-10,10:40,0
411.37,175.38,1,0,0,UPI,2026-03-10,10:46,0
206.17,178.27,7,1,0,Card,2026-03-10,10:59,0
274.79,271.54,4,0,1,Bank Transfer,2026-03-10,11:09,0
1926.52,997.19,7,0,0,UPI,2026-03-10,11:15,0
1031.14,742.09,4,0,0,UPI,2026-03-10,11:32,0
225.21,182.67,4,0,1,Card,2026-03-10,12:06,0
270.66,189.78,7,0,0,UPI,2026-03-10,12:08,0
136.26,149.15,6,0,0,Online,2026-03-10,12:11,0
734.54,362.55,6,0,0,Card,2026-03-10,12:17,0
326.27,328.17,7,0,0,Bank Transfer,2026-03-10,12:17,1
75.83,100.0,3,0,0,Card,2026-03-10,12:39,0
439.51,321.21,5,1,0,Bank Transfer,2026-03-10,13:19,0
585.89,473.73,8,0,0,UPI,2026-03-10,13:25,0
914.77,439.57,6,0,0,UPI,2026-03-10,14:10,0
379.04,195.54,4,0,0,Card,2026-03-10,14:24,0
293.9,235.68,6,0,0,Card,2026-03-10,14:28,0
2182.72,1180.8,4,0,0,ATM,2026-03-10,14:57,0
405.69,420.09,5,0,0,Bank Transfer,2026-03-10,14:58,0
743.69,649.83,4,0,0,Bank Transfer,2026-03-10,15:13,0
255.03,101.53,2,1,0,Card,2026-03-10,15:14,0
725.18,474.41,3,1,0,Bank Transfer,2026-03-10,15:30,0
117.06,126.39,6,0,0,ATM,2026-03-10,16:19,0
272.39,159.57,7,0,0,Online,2026-03-10,17:33,1
144.45,138.93,3,0,0,Online,2026-03-10,17:33,0
241.24,103.67,5,0,0,UPI,2026-03-10,17:34,0
1167.83,1332.44,4,0,0,UPI,2026-03-10,18:12,0
239.73,175.47,6,0,0,Online,2026-03-10,18:24,0
742.87,570.4,8,0,0,Card,2026-03-10,18:33,0
1465.1,1222.41,6,0,0,UPI,2026-03-10,20:03,0
394.08,259.67,4,0,0,Online,2026-03-10,20:34,0
938.89,907.43,3,0,0,Card,2026-03-10,20:42,0
633.6,229.62,6,0,0,Bank Transfer,2026-03-10,21:13,0
445.4,217.3,8,0,0,ATM,2026-03-10,21:25,0
763.39,389.71,3,0,0,Card,2026-03-10,21:57,0
1927.44,1715.5,3,0,1,UPI,2026-03-10,22:01,0
234.7,259.82,3,0,0,Bank Transfer,2026-03-10,22:05,0
178.52,100.0,3,0,0,Card,2026-03-10,22:09,0
169.83,182.49,3,0,0,UPI,2026-03-10,22:24,0
939.42,983.19,3,0,0,Online,2026-03-10,22:37,0
1053.59,437.38,3,0,0,Online,2026-03-10,22:46,0
255.58,120.57,8,0,0,Card,2026-03-10,22:51,1
65.65,100.0,7,0,0,Bank Transfer,2026-03-10,22:57,0
227.34,101.73,8,0,0,ATM,2026-03-10,23:07,0
642.7,639.19,3,0,0,Online,2026-03-10,23:34,0
381.19,296.74,4,0,1,Online,2026-03-10,23:54,0
470.26,328.79,4,0,0,ATM,2026-03-11,00:13,0
258.57,249.83,3,0,0,Card,2026-03-11,00:21,0
955.25,572.16,6,0,0,Online,2026-03-11,00:46,0
540.08,589.12,3,0,1,UPI,2026-03-11,00:49,0
664.14,601.63,8,0,0,UPI,2026-03-11,00:49,0
461.83,297.67,8,0,1,Bank Transfer,2026-03-11,00:59,0
630.0,509.6,6,0,0,UPI,2026-03-11,01:32,0
595.73,339.88,7,0,1,UPI,2026-03-11,01:35,1
183.3,217.62,7,0,0,Bank Transfer,2026-03-11,01:40,0
553.97,399.0,7,0,0,Card,2026-03-11,02:21,0
790.59,879.34,9,0,0,Card,2026-03-11,03:07,0
1076.93,1272.2,5,0,0,UPI,2026-03-11,04:12,0
574.61,462.8,4,1,0,ATM,2026-03-11,04:37,0
177.6,172.36,6,0,0,ATM,2026-03-11,04:45,0
202.43,169.31,5,0,0,ATM,2026-03-11,05:05,0
278.7,119.24,6,0,0,Card,2026-03-11,05:40,0
473.92,549.54,5,0,0,Card,2026-03-11,06:04,0
363.62,268.4,4,0,0,Online,2026-03-11,06:16,0
155.22,172.28,8,0,1,Bank Transfer,2026-03-11,06:46,0
154.43,140.11,4,0,0,ATM,2026-03-11,06:58,0
67.78,100.0,8,0,0,Card,2026-03-11,07:00,0
28.46,100.0,4,0,0,Online,2026-03-11,07:07,0
360.68,186.28,5,0,0,Card,2026-03-11,07:50,0
2899.22,1433.32,4,0,1,Online,2026-03-11,07:51,1
1858.01,1779.65,8,0,0,Online,2026-03-11,08:04,0
175.65,100.0,6,0,0,Online,2026-03-11,08:26,0
458.25,536.71,6,1,0,UPI,2026-03-11,08:29,0
116.18,100.0,7,0,0,Card,2026-03-11,08:37,0
132.25,101.34,2,1,0,Card,2026-03-11,08:37,0
145.79,100.0,4,0,0,Online,2026-03-11,09:29,0
333.06,140.81,5,0,0,Bank Transfer,2026-03-11,09:50,0
345.47,293.65,9,0,0,UPI,2026-03-11,10:30,1
500.09,321.58,6,0,0,Online,2026-03-11,10:49,0
708.91,624.17,2,0,0,UPI,2026-03-11,11:01,0
302.98,249.17,5,0,0,ATM,2026-03-11,11:15,0
416.04,222.32,6,0,0,UPI,2026-03-11,11:21,0
159.22,118.2,3,0,0,Online,2026-03-11,11:24,0
128.66,100.0,4,0,0,Online,2026-03-11,11:31,0
112.83,100.0,5,0,0,UPI,2026-03-11,14:21,0
700.55,703.52,8,0,0,ATM,2026-03-11,14:32,0
302.71,109.01,8,1,0,ATM,2026-03-11,15:39,0
82.23,100.0,7,0,0,UPI,2026-03-11,15:55,0
382.36,306.44,4,0,0,Bank Transfer,2026-03-11,15:57,0
139.56,105.33,9,1,0,Online,2026-03-11,17:05,0
1654.61,1901.38,4,0,0,Card,2026-03-11,17:41,0
246.66,263.21,4,0,0,Card,2026-03-11,17:45,0
720.02,712.0,3,0,0,Bank Transfer,2026-03-11,18:04,0
1018.02,801.15,4,0,0,ATM,2026-03-11,18:24,0
179.17,128.03,4,0,0,Online,2026-03-11,18:45,0
430.37,164.01,3,0,0,Card,2026-03-11,18:53,0
645.77,677.04,6,0,0,Card,2026-03-11,19:23,0
445.06,318.71,6,0,0,Bank Transfer,2026-03-11,19:54,0
548.36,341.53,1,0,0,Card,2026-03-11,20:00,0
130.3,112.79,3,0,0,ATM,2026-03-11,20:07,0
646.08,640.28,4,0,0,Online,2026-03-11,20:27,0
266.87,212.05,5,0,0,Bank Transfer,2026-03-11,20:33,0
542.96,259.07,2,0,0,UPI,2026-03-11,20:35,0
881.82,999.46,12,1,0,UPI,2026-03-11,20:56,0
712.29,317.63,3,0,0,UPI,2026-03-11,20:57,0
542.62,637.11,4,0,0,Online,2026-03-11,21:09,0
696.32,505.6,4,0,0,Bank Transfer,2026-03-11,21:15,0
724.26,836.25,7,1,0,Bank Transfer,2026-03-11,21:34,0
1438.24,1621.55,8,0,0,ATM,2026-03-11,22:16,0
391.92,272.51,4,0,0,ATM,2026-03-11,22:24,0
463.76,477.68,3,0,0,UPI,2026-03-11,22:25,0
890.92,379.81,5,0,0,UPI,2026-03-11,22:26,0
265.91,111.77,4,0,0,Online,2026-03-11,22:40,0
129.67,100.0,9,0,0,Card,2026-03-11,23:13,0
613.54,532.75,6,0,0,Card,2026-03-11,23:47,0
338.62,121.2,6,0,0,UPI,2026-03-12,00:05,0
144.55,113.89,4,0,0,ATM,2026-03-12,00:39,1
617.37,728.06,2,1,0,Bank Transfer,2026-03-12,01:16,0
1361.66,1470.16,3,0,0,UPI,2026-03-12,01:40,0
100.96,100.0,5,0,0,Card,2026-03-12,01:54,0
961.96,768.47,7,0,0,Bank Transfer,2026-03-12,02:01,0
46.69,100.0,3,0,1,Card,2026-03-12,02:14,1
287.08,164.72,7,0,0,ATM,2026-03-12,02:27,0
1928.39,2187.85,4,0,1,Card,2026-03-12,02:36,0
305.19,365.65,6,0,0,Online,2026-03-12,02:53,0
435.48,242.2,5,0,0,ATM,2026-03-12,02:59,0
771.58,409.13,5,0,0,UPI,2026-03-12,03:57,0
93.78,100.0,4,0,1,Online,2026-03-12,04:03,0
428.92,312.68,4,0,0,Bank Transfer,2026-03-12,04:22,0
426.06,181.44,5,0,0,UPI,2026-03-12,04:41,0
1964.46,934.2,4,0,0,Online,2026-03-12,05:09,0
141.12,100.35,9,0,0,UPI,2026-03-12,05:09,0
291.69,160.46,4,0,0,Bank Transfer,2026-03-12,05:38,0
183.26,195.76,4,0,0,Online,2026-03-12,05:48,0
167.46,165.59,9,0,1,Online,2026-03-12,05:56,0
1051.84,847.66,4,0,0,UPI,2026-03-12,06:15,0
412.67,296.19,8,0,0,Online,2026-03-12,06:26,0
251.58,265.76,2,0,0,Bank Transfer,2026-03-12,06:39,0
259.78,127.58,7,0,0,Online,2026-03-12,06:44,0
249.95,276.01,8,0,0,Online,2026-03-12,07:00,0
269.69,105.64,4,0,0,UPI,2026-03-12,07:07,0
137.72,156.3,4,0,0,Online,2026-03-12,07:16,0
323.79,151.53,3,0,0,Bank Transfer,2026-03-12,07:36,0
297.28,309.26,4,0,0,UPI,2026-03-12,07:48,0
211.85,100.0,8,0,0,UPI,2026-03-12,07:58,0
460.26,479.97,2,0,0,Online,2026-03-12,09:56,0
494.68,418.72,8,0,0,ATM,2026-03-12,11:06,0
251.35,100.0,3,0,0,Online,2026-03-12,11:12,0
356.91,359.79,4,1,0,ATM,2026-03-12,11:23,0
2527.11,1102.64,3,0,0,UPI,2026-03-12,11:31,0
2446.39,1978.93,2,0,1,Card,2026-03-12,11:34,0
164.68,104.11,7,0,0,Card,2026-03-12,11:42,0
185.44,184.56,3,0,0,Online,2026-03-12,12:16,0
163.94,176.28,7,0,0,ATM,2026-03-12,12:17,1
990.78,737.77,6,0,0,Card,2026-03-12,12:45,0
287.51,285.85,7,0,0,Online,2026-03-12,13:05,0
494.59,558.45,3,0,0,Card,2026-03-12,13:50,0
2202.66,2061.3,6,0,0,UPI,2026-03-12,14:13,0
399.86,249.39,3,0,0,Bank Transfer,2026-03-12,14:21,0
735.32,546.95,4,0,0,Bank Transfer,2026-03-12,14:41,0
627.89,342.51,7,0,0,Card,2026-03-12,15:32,0
244.7,180.99,4,1,1,Card,2026-03-12,16:01,0
992.56,554.85,6,0,0,Online,2026-03-12,16:34,0
195.93,203.01,2,0,0,Card,2026-03-12,16:59,0
1260.04,1094.26,3,1,0,Card,2026-03-12,17:04,0
244.86,217.49,4,0,0,Online,2026-03-12,17:09,0
268.74,119.24,5,0,0,UPI,2026-03-12,17:11,0
159.94,100.0,6,0,0,UPI,2026-03-12,17:47,0
183.9,187.72,3,0,0,ATM,2026-03-12,17:48,0
280.69,227.63,4,0,0,Online,2026-03-12,17:57,0
51.08,100.0,4,0,1,Online,2026-03-12,18:50,0
330.85,266.88,5,0,0,UPI,2026-03-12,19:45,0
261.97,139.49,7,0,0,Online,2026-03-12,19:55,0
789.59,745.14,2,0,0,Online,2026-03-12,19:59,0
577.98,546.67,7,0,0,Bank Transfer,2026-03-12,20:40,0
221.08,100.0,3,0,0,Bank Transfer,2026-03-12,20:56,0
273.21,256.71,3,0,0,Card,2026-03-12,21:01,0
330.49,175.37,6,0,0,Online,2026-03-12,21:03,0
1426.62,807.96,5,0,0,Card,2026-03-12,21:03,0
200.55,100.0,5,0,1,Card,2026-03-12,21:07,0
218.81,193.27,4,0,0,UPI,2026-03-12,21:23,0
154.58,150.25,4,0,0,Bank Transfer,2026-03-12,21:24,0
114.46,100.0,4,0,0,Bank Transfer,2026-03-12,21:55,0
523.72,536.11,6,0,0,Online,2026-03-12,22:51,0
479.37,478.28,4,1,0,UPI,2026-03-12,23:10,0
1200.32,838.19,7,0,0,UPI,2026-03-12,23:12,0
977.69,398.89,3,0,0,Online,2026-03-12,23:19,1
3095.02,1820.36,5,0,0,Card,2026-03-12,23:21,0
378.88,185.88,4,0,0,Online,2026-03-12,23:40,0
323.29,376.63,1,0,0,ATM,2026-03-13,00:09,0
133.59,139.62,4,0,0,Bank Transfer,2026-03-13,00:11,0
729.3,303.84,5,0,1,Card,2026-03-13,00:39,0
446.19,350.91,4,0,0,UPI,2026-03-13,00:40,1
701.75,404.81,5,0,0,Online,2026-03-13,00:45,0
153.2,100.0,6,0,0,UPI,2026-03-13,00:52,0
543.95,339.4,2,0,1,ATM,2026-03-13,01:13,0
480.3,220.19,4,0,0,ATM,2026-03-13,01:17,0
454.04,244.87,2,0,0,Card,2026-03-13,01:22,0
225.7,141.64,5,0,0,ATM,2026-03-13,01:22,0
1108.68,773.37,4,1,0,Online,2026-03-13,01:39,1
2304.83,1724.42,4,0,0,ATM,2026-03-13,02:08,0
156.99,124.37,5,0,0,UPI,2026-03-13,02:16,0
744.25,494.55,7,0,0,Card,2026-03-13,02:46,0
34.95,100.0,8,1,0,UPI,2026-03-13,02:54,0
712.17,502.21,5,0,0,ATM,2026-03-13,02:55,0
82.3,100.0,5,0,0,UPI,2026-03-13,02:57,0
258.21,105.22,3,0,0,Online,2026-03-13,03:06,0
132.15,112.07,7,0,0,UPI,2026-03-13,03:07,0
335.87,172.84,5,0,1,Card,2026-03-13,03:22,0
823.02,550.7,6,0,1,Bank Transfer,2026-03-13,03:35,1
83.2,100.0,4,0,0,Bank Transfer,2026-03-13,03:42,0
297.21,295.97,4,0,0,Online,2026-03-13,03:53,0
260.77,307.99,6,0,1,Online,2026-03-13,04:09,0
1546.72,1190.32,8,0,0,UPI,2026-03-13,04:25,0
582.31,331.0,8,0,0,Bank Transfer,2026-03-13,04:45,0
148.32,151.71,6,0,0,UPI,2026-03-13,04:48,0
270.26,145.49,3,0,0,UPI,2026-03-13,05:05,0
1514.27,1183.65,8,0,0,Online,2026-03-13,05:07,0
740.41,792.03,5,0,1,Card,2026-03-13,05:15,0
184.84,128.14,4,0,0,Card,2026-03-13,05:44,0
321.5,264.73,4,0,0,Bank Transfer,2026-03-13,06:20,0
330.35,149.19,7,0,0,Online,2026-03-13,06:37,0
255.37,101.53,7,0,0,Online,2026-03-13,06:50,0
94.28,112.04,1,0,0,Card,2026-03-13,07:14,1
226.79,113.86,6,0,0,Online,2026-03-13,07:18,0
1313.98,834.66,4,0,0,Online,2026-03-13,07:29,0
291.79,227.3,6,0,0,Bank Transfer,2026-03-13,07:37,0
369.53,246.96,6,0,0,Bank Transfer,2026-03-13,07:57,0
454.61,196.73,4,0,0,Bank Transfer,2026-03-13,08:07,0
2658.24,1375.31,3,0,0,Bank Transfer,2026-03-13,08:22,0
406.48,312.76,7,0,0,Bank Transfer,2026-03-13,09:51,0
1022.34,739.14,5,0,1,Card,2026-03-13,10:20,0
242.63,249.54,4,0,0,Bank Transfer,2026-03-13,10:28,0
323.6,199.02,8,0,0,UPI,2026-03-13,10:28,0
407.76,468.62,4,0,1,UPI,2026-03-13,10:33,0
208.93,123.35,7,0,0,Card,2026-03-13,10:45,0
339.28,214.29,5,0,0,Online,2026-03-13,11:41,0
858.21,992.87,4,1,1,Online,2026-03-13,11:50,0
204.32,217.48,6,0,0,Card,2026-03-13,12:40,0
403.46,249.91,7,0,0,Bank Transfer,2026-03-13,12:42,0
736.88,505.49,5,1,0,Online,2026-03-13,13:10,0
200.18,213.37,2,0,0,UPI,2026-03-13,13:49,1
1023.62,433.17,11,0,0,Bank Transfer,2026-03-13,13:58,0
429.21,257.73,2,0,0,Online,2026-03-13,14:09,0
350.6,281.12,6,0,0,Card,2026-03-13,14:19,0
73.19,100.0,5,0,0,Card,2026-03-13,14:36,0
293.66,243.72,4,0,0,Online,2026-03-13,14:47,0
553.27,423.98,2,0,0,Online,2026-03-13,14:48,0
1778.53,2076.97,6,0,0,Card,2026-03-13,15:13,0
653.74,293.49,8,0,0,Online,2026-03-13,15:41,0
1050.78,1064.49,3,0,0,UPI,2026-03-13,15:59,0
144.35,100.0,5,0,0,Online,2026-03-13,16:30,0
362.2,352.39,6,0,0,Card,2026-03-13,16:34,0
1138.69,924.19,6,0,0,UPI,2026-03-13,16:58,0
189.7,109.07,8,0,0,Online,2026-03-13,17:21,0
916.39,743.96,4,0,0,Online,2026-03-13,17:29,0
752.44,825.8,5,0,0,Card,2026-03-13,17:44,0
509.54,382.85,6,0,0,Bank Transfer,2026-03-13,17:48,0
305.09,108.49,3,0,0,Bank Transfer,2026-03-13,17:54,0
174.45,100.0,9,0,0,Online,2026-03-13,18:59,0
1824.52,1619.7,9,0,0,Online,2026-03-13,19:07,1
690.27,639.36,4,0,0,UPI,2026-03-13,19:08,0
538.9,372.65,9,0,0,ATM,2026-03-13,19:12,0
284.03,158.02,6,0,0,UPI,2026-03-13,19:13,0
416.63,399.37,5,0,0,Online,2026-03-13,19:40,0
464.06,282.4,3,0,0,Online,2026-03-13,20:02,0
566.74,234.01,4,0,0,Card,2026-03-13,20:10,0
753.09,525.79,9,0,0,Online,2026-03-13,20:20,0
207.45,167.68,5,0,0,Online,2026-03-13,20:39,0
115.98,135.78,5,0,0,Online,2026-03-13,20:44,0
433.39,369.85,3,0,0,Online,2026-03-13,20:46,0
91.37,100.0,6,0,0,ATM,2026-03-13,21:04,1
306.4,323.98,5,0,0,Bank Transfer,2026-03-13,21:36,0
261.7,156.43,6,0,0,UPI,2026-03-13,22:10,0
612.77,714.11,2,0,0,Card,2026-03-13,22:43,0
2175.92,1363.25,5,0,0,Online,2026-03-13,22:45,0
77.25,100.0,6,0,0,Online,2026-03-13,23:34,1
2787.94,3058.68,7,0,0,Online,2026-03-13,23:53,0
330.92,358.85,5,0,0,Card,2026-03-14,00:10,0
542.2,207.92,3,0,0,Online,2026-03-14,00:35,0
121.19,129.97,4,0,0,Online,2026-03-14,01:12,0
941.37,906.64,7,0,0,ATM,2026-03-14,01:27,0
417.9,265.02,6,0,0,Card,2026-03-14,01:29,0
382.89,293.52,7,0,0,ATM,2026-03-14,01:38,0
77.73,100.0,5,0,0,UPI,2026-03-14,01:41,0
429.55,494.84,6,1,0,UPI,2026-03-14,02:36,1
827.95,838.77,3,0,0,Bank Transfer,2026-03-14,02:49,0
330.02,235.71,4,1,0,ATM,2026-03-14,02:54,0
1094.52,983.54,6,0,0,Online,2026-03-14,03:08,0
1056.76,536.82,7,0,0,Online,2026-03-14,03:35,0
233.94,166.18,6,0,0,Bank Transfer,2026-03-14,03:39,0
1565.32,1600.71,5,0,0,Online,2026-03-14,03:43,0
419.26,362.92,8,0,0,UPI,2026-03-14,03:44,0
420.85,427.49,5,0,0,Online,2026-03-14,03:54,0
438.84,343.76,4,0,0,Online,2026-03-14,04:36,0
427.91,288.04,7,0,0,UPI,2026-03-14,04:45,0
43.14,100.0,5,1,0,ATM,2026-03-14,04:51,0
344.58,148.06,7,0,0,UPI,2026-03-14,05:42,0
126.55,149.56,2,0,0,UPI,2026-03-14,05:48,0
1607.42,1858.37,3,0,0,ATM,2026-03-14,06:19,0
1553.35,1706.07,8,0,1,Online,2026-03-14,07:13,0
832.26,916.85,4,0,0,UPI,2026-03-14,07:20,0
329.41,258.39,2,0,0,UPI,2026-03-14,07:33,0
171.26,132.43,7,0,0,Bank Transfer,2026-03-14,07:49,0
230.69,241.54,3,0,0,ATM,2026-03-14,07:54,0
2103.26,1242.54,2,0,0,Card,2026-03-14,08:07,0
224.0,240.22,4,0,0,Card,2026-03-14,08:55,0
54.48,100.0,6,0,0,UPI,2026-03-14,09:47,0
968.4,1062.56,7,0,0,Card,2026-03-14,10:51,0
1444.37,1169.83,5,0,0,ATM,2026-03-14,11:06,0
1652.98,1763.28,7,0,0,Bank Transfer,2026-03-14,11:19,1
975.15,750.06,2,0,0,Bank Transfer,2026-03-14,11:25,0
1120.23,971.43,3,0,0,ATM,2026-03-14,12:55,0
422.0,480.13,3,0,0,UPI,2026-03-14,12:57,0
69.07,100.0,4,0,0,Online,2026-03-14,13:29,0
413.1,221.94,5,0,0,Card,2026-03-14,13:31,0
684.26,292.41,4,0,0,UPI,2026-03-14,14:06,0
359.61,306.2,5,0,0,Card,2026-03-14,14:10,0
345.95,300.78,6,0,0,ATM,2026-03-14,14:45,0
177.77,156.01,10,1,0,Card,2026-03-14,14:45,0
172.18,100.0,1,0,0,Bank Transfer,2026-03-14,15:06,0
1924.51,718.43,7,0,0,Online,2026-03-14,15:18,0
1984.64,2205.15,7,0,0,Bank Transfer,2026-03-14,15:33,0
402.52,378.84,7,0,0,Online,2026-03-14,15:56,0
512.5,228.74,8,0,0,UPI,2026-03-14,15:57,0
175.26,100.0,6,0,0,Online,2026-03-14,16:18,0
696.58,339.64,5,0,0,Online,2026-03-14,16:21,0
1800.29,1864.88,7,0,0,Online,2026-03-14,16:26,0
109.96,106.07,4,0,0,Card,2026-03-14,16:40,0
598.42,534.31,4,0,0,UPI,2026-03-14,16:41,0
637.89,570.7,2,0,0,Card,2026-03-14,17:10,0
631.73,682.3,4,0,1,Card,2026-03-14,17:11,0
1630.1,1032.57,8,0,0,Card,2026-03-14,17:56,0
2277.0,1420.61,7,0,0,Card,2026-03-14,18:13,0
330.81,235.41,2,0,0,Online,2026-03-14,18:41,0
714.94,851.65,8,0,0,Card,2026-03-14,18:48,0
433.37,356.09,3,0,0,UPI,2026-03-14,18:51,0
235.73,192.09,5,0,0,UPI,2026-03-14,19:21,0
507.85,527.23,5,0,0,Card,2026-03-14,19:59,0
713.92,357.93,2,0,0,Card,2026-03-14,20:07,0
485.12,336.96,5,0,0,Online,2026-03-14,20:21,0
190.76,170.76,5,0,0,ATM,2026-03-14,20:54,0
272.05,323.68,5,0,0,Online,2026-03-14,21:01,0
273.82,131.79,7,0,0,Online,2026-03-14,21:03,0
197.14,144.75,4,0,0,Online,2026-03-14,21:18,0
526.64,589.7,3,0,0,UPI,2026-03-14,21:24,0
575.59,556.42,6,1,0,Online,2026-03-14,21:56,0
927.59,808.59,4,0,0,Card,2026-03-14,22:27,0
194.61,110.65,4,0,0,UPI,2026-03-14,22:40,0
246.94,125.72,4,1,0,Online,2026-03-14,23:08,1
1512.3,1010.34,5,0,0,UPI,2026-03-14,23:47,0
350.79,198.84,4,0,0,Bank Transfer,2026-03-14,23:54,0
413.89,429.29,6,0,1,Card,2026-03-15,00:38,1
347.64,334.64,5,0,0,Online,2026-03-15,02:03,0
1056.88,1120.21,9,0,0,Bank Transfer,2026-03-15,02:05,0
1092.3,541.15,4,0,0,Bank Transfer,2026-03-15,02:19,0
1039.22,637.54,6,0,0,Online,2026-03-15,02:50,0
412.64,413.99,3,0,0,ATM,2026-03-15,02:54,0
192.18,100.0,3,0,0,Card,2026-03-15,03:00,0
2072.33,981.8,6,0,0,Card,2026-03-15,03:08,0
835.36,564.37,2,0,0,Online,2026-03-15,03:14,0
273.65,139.14,3,0,1,Online,2026-03-15,03:19,0
1353.23,564.39,7,0,0,ATM,2026-03-15,03:42,0
255.89,157.59,4,0,0,Card,2026-03-15,03:48,0
1338.22,1464.36,4,1,1,UPI,2026-03-15,03:54,1
1417.35,564.18,7,0,0,Card,2026-03-15,05:32,0
184.33,153.21,5,0,0,UPI,2026-03-15,05:43,0
661.49,548.08,3,0,0,UPI,2026-03-15,05:46,0
784.36,628.44,3,0,0,Online,2026-03-15,06:14,0
3724.44,2903.88,4,0,1,UPI,2026-03-15,06:16,0
214.66,100.0,9,0,0,ATM,2026-03-15,06:55,0
1363.3,532.14,7,0,0,Card,2026-03-15,07:07,0
409.42,321.2,3,0,0,Card,2026-03-15,07:13,0
140.45,164.75,5,1,0,Online,2026-03-15,07:15,0
364.31,253.85,3,0,0,Online,2026-03-15,07:55,0
404.27,303.8,3,0,0,Bank Transfer,2026-03-15,08:13,0
164.01,194.31,5,0,0,Online,2026-03-15,08:24,0
526.02,532.47,4,0,0,Card,2026-03-15,08:24,0
910.63,914.81,8,0,0,UPI,2026-03-15,08:54,0
493.97,384.81,3,0,0,ATM,2026-03-15,08:54,0
254.53,283.35,5,0,0,ATM,2026-03-15,09:08,0
355.6,300.12,4,0,0,Online,2026-03-15,09:43,0
401.87,364.98,7,0,0,Online,2026-03-15,09:56,0
485.28,494.7,4,0,0,Card,2026-03-15,10:10,0
1036.24,720.81,5,0,0,Bank Transfer,2026-03-15,10:15,0
508.34,589.82,4,0,0,Card,2026-03-15,10:21,0
122.45,145.69,6,1,1,UPI,2026-03-15,12:02,0
250.14,212.39,4,0,0,Online,2026-03-15,12:09,0
464.57,250.29,6,0,0,Card,2026-03-15,12:52,0
1048.91,1058.0,4,1,0,UPI,2026-03-15,13:08,0
1215.81,758.45,4,0,0,UPI,2026-03-15,13:21,0
1823.44,1532.67,6,0,1,Card,2026-03-15,13:52,0
450.8,191.0,13,0,0,Card,2026-03-15,13:58,0
771.87,799.87,4,0,0,Online,2026-03-15,13:58,0
117.18,136.54,6,0,0,Online,2026-03-15,14:27,0
581.38,250.04,4,0,0,ATM,2026-03-15,14:38,0
161.75,157.19,3,0,0,Bank Transfer,2026-03-15,14:45,0
382.54,413.8,4,0,0,UPI,2026-03-15,14:57,0
5299.47,2348.09,8,0,0,ATM,2026-03-15,14:58,0
522.18,292.31,4,0,0,ATM,2026-03-15,15:11,0
193.59,132.24,5,0,0,UPI,2026-03-15,15:18,0
570.56,605.51,6,0,0,Online,2026-03-15,15:33,0
259.95,200.01,5,0,0,UPI,2026-03-15,16:01,0
178.28,100.0,5,0,0,Online,2026-03-15,16:10,0
2410.69,1369.07,7,0,0,Bank Transfer,2026-03-15,16:21,0
999.04,746.55,4,0,0,Bank Transfer,2026-03-15,16:33,0
541.16,207.47,6,0,0,UPI,2026-03-15,16:38,0
289.15,256.29,3,0,0,Card,2026-03-15,16:53,0
309.77,115.09,7,0,0,ATM,2026-03-15,17:10,0
1496.84,1517.4,3,0,0,Card,2026-03-15,17:27,0
523.53,509.8,5,1,0,UPI,2026-03-15,17:45,0
29.36,100.0,3,0,0,Online,2026-03-15,17:55,0
3158.33,1528.81,6,0,0,UPI,2026-03-15,17:57,0
471.35,406.4,3,0,0,ATM,2026-03-15,18:14,0
540.16,547.65,3,0,0,Bank Transfer,2026-03-15,18:44,0
1016.06,801.05,4,0,0,Online,2026-03-15,18:52,0
599.2,276.34,4,0,0,ATM,2026-03-15,19:06,0
761.18,330.42,4,0,0,UPI,2026-03-15,19:15,0
281.42,243.43,2,0,0,Bank Transfer,2026-03-15,19:32,0
141.84,109.63,7,0,0,Bank Transfer,2026-03-15,20:11,0
511.94,583.67,2,0,0,Bank Transfer,2026-03-15,20:12,0
1362.22,1442.27,9,0,0,Card,2026-03-15,20:41,0
232.61,224.51,7,0,1,Card,2026-03-15,20:44,0
217.28,257.48,7,0,0,UPI,2026-03-15,20:46,0
1138.95,1071.09,4,0,0,Bank Transfer,2026-03-15,20:49,0
273.51,117.2,7,0,0,UPI,2026-03-15,20:50,0
284.58,118.37,2,0,0,UPI,2026-03-15,20:51,0
293.78,306.55,4,0,0,UPI,2026-03-15,20:56,0
381.75,250.66,2,0,0,UPI,2026-03-15,21:22,0
105.89,120.25,3,0,0,Card,2026-03-15,21:30,0
255.08,114.91,4,0,0,ATM,2026-03-15,22:45,0
490.69,254.65,4,0,0,Online,2026-03-15,23:05,0
487.73,491.23,4,0,0,Bank Transfer,2026-03-15,23:55,0
1079.54,1155.49,3,0,0,UPI,2026-03-16,00:03,0
1926.54,2094.38,5,0,0,UPI,2026-03-16,00:09,0
1459.15,633.66,4,0,0,Card,2026-03-16,00:11,0
877.83,592.13,4,0,0,Bank Transfer,2026-03-16,00:48,0
355.52,319.76,5,0,1,Card,2026-03-16,00:49,0
237.55,268.67,5,0,0,ATM,2026-03-16,00:49,0
409.61,226.58,3,0,0,Online,2026-03-16,01:05,0
663.64,570.93,3,0,1,Card,2026-03-16,01:12,0
811.31,382.93,11,0,0,Card,2026-03-16,01:53,0
685.14,674.99,3,0,0,Online,2026-03-16,01:59,0
363.94,166.83,5,0,0,Online,2026-03-16,02:07,0
787.48,944.96,5,0,1,UPI,2026-03-16,02:24,0
1178.2,504.77,6,0,0,Online,2026-03-16,02:25,0
852.47,794.96,5,0,0,UPI,2026-03-16,02:33,0
392.6,396.71,3,0,1,Bank Transfer,2026-03-16,03:03,0
198.59,113.05,5,0,0,Online,2026-03-16,03:03,0
194.62,110.27,3,1,1,Online,2026-03-16,03:10,1
226.1,193.7,4,0,0,Card,2026-03-16,03:19,0
501.96,444.69,5,0,0,Online,2026-03-16,03:26,0
627.56,603.99,6,0,0,Online,2026-03-16,04:16,0
121.22,102.22,3,0,0,Online,2026-03-16,04:35,0
262.86,130.98,5,0,1,Bank Transfer,2026-03-16,04:38,0
496.11,563.34,6,0,0,Bank Transfer,2026-03-16,04:46,0
187.78,100.0,2,0,0,Online,2026-03-16,04:51,1
583.37,484.46,2,0,0,UPI,2026-03-16,05:32,0
310.66,351.66,6,0,0,UPI,2026-03-16,05:41,0
218.13,245.62,6,0,1,ATM,2026-03-16,05:50,0
422.09,207.97,5,1,1,UPI,2026-03-16,05:58,0
563.09,311.28,4,0,0,UPI,2026-03-16,07:10,0
196.12,168.98,5,0,0,Online,2026-03-16,07:33,0
328.25,208.96,3,0,0,UPI,2026-03-16,07:53,0
600.36,583.1,4,0,0,Bank Transfer,2026-03-16,07:58,0
211.08,167.6,4,0,0,Card,2026-03-16,08:21,0
98.58,100.0,2,0,0,Online,2026-03-16,08:22,0
109.28,100.0,5,0,1,UPI,2026-03-16,08:50,0
282.78,265.09,6,0,0,Online,2026-03-16,08:55,0
131.54,133.83,7,1,0,UPI,2026-03-16,08:56,1
300.2,199.37,11,0,0,UPI,2026-03-16,09:15,0
1661.04,729.59,6,0,1,ATM,2026-03-16,09:15,0
124.98,100.0,5,0,0,Online,2026-03-16,09:31,0
317.28,281.08,7,0,0,Card,2026-03-16,10:01,0
2471.2,2460.96,6,0,0,UPI,2026-03-16,10:19,0
570.73,626.49,2,0,0,Online,2026-03-16,10:24,0
295.14,344.62,5,0,0,Online,2026-03-16,10:37,0
353.06,282.44,3,0,0,Online,2026-03-16,10:57,0
581.12,638.17,5,0,0,Online,2026-03-16,10:58,0
1705.15,976.65,7,0,0,UPI,2026-03-16,11:07,0
256.92,212.14,4,0,0,Card,2026-03-16,11:12,0
211.88,171.3,5,0,1,UPI,2026-03-16,11:51,0
124.96,125.39,5,0,0,Card,2026-03-16,11:53,0
440.38,443.53,6,1,0,Online,2026-03-16,12:00,0
122.14,100.0,5,0,0,UPI,2026-03-16,12:12,0
272.0,300.01,4,1,1,UPI,2026-03-16,12:13,0
186.35,206.43,8,0,0,UPI,2026-03-16,12:13,0
1005.26,1162.09,7,0,1,Bank Transfer,2026-03-16,12:20,1
261.87,193.52,4,1,0,UPI,2026-03-16,12:36,0
565.32,672.34,3,0,0,UPI,2026-03-16,13:03,0
103.18,104.96,3,0,0,Online,2026-03-16,13:50,0
451.14,408.38,3,0,0,Online,2026-03-16,13:53,0
145.08,104.09,14,0,0,Bank Transfer,2026-03-16,14:23,0
280.96,299.52,3,0,0,UPI,2026-03-16,14:44,0
2642.61,2641.33,5,0,0,Online,2026-03-16,14:53,0
891.0,755.33,6,0,0,UPI,2026-03-16,15:24,1
361.71,433.18,6,0,0,UPI,2026-03-16,15:28,0
6118.67,3438.95,6,0,0,ATM,2026-03-16,16:02,0
185.32,165.96,5,1,0,Card,2026-03-16,16:03,1
1086.19,676.65,4,0,0,UPI,2026-03-16,16:14,0
109.64,100.0,6,0,0,UPI,2026-03-16,16:16,0
327.89,209.23,6,0,1,Online,2026-03-16,17:21,0
128.3,100.0,7,0,0,Card,2026-03-16,17:38,0
502.04,336.52,4,0,1,UPI,2026-03-16,17:40,0
423.09,168.46,6,0,0,Card,2026-03-16,17:41,0
310.59,119.23,6,0,0,UPI,2026-03-16,17:46,0
1020.7,986.19,3,0,0,Online,2026-03-16,17:47,0
249.13,153.03,3,0,0,Bank Transfer,2026-03-16,18:17,0
532.63,196.02,8,0,0,Online,2026-03-16,18:21,0
810.35,339.75,6,0,0,Online,2026-03-16,18:41,1
114.35,100.0,7,0,1,Card,2026-03-16,18:49,0
213.55,100.0,3,1,0,ATM,2026-03-16,18:55,0
422.33,487.46,8,0,1,Bank Transfer,2026-03-16,19:01,0
689.27,574.23,4,0,0,Card,2026-03-16,19:01,0
1350.26,924.82,5,0,0,UPI,2026-03-16,19:05,0
335.8,269.58,3,0,0,Online,2026-03-16,19:37,0
308.28,137.46,9,0,0,Online,2026-03-16,20:17,0
192.15,181.89,3,0,0,Card,2026-03-16,21:02,0
534.05,627.05,6,0,0,UPI,2026-03-16,21:15,0
313.39,144.49,3,0,0,Card,2026-03-16,21:15,0
319.6,153.32,5,1,0,Online,2026-03-16,21:21,1
372.48,329.41,3,1,1,Card,2026-03-16,22:09,0
644.76,308.93,10,0,0,UPI,2026-03-16,22:42,0
249.84,114.21,4,0,0,Bank Transfer,2026-03-16,22:48,0
209.28,192.52,5,0,0,Bank Transfer,2026-03-16,23:45,0
582.29,510.0,3,0,0,UPI,2026-03-16,23:46,0
30.82,100.0,1,0,0,Online,2026-03-16,23:49,0
241.5,253.5,5,0,0,ATM,2026-03-16,23:57,0
151.62,100.0,5,0,0,Card,2026-03-16,23:57,0
1121.89,709.81,4,0,0,Online,2026-03-16,23:59,0
277.33,271.24,5,0,1,Bank Transfer,2026-03-17,00:03,0
250.48,218.38,5,0,0,Card,2026-03-17,02:21,0
387.1,332.93,5,0,0,Card,2026-03-17,02:24,0
243.21,227.0,3,0,0,Online,2026-03-17,02:27,0
286.5,257.71,8,0,0,Card,2026-03-17,02:48,0
438.14,478.95,7,0,0,UPI,2026-03-17,03:10,0
281.82,234.88,7,0,0,UPI,2026-03-17,03:26,0
280.11,193.58,6,0,0,Online,2026-03-17,03:29,0
170.95,171.15,6,0,0,Online,2026-03-17,04:08,0
151.3,100.0,7,1,0,Bank Transfer,2026-03-17,04:17,0
424.77,422.92,10,0,0,UPI,2026-03-17,04:47,0
523.54,307.83,6,0,0,Bank Transfer,2026-03-17,04:48,1
119.83,100.0,4,0,0,Bank Transfer,2026-03-17,04:51,0
769.66,752.97,2,0,0,Online,2026-03-17,04:58,0
772.35,682.38,8,0,0,Bank Transfer,2026-03-17,06:58,0
923.79,390.61,6,0,0,Bank Transfer,2026-03-17,07:09,0
520.56,379.79,5,0,0,Card,2026-03-17,08:18,0
693.34,721.13,4,0,0,Card,2026-03-17,08:37,0
2584.46,3094.25,2,0,0,Bank Transfer,2026-03-17,08:53,0
312.22,233.16,5,0,0,Online,2026-03-17,10:10,0
165.86,100.0,3,0,0,Card,2026-03-17,10:22,0
109.51,100.0,8,0,0,Card,2026-03-17,11:08,0
1794.21,1375.15,5,0,0,Card,2026-03-17,11:08,0
1814.33,748.25,6,0,0,Card,2026-03-17,11:50,0
183.84,199.4,9,0,0,Bank Transfer,2026-03-17,11:54,0
217.41,175.66,3,1,0,UPI,2026-03-17,12:06,0
306.31,215.55,4,0,0,Card,2026-03-17,12:08,0
1142.09,785.31,9,0,0,Bank Transfer,2026-03-17,12:20,0
135.07,100.0,6,0,0,ATM,2026-03-17,12:32,0
75.82,100.0,4,0,0,Bank Transfer,2026-03-17,12:55,0
2546.28,1920.5,5,0,0,Card,2026-03-17,13:03,0
526.11,338.82,5,0,0,Card,2026-03-17,13:43,0
593.63,540.13,5,0,0,UPI,2026-03-17,13:43,0
338.88,237.01,6,0,1,UPI,2026-03-17,13:46,0
599.39,501.09,9,0,0,UPI,2026-03-17,13:46,0
111.38,122.77,5,1,0,Card,2026-03-17,14:03,0
197.4,130.14,4,0,0,ATM,2026-03-17,14:05,0
441.15,303.61,3,0,1,Online,2026-03-17,14:13,0
58.54,100.0,7,0,0,UPI,2026-03-17,14:15,0
311.96,204.14,5,0,0,ATM,2026-03-17,14:26,0
296.03,214.17,5,0,0,Card,2026-03-17,14:37,0
311.91,321.48,3,0,0,Online,2026-03-17,15:00,0
252.54,215.44,2,0,0,ATM,2026-03-17,15:38,0
173.03,197.92,5,0,0,ATM,2026-03-17,15:39,0
85.74,100.0,2,0,0,UPI,2026-03-17,16:02,0
456.25,345.46,7,0,0,UPI,2026-03-17,16:18,0
312.59,120.81,7,0,0,Online,2026-03-17,16:50,0
125.34,100.0,5,1,0,Online,2026-03-17,16:55,0
425.45,344.19,6,0,0,ATM,2026-03-17,17:07,0
313.97,159.82,6,1,0,Bank Transfer,2026-03-17,18:54,0
272.63,200.53,9,0,0,Online,2026-03-17,19:00,0
64.5,100.0,7,0,0,ATM,2026-03-17,19:46,0
720.79,265.03,3,0,0,Online,2026-03-17,19:47,0
141.44,106.63,6,0,0,Online,2026-03-17,20:18,0
425.72,382.86,7,0,0,ATM,2026-03-17,20:22,0
202.95,129.38,9,0,0,Online,2026-03-17,20:27,0
289.91,292.83,7,0,0,ATM,2026-03-17,20:44,0
1074.33,509.39,5,0,0,Online,2026-03-17,20:47,0
633.89,271.05,4,0,0,UPI,2026-03-17,20:50,0
1054.2,1206.65,5,0,0,Bank Transfer,2026-03-17,21:37,0
534.23,605.5,3,0,0,Card,2026-03-17,22:12,0
564.94,392.95,5,0,0,UPI,2026-03-17,22:43,0
88.77,100.0,6,0,0,Online,2026-03-17,22:47,0
308.0,330.6,3,0,0,Online,2026-03-17,23:26,0
333.23,266.9,4,0,0,UPI,2026-03-17,23:50,0
1141.52,513.17,2,0,0,ATM,2026-03-18,00:04,0
262.36,117.44,2,0,1,Card,2026-03-18,00:12,1
505.29,233.17,6,1,0,Bank Transfer,2026-03-18,01:15,0
488.77,495.44,5,0,0,Card,2026-03-18,01:47,0
1079.25,929.9,7,0,0,Bank Transfer,2026-03-18,02:01,0
360.08,217.77,7,0,0,ATM,2026-03-18,02:21,0
815.35,397.7,4,1,0,Online,2026-03-18,02:28,1
94.71,100.0,5,0,0,UPI,2026-03-18,02:30,0
102.32,100.29,5,0,0,Online,2026-03-18,03:06,0
57.93,100.0,5,0,0,Online,2026-03-18,03:58,0
786.89,630.63,6,0,0,Online,2026-03-18,04:05,0
715.24,720.11,6,0,1,ATM,2026-03-18,04:11,1
864.63,510.7,4,0,1,Online,2026-03-18,04:12,0
226.84,192.32,4,0,1,Online,2026-03-18,04:17,1
249.88,180.5,5,0,0,Bank Transfer,2026-03-18,05:15,0
363.98,154.53,6,1,0,UPI,2026-03-18,05:25,0
1376.29,1051.84,4,0,0,Online,2026-03-18,05:44,0
1702.33,1821.1,7,0,0,Bank Transfer,2026-03-18,05:58,0
792.14,312.11,7,0,0,Bank Transfer,2026-03-18,06:10,0
534.52,403.85,4,0,0,Bank Transfer,2026-03-18,06:23,0
1255.23,1371.06,1,0,0,UPI,2026-03-18,06:26,0
324.58,331.58,9,0,0,Bank Transfer,2026-03-18,06:48,0
289.37,222.65,3,1,0,UPI,2026-03-18,07:03,0
361.53,179.19,2,0,0,UPI,2026-03-18,07:09,0
175.58,188.09,8,0,0,Bank Transfer,2026-03-18,07:42,0
347.67,166.94,8,0,0,Online,2026-03-18,07:48,0
156.05,100.0,3,0,0,UPI,2026-03-18,08:17,0
964.16,439.3,2,0,0,Online,2026-03-18,08:20,0
640.43,474.02,3,0,0,Online,2026-03-18,08:28,0
1359.85,1203.22,10,0,0,Card,2026-03-18,09:48,0
101.0,106.36,2,0,0,UPI,2026-03-18,10:15,0
2031.32,1507.52,5,0,0,UPI,2026-03-18,10:19,0
106.0,124.56,4,0,0,Online,2026-03-18,10:50,0
145.68,124.77,4,0,0,Online,2026-03-18,11:35,0
238.01,205.58,11,0,0,Online,2026-03-18,11:44,0
1226.06,611.8,3,0,0,UPI,2026-03-18,11:47,0
488.69,250.02,5,0,0,Card,2026-03-18,11:56,0
327.91,275.49,3,0,0,Card,2026-03-18,12:21,0
205.67,198.01,4,0,0,Bank Transfer,2026-03-18,12:28,0
125.27,100.0,6,1,0,Card,2026-03-18,12:43,0
1056.52,804.45,8,0,0,Card,2026-03-18,12:54,0
795.4,519.21,4,0,0,Bank Transfer,2026-03-18,12:59,0
1273.57,920.73,6,1,0,Online,2026-03-18,13:18,0
565.27,304.57,2,0,0,Online,2026-03-18,13:32,0
42.7,100.0,9,0,0,Card,2026-03-18,14:41,0
140.06,100.0,7,0,0,Card,2026-03-18,14:45,0
598.93,651.98,4,0,0,UPI,2026-03-18,14:51,0
294.64,304.78,5,0,0,UPI,2026-03-18,15:21,0
250.88,109.49,5,0,0,Online,2026-03-18,15:24,0
157.95,100.0,5,0,1,UPI,2026-03-18,15:25,0
902.75,694.23,7,1,0,UPI,2026-03-18,15:36,0
594.53,348.26,6,0,0,UPI,2026-03-18,15:50,0
617.71,648.54,5,0,1,UPI,2026-03-18,16:26,0
235.44,179.7,3,1,1,UPI,2026-03-18,17:18,0
468.64,503.7,3,0,0,Online,2026-03-18,17:48,0
129.4,100.0,5,0,0,Card,2026-03-18,17:51,0
361.28,424.34,4,0,0,Online,2026-03-18,18:36,0
47.05,100.0,7,0,0,Bank Transfer,2026-03-18,18:52,0
106.39,103.42,4,0,0,Online,2026-03-18,19:16,0
306.75,352.51,5,0,0,ATM,2026-03-18,19:35,0
3037.68,2277.53,8,0,0,Online,2026-03-18,19:46,0
87.3,100.0,5,0,0,Online,2026-03-18,20:18,0
140.18,108.27,7,0,0,Online,2026-03-18,20:28,0
485.05,505.88,8,0,0,UPI,2026-03-18,21:14,0
1815.31,1961.64,5,0,1,UPI,2026-03-18,21:15,0
479.07,366.61,6,0,0,UPI,2026-03-18,21:18,0
732.76,712.58,7,1,1,Online,2026-03-18,21:50,0
302.79,169.53,3,0,0,Online,2026-03-18,22:15,0
261.38,142.7,6,0,0,Bank Transfer,2026-03-18,22:15,0
432.62,367.0,4,0,0,ATM,2026-03-18,22:37,0
230.55,163.34,5,0,0,Online,2026-03-18,22:39,0
746.67,363.55,2,1,0,Card,2026-03-18,22:54,0
102.99,102.7,5,0,0,ATM,2026-03-18,23:05,0
859.62,689.69,4,0,1,UPI,2026-03-18,23:06,0
417.14,330.51,5,0,0,UPI,2026-03-18,23:08,0
336.13,171.73,5,0,0,Online,2026-03-18,23:15,0
99.83,100.0,3,1,0,ATM,2026-03-18,23:25,0
175.42,164.68,6,0,0,Card,2026-03-18,23:47,0
1117.5,1200.33,6,0,0,Bank Transfer,2026-03-19,00:08,0
337.88,169.15,8,0,0,Bank Transfer,2026-03-19,00:32,1
511.14,531.84,5,0,0,Online,2026-03-19,00:36,0
191.02,194.82,6,0,0,UPI,2026-03-19,00:44,0
393.59,410.38,7,0,0,Online,2026-03-19,01:21,0
125.67,106.13,5,0,0,Online,2026-03-19,01:23,0
439.18,285.05,6,0,1,Online,2026-03-19,01:50,0
552.83,555.79,3,0,0,UPI,2026-03-19,01:55,0
529.81,401.57,9,0,0,Online,2026-03-19,02:02,0
187.16,100.8,5,0,0,ATM,2026-03-19,02:24,0
301.65,208.75,2,0,1,Online,2026-03-19,02:44,0
636.9,470.71,3,0,1,Card,2026-03-19,02:56,0
337.07,262.76,3,0,0,Online,2026-03-19,03:01,0
316.02,351.7,6,0,0,UPI,2026-03-19,03:55,0
2034.38,1423.03,2,0,0,Online,2026-03-19,03:58,0
179.77,106.44,3,0,1,ATM,2026-03-19,04:45,0
1010.66,1180.44,2,0,0,Bank Transfer,2026-03-19,05:09,0
151.19,100.0,7,0,0,ATM,2026-03-19,05:16,0
703.85,253.0,9,0,0,Online,2026-03-19,05:27,0
736.52,789.8,4,0,0,UPI,2026-03-19,05:47,0
261.44,303.6,8,0,0,Online,2026-03-19,06:01,0
143.33,133.27,5,0,0,Card,2026-03-19,06:45,0
75.58,100.0,5,0,0,UPI,2026-03-19,06:55,0
239.16,194.25,9,0,0,Card,2026-03-19,08:39,0
630.99,667.08,3,0,0,Online,2026-03-19,08:41,0
161.42,177.97,5,0,0,Online,2026-03-19,08:42,0
438.08,191.51,6,1,0,Online,2026-03-19,08:58,0
115.01,125.11,6,0,0,Online,2026-03-19,09:25,0
330.69,289.27,5,0,0,ATM,2026-03-19,10:05,0
152.17,100.0,4,0,0,Online,2026-03-19,10:41,0
377.56,166.96,8,0,0,UPI,2026-03-19,10:52,0
263.51,102.43,3,0,0,UPI,2026-03-19,11:12,0
146.67,169.59,5,0,1,Card,2026-03-19,11:21,0
230.43,164.19,1,0,0,UPI,2026-03-19,11:27,0
182.36,174.75,4,0,0,ATM,2026-03-19,11:28,0
132.05,100.0,2,0,0,Online,2026-03-19,11:35,0
1012.66,1037.16,5,0,0,UPI,2026-03-19,12:02,0
297.04,225.67,7,0,0,Bank Transfer,2026-03-19,12:03,0
62.06,100.0,5,0,0,UPI,2026-03-19,12:16,0
237.51,188.29,5,0,0,Card,2026-03-19,12:50,0
877.88,895.85,7,0,1,Card,2026-03-19,13:19,0
211.21,186.93,6,1,0,Bank Transfer,2026-03-19,14:23,0
1440.99,1141.92,5,0,0,Bank Transfer,2026-03-19,14:29,0
194.77,225.16,5,1,0,UPI,2026-03-19,14:58,0
618.87,477.31,2,1,0,UPI,2026-03-19,15:01,0
973.74,1079.42,8,0,1,Online,2026-03-19,15:01,0
591.5,225.16,4,0,0,Online,2026-03-19,15:19,1
125.42,113.98,4,0,1,Online,2026-03-19,15:44,0
181.07,203.69,8,1,0,Online,2026-03-19,15:44,0
1090.68,1215.44,8,0,0,Card,2026-03-19,15:58,0
203.58,155.19,5,0,0,UPI,2026-03-19,16:58,0
924.57,694.61,5,0,0,Card,2026-03-19,17:53,0
279.85,290.75,2,0,0,Card,2026-03-19,18:04,0
454.97,288.8,2,0,1,Card,2026-03-19,18:14,0
124.19,142.39,5,0,0,Online,2026-03-19,19:21,0
240.56,135.46,3,0,0,Card,2026-03-19,19:42,0
191.71,100.0,6,0,0,Card,2026-03-19,19:55,0
488.71,491.7,8,0,0,ATM,2026-03-19,21:01,0
436.69,303.07,7,0,0,UPI,2026-03-19,21:07,0
597.8,390.01,2,1,0,UPI,2026-03-19,21:09,0
265.88,165.58,9,0,0,Online,2026-03-19,21:28,0
182.97,216.52,4,0,0,Online,2026-03-19,21:53,0
471.22,393.9,7,0,0,Online,2026-03-19,21:58,0
168.15,200.62,5,0,0,Online,2026-03-19,22:19,0
1008.94,647.79,3,0,0,Bank Transfer,2026-03-19,22:42,0
366.01,256.89,2,0,0,UPI,2026-03-19,22:55,0
305.76,162.05,5,0,1,Online,2026-03-19,23:29,0
597.56,427.74,6,1,0,UPI,2026-03-19,23:35,0
378.07,152.25,5,0,0,Bank Transfer,2026-03-19,23:38,0
98.56,100.0,1,0,1,UPI,2026-03-20,00:10,0
163.66,120.31,6,0,1,Online,2026-03-20,00:34,0
991.33,975.59,3,0,0,Online,2026-03-20,00:42,0
433.24,312.59,6,0,0,Card,2026-03-20,01:20,1
96.61,100.0,2,0,0,Online,2026-03-20,01:32,0
544.19,396.59,2,0,0,Online,2026-03-20,02:12,0
250.79,200.08,3,0,0,UPI,2026-03-20,02:15,0
191.84,193.62,5,0,0,UPI,2026-03-20,02:26,0
152.45,157.52,10,0,0,UPI,2026-03-20,02:53,0
943.82,1002.67,6,0,0,UPI,2026-03-20,02:57,0
75.89,100.0,4,0,1,Online,2026-03-20,03:05,0
197.97,146.33,6,0,0,ATM,2026-03-20,03:08,0
446.8,471.98,7,0,0,Bank Transfer,2026-03-20,03:14,0
1543.19,1775.59,7,0,0,Bank Transfer,2026-03-20,03:30,0
645.99,524.24,5,0,0,Bank Transfer,2026-03-20,03:46,0
196.54,151.15,7,0,0,Card,2026-03-20,04:23,0
1480.23,1480.09,8,0,0,Online,2026-03-20,04:31,0
127.5,152.1,9,0,0,Card,2026-03-20,04:42,0
505.49,359.93,6,0,0,Online,2026-03-20,04:43,0
610.71,299.45,7,0,0,UPI,2026-03-20,04:57,0
190.77,202.05,4,0,0,Online,2026-03-20,05:11,0
729.93,696.26,4,0,0,Card,2026-03-20,05:28,0
260.65,123.37,3,0,0,UPI,2026-03-20,05:28,0
728.42,455.25,6,0,0,Card,2026-03-20,05:51,0
84.47,100.0,2,0,0,Online,2026-03-20,06:24,0
536.32,521.17,6,0,0,Card,2026-03-20,06:32,0
284.21,288.06,7,0,0,UPI,2026-03-20,06:43,0
1071.96,517.09,4,0,0,Online,2026-03-20,06:47,0
388.63,207.62,2,0,0,Online,2026-03-20,07:15,0
1166.6,1146.19,3,0,0,UPI,2026-03-20,07:30,0
621.09,278.68,8,0,0,ATM,2026-03-20,07:51,0
361.99,279.98,4,0,0,UPI,2026-03-20,08:03,0
788.02,641.52,4,0,0,UPI,2026-03-20,08:30,0
792.31,505.85,6,0,0,Online,2026-03-20,08:31,0
602.52,618.72,3,0,1,Online,2026-03-20,08:33,0
57.49,100.0,6,1,0,Online,2026-03-20,09:21,0
175.01,176.9,8,0,0,ATM,2026-03-20,09:28,0
1308.31,1176.34,5,0,0,Online,2026-03-20,10:24,0
138.72,108.36,2,1,0,ATM,2026-03-20,11:00,0
854.14,932.31,6,0,0,UPI,2026-03-20,11:17,0
735.45,383.84,10,0,0,Online,2026-03-20,11:20,0
217.7,224.37,4,0,0,Online,2026-03-20,11:32,0
74.0,100.0,7,0,0,UPI,2026-03-20,11:43,0
248.74,296.47,8,1,0,UPI,2026-03-20,11:46,1
2359.75,891.63,1,0,0,Online,2026-03-20,12:34,0
193.68,158.86,4,0,0,UPI,2026-03-20,12:50,0
205.38,101.22,10,0,0,UPI,2026-03-20,12:53,0
172.79,120.39,6,0,0,Online,2026-03-20,13:26,0
1132.93,539.0,11,1,0,Online,2026-03-20,13:48,0
328.17,168.92,1,0,0,Bank Transfer,2026-03-20,13:53,0
236.98,100.0,4,0,0,Bank Transfer,2026-03-20,14:13,0
1341.38,478.61,5,0,0,Bank Transfer,2026-03-20,14:26,0
660.22,634.74,7,0,0,Card,2026-03-20,14:31,0
184.68,135.82,6,0,1,Bank Transfer,2026-03-20,14:33,0
142.59,100.0,7,0,0,UPI,2026-03-20,14:39,0
1079.71,1239.64,6,0,0,Online,2026-03-20,15:02,0
409.23,374.76,5,0,0,Card,2026-03-20,15:21,0
108.13,100.0,5,0,0,Bank Transfer,2026-03-20,15:30,0
88.62,100.0,5,0,0,Card,2026-03-20,15:31,0
156.24,119.66,3,0,0,Card,2026-03-20,16:00,0
140.67,117.38,8,0,0,Card,2026-03-20,16:15,0
70.87,100.0,8,0,0,Online,2026-03-20,16:23,0
158.45,134.9,9,0,0,Bank Transfer,2026-03-20,16:27,0
184.71,218.31,4,0,0,Online,2026-03-20,16:29,0
272.25,263.48,4,1,0,ATM,2026-03-20,16:34,0
1701.0,2024.6,3,0,1,UPI,2026-03-20,16:34,0
321.56,263.08,3,0,0,Online,2026-03-20,16:44,0
349.87,324.22,4,0,0,UPI,2026-03-20,16:59,0
621.95,607.78,4,0,0,Card,2026-03-20,17:01,0
329.73,326.94,5,0,0,UPI,2026-03-20,17:24,0
566.87,210.18,9,0,0,Card,2026-03-20,17:53,0
512.1,234.72,7,0,0,Bank Transfer,2026-03-20,17:53,0
447.73,243.37,2,0,0,ATM,2026-03-20,18:11,0
4236.51,2460.44,4,0,0,Online,2026-03-20,18:29,0
875.2,979.85,6,0,0,Card,2026-03-20,18:46,0
160.86,155.1,2,0,1,Card,2026-03-20,18:48,0
552.63,260.73,5,0,0,UPI,2026-03-20,18:52,0
205.82,146.63,6,0,0,Card,2026-03-20,18:54,0
589.52,328.16,4,0,0,Bank Transfer,2026-03-20,19:10,0
125.35,132.29,2,1,1,Card,2026-03-20,19:11,0
157.34,177.81,3,0,0,ATM,2026-03-20,19:44,0
540.41,264.61,6,0,0,Card,2026-03-20,20:14,0
942.01,663.26,5,0,0,Online,2026-03-20,20:26,0
618.47,717.37,4,0,0,Bank Transfer,2026-03-20,20:28,0
833.81,757.53,4,0,0,UPI,2026-03-20,20:48,0
554.32,603.04,9,0,0,UPI,2026-03-20,21:14,0
467.14,305.53,3,0,0,UPI,2026-03-20,21:45,0
262.92,138.89,3,0,0,Online,2026-03-20,22:09,0
805.17,754.93,5,1,1,Card,2026-03-20,22:09,0
964.05,450.03,4,0,0,Online,2026-03-20,22:13,0
382.36,406.79,5,0,0,UPI,2026-03-20,22:34,0
365.26,362.2,4,0,0,UPI,2026-03-20,22:50,0
1560.4,950.55,5,0,0,UPI,2026-03-20,23:23,0
396.49,306.84,2,0,1,Bank Transfer,2026-03-20,23:43,0
430.24,442.85,7,1,0,Online,2026-03-21,00:17,0
608.86,696.95,8,0,0,UPI,2026-03-21,00:43,0
371.25,241.06,2,0,0,UPI,2026-03-21,00:48,0
200.88,205.2,5,0,0,Online,2026-03-21,00:53,0
556.28,286.65,5,0,0,Online,2026-03-21,01:06,0
390.36,436.42,3,0,0,UPI,2026-03-21,01:23,0
1931.23,1802.44,4,0,0,Bank Transfer,2026-03-21,01:54,0
788.54,378.36,2,0,0,UPI,2026-03-21,02:02,0
243.19,238.05,3,0,0,Bank Transfer,2026-03-21,02:03,0
749.72,723.82,2,0,0,UPI,2026-03-21,02:08,0
524.1,514.12,11,0,0,ATM,2026-03-21,02:23,0
1227.84,789.68,4,0,1,UPI,2026-03-21,02:25,0
258.32,252.86,6,0,0,ATM,2026-03-21,02:29,0
473.61,498.51,4,0,0,UPI,2026-03-21,02:56,0
370.84,239.21,5,0,0,Online,2026-03-21,03:03,0
423.99,223.34,8,1,0,ATM,2026-03-21,03:09,0
190.11,210.01,6,0,0,Card,2026-03-21,03:34,0
658.21,577.64,4,0,0,UPI,2026-03-21,03:51,0
575.52,426.65,9,0,0,Online,2026-03-21,03:54,0
1202.84,1320.46,4,0,0,Card,2026-03-21,03:55,0
400.01,186.24,6,0,0,Card,2026-03-21,04:13,0
284.27,295.36,6,0,0,UPI,2026-03-21,04:49,0
789.11,605.4,4,0,0,Online,2026-03-21,05:14,0
205.39,100.0,3,0,0,Card,2026-03-21,05:15,0
1014.59,1193.89,8,0,0,Bank Transfer,2026-03-21,05:58,0
1012.74,1024.24,8,0,1,UPI,2026-03-21,06:07,0
1174.6,625.53,5,0,0,Bank Transfer,2026-03-21,06:20,0
555.64,630.74,3,0,0,Bank Transfer,2026-03-21,06:25,0
266.79,305.49,5,1,0,Bank Transfer,2026-03-21,06:46,0
442.66,456.12,4,0,0,ATM,2026-03-21,06:47,0
557.27,255.28,5,0,0,Online,2026-03-21,07:28,0
250.61,127.41,6,0,0,Online,2026-03-21,07:38,0
1252.82,1241.45,4,0,0,ATM,2026-03-21,08:09,0
660.55,744.26,3,1,0,Card,2026-03-21,08:37,0
188.97,100.68,10,0,0,Card,2026-03-21,08:42,0
1999.08,1482.73,3,0,0,ATM,2026-03-21,09:25,0
438.25,211.05,2,0,0,Online,2026-03-21,09:33,0
159.18,120.39,4,1,0,UPI,2026-03-21,09:35,0
199.19,178.51,5,0,0,UPI,2026-03-21,09:35,0
1428.84,522.63,3,0,1,UPI,2026-03-21,09:51,0
1903.1,1706.1,6,1,0,Online,2026-03-21,10:12,0
951.52,850.46,5,0,1,UPI,2026-03-21,10:13,0
1238.2,912.25,6,0,0,Bank Transfer,2026-03-21,10:23,0
1134.7,1260.76,6,1,0,UPI,2026-03-21,10:28,0
647.67,300.9,7,0,0,Online,2026-03-21,10:48,0
533.62,210.04,3,0,0,Bank Transfer,2026-03-21,10:55,0
638.35,492.46,4,0,0,Online,2026-03-21,11:22,0
754.17,605.66,2,1,0,UPI,2026-03-21,11:35,0
214.79,123.86,3,0,0,Bank Transfer,2026-03-21,11:45,0
751.57,877.37,4,0,0,Bank Transfer,2026-03-21,11:49,0
1393.85,788.46,8,0,0,Card,2026-03-21,12:08,0
338.52,196.22,5,0,0,Online,2026-03-21,12:15,0
309.12,321.28,5,0,0,UPI,2026-03-21,12:54,0
604.9,686.2,5,0,0,UPI,2026-03-21,13:39,0
232.24,187.12,5,0,0,UPI,2026-03-21,13:45,0
131.72,100.0,8,1,0,UPI,2026-03-21,13:47,0
1070.16,697.87,3,0,1,Bank Transfer,2026-03-21,13:48,0
274.98,148.58,4,0,0,Bank Transfer,2026-03-21,14:03,0
409.8,321.44,6,0,0,UPI,2026-03-21,14:08,0
240.18,223.41,4,0,0,Online,2026-03-21,15:05,0
1194.21,816.33,4,0,0,Online,2026-03-21,15:06,0
833.14,672.14,7,0,1,UPI,2026-03-21,15:07,0
328.77,327.42,3,0,0,Card,2026-03-21,15:28,0
147.98,100.0,5,0,0,Online,2026-03-21,15:31,0
300.4,155.18,4,0,0,UPI,2026-03-21,15:50,0
655.0,677.78,3,1,0,UPI,2026-03-21,15:52,0
473.59,180.66,2,0,0,Online,2026-03-21,15:59,0
442.63,211.58,4,0,0,Online,2026-03-21,16:04,0
482.96,174.11,7,0,1,Online,2026-03-21,16:18,0
768.91,632.11,7,0,0,UPI,2026-03-21,16:49,0
389.33,334.85,6,0,0,Online,2026-03-21,18:20,0
591.41,473.94,3,0,0,Online,2026-03-21,18:27,0
174.36,122.42,5,0,0,Online,2026-03-21,18:35,0
3536.08,2827.71,8,0,1,UPI,2026-03-21,19:19,0
316.94,163.18,5,0,0,UPI,2026-03-21,19:30,0
479.65,504.74,5,0,0,Card,2026-03-21,19:42,0
652.95,772.87,3,1,0,Online,2026-03-21,20:10,0
284.53,230.33,10,0,0,Bank Transfer,2026-03-21,21:05,0
406.12,271.37,5,0,0,Online,2026-03-21,21:28,0
401.95,411.2,4,0,0,Online,2026-03-21,21:35,0
185.5,100.0,7,0,1,Card,2026-03-21,22:02,0
585.7,364.69,7,0,0,Online,2026-03-21,22:10,0
99.3,114.1,8,0,0,Online,2026-03-21,22:12,0
1789.7,909.79,2,0,0,Card,2026-03-21,22:13,0
791.58,352.49,5,0,1,ATM,2026-03-21,23:16,0
694.54,565.64,6,0,0,Bank Transfer,2026-03-21,23:17,0
92.19,100.0,3,0,0,UPI,2026-03-21,23:20,0
205.69,176.39,3,0,0,Online,2026-03-21,23:44,0
1314.15,643.68,3,0,1,Online,2026-03-22,00:03,0
13746.72,13237.72,4,0,0,Card,2026-03-22,00:13,0
1113.75,619.18,3,0,0,Bank Transfer,2026-03-22,00:39,0
973.99,1125.82,10,0,0,Card,2026-03-22,01:09,0
630.32,342.75,8,1,0,UPI,2026-03-22,02:05,0
196.3,100.0,2,0,1,Online,2026-03-22,02:13,0
940.02,782.72,5,0,0,Card,2026-03-22,02:18,0
158.22,100.0,5,0,1,ATM,2026-03-22,02:59,1
144.17,127.49,10,0,0,Bank Transfer,2026-03-22,03:01,0
136.66,100.0,4,0,0,Bank Transfer,2026-03-22,03:09,0
924.6,660.05,6,0,0,Online,2026-03-22,03:46,0
384.21,193.1,6,0,0,UPI,2026-03-22,03:55,0
439.54,314.05,3,0,0,Card,2026-03-22,04:13,0
398.18,185.57,5,1,0,UPI,2026-03-22,04:39,1
154.96,100.0,3,0,0,Online,2026-03-22,04:43,0
228.12,118.42,3,0,0,Online,2026-03-22,04:48,1
238.09,248.49,6,0,0,Bank Transfer,2026-03-22,06:10,0
122.18,118.51,4,1,0,Online,2026-03-22,06:21,0
262.81,129.25,3,0,0,Card,2026-03-22,07:02,0
160.92,100.0,3,0,0,Online,2026-03-22,07:13,0
659.2,245.14,5,0,0,Bank Transfer,2026-03-22,07:22,0
707.56,383.97,10,0,0,UPI,2026-03-22,07:41,1
134.34,101.85,6,0,0,Online,2026-03-22,07:42,0
313.52,216.3,7,0,0,ATM,2026-03-22,09:08,0
1954.03,2297.5,5,0,0,Online,2026-03-22,09:28,0
175.27,179.38,4,0,0,Card,2026-03-22,09:37,1
579.78,241.45,8,0,0,Online,2026-03-22,09:51,0
441.29,214.06,3,1,0,Online,2026-03-22,11:06,0
1021.43,380.59,3,0,0,Bank Transfer,2026-03-22,11:22,1
518.61,242.44,4,0,0,Card,2026-03-22,11:38,0
279.61,223.69,8,0,0,Online,2026-03-22,11:48,0
426.99,177.3,5,0,0,ATM,2026-03-22,12:24,0
432.32,173.31,4,0,0,Card,2026-03-22,12:37,0
373.18,168.09,7,0,0,Online,2026-03-22,12:40,0
131.47,120.82,5,0,0,Online,2026-03-22,13:18,0
1160.52,425.28,7,0,0,Card,2026-03-22,13:47,0
998.71,1172.67,10,0,0,Online,2026-03-22,14:00,0
166.07,111.88,9,0,0,ATM,2026-03-22,14:07,0
312.43,198.74,5,1,0,UPI,2026-03-22,14:08,0
333.18,251.08,8,0,0,Online,2026-03-22,14:15,0
150.95,119.28,7,0,0,Card,2026-03-22,14:30,0
82.54,100.0,6,0,0,Bank Transfer,2026-03-22,14:31,0
228.15,174.16,7,0,0,Online,2026-03-22,14:38,0
297.99,190.35,8,0,0,Online,2026-03-22,15:03,0
118.5,100.0,4,0,0,UPI,2026-03-22,15:34,0
468.92,175.01,5,0,0,Online,2026-03-22,15:49,0
1084.02,998.41,8,0,0,UPI,2026-03-22,16:05,0
825.34,721.91,6,0,0,Online,2026-03-22,16:21,0
362.24,332.72,2,0,0,Bank Transfer,2026-03-22,16:48,0
84.41,100.0,11,0,0,Online,2026-03-22,17:05,0
741.26,557.52,4,1,0,UPI,2026-03-22,18:03,0
456.89,502.35,6,0,0,Bank Transfer,2026-03-22,18:52,0
578.65,420.88,9,0,0,Online,2026-03-22,19:11,0
2091.61,1581.2,4,0,0,Online,2026-03-22,19:15,0
200.12,177.71,4,0,0,UPI,2026-03-22,21:01,0
35.04,100.0,4,0,0,Bank Transfer,2026-03-22,21:13,1
164.77,100.0,5,0,0,UPI,2026-03-22,21:19,0
609.8,477.69,5,0,0,Online,2026-03-22,21:50,0
412.77,168.54,6,0,0,UPI,2026-03-22,22:08,0
143.55,100.0,5,0,0,Card,2026-03-22,22:38,0
120.69,123.64,4,0,0,UPI,2026-03-22,23:02,0
298.44,222.09,6,0,0,ATM,2026-03-22,23:11,0
139.88,100.0,4,0,0,Card,2026-03-22,23:14,0
628.0,252.22,5,0,1,Online,2026-03-22,23:33,1
284.37,321.79,6,0,1,Online,2026-03-22,23:55,0
236.74,275.38,4,0,0,ATM,2026-03-22,23:56,0
211.76,189.51,7,0,0,Bank Transfer,2026-03-23,00:02,1
504.54,255.91,5,0,0,ATM,2026-03-23,00:17,0
418.31,277.29,4,0,0,UPI,2026-03-23,00:18,0
478.98,292.01,8,0,0,UPI,2026-03-23,00:24,1
470.18,478.35,9,0,0,Bank Transfer,2026-03-23,00:30,0
379.42,306.01,5,0,0,Card,2026-03-23,00:37,0
167.64,169.77,7,0,0,Bank Transfer,2026-03-23,00:41,0
216.84,142.34,2,1,0,Online,2026-03-23,01:03,0
288.45,314.15,3,1,0,Card,2026-03-23,01:07,1
2334.18,1668.44,4,0,0,Online,2026-03-23,01:15,1
128.19,100.0,4,1,1,UPI,2026-03-23,01:27,1
282.55,216.36,3,0,0,Online,2026-03-23,01:37,0
438.57,374.12,3,0,0,Online,2026-03-23,01:59,0
311.74,346.03,6,0,0,Card,2026-03-23,02:49,0
1005.13,742.89,8,1,0,ATM,2026-03-23,03:12,1
310.37,354.02,4,0,0,Online,2026-03-23,03:37,0
330.51,226.27,3,0,0,Bank Transfer,2026-03-23,03:57,0
806.28,504.64,6,0,0,Card,2026-03-23,04:11,0
1880.15,1129.57,2,0,0,Online,2026-03-23,04:38,0
1334.58,491.1,6,0,0,UPI,2026-03-23,04:43,0
359.19,384.97,4,0,0,Card,2026-03-23,04:53,0
386.8,161.43,5,0,0,Card,2026-03-23,05:56,0
419.77,266.21,5,0,0,UPI,2026-03-23,06:32,0
457.12,257.31,5,0,0,Card,2026-03-23,06:33,0
196.32,192.94,4,0,0,UPI,2026-03-23,06:40,0
894.36,1021.98,6,0,0,Online,2026-03-23,07:25,0
480.88,502.14,4,0,0,Online,2026-03-23,07:29,0
388.34,241.54,4,0,0,Bank Transfer,2026-03-23,07:41,0
136.94,100.98,3,1,0,UPI,2026-03-23,07:50,0
425.36,238.2,8,1,0,Online,2026-03-23,08:14,0
80.7,100.0,9,0,0,Card,2026-03-23,08:16,0
246.07,110.96,4,0,0,UPI,2026-03-23,08:20,0
249.98,289.76,7,0,0,UPI,2026-03-23,08:27,0
514.89,536.31,5,0,0,ATM,2026-03-23,08:37,0
1993.95,1903.9,7,0,0,Online,2026-03-23,08:45,0
655.97,661.15,5,0,0,UPI,2026-03-23,08:53,0
1381.8,882.2,2,0,0,Online,2026-03-23,09:02,0
698.15,419.94,5,0,0,UPI,2026-03-23,09:29,0
1049.74,707.74,7,0,1,Online,2026-03-23,09:52,0
1955.81,986.45,6,0,0,UPI,2026-03-23,09:57,0
216.58,213.2,4,0,0,UPI,2026-03-23,09:59,0
204.89,154.44,5,0,0,Online,2026-03-23,10:23,0
712.29,785.62,9,0,0,Card,2026-03-23,11:09,0
402.17,441.03,11,0,0,Online,2026-03-23,11:37,0
486.53,234.74,3,1,0,UPI,2026-03-23,11:37,1
326.57,175.04,5,1,1,Bank Transfer,2026-03-23,11:56,1
243.03,169.89,3,0,0,Online,2026-03-23,12:48,0
1599.83,721.51,6,0,0,Bank Transfer,2026-03-23,12:51,0
158.4,148.26,6,0,0,UPI,2026-03-23,13:00,0
723.02,706.36,4,0,0,Online,2026-03-23,13:11,0
629.92,606.71,6,0,0,Online,2026-03-23,13:35,0
105.41,100.0,1,0,0,UPI,2026-03-23,13:45,0
199.11,212.39,5,0,0,ATM,2026-03-23,14:24,0
229.69,198.67,4,0,0,ATM,2026-03-23,15:16,0
651.9,778.74,6,0,0,UPI,2026-03-23,15:35,0
295.31,308.04,4,0,0,Online,2026-03-23,16:21,0
375.12,361.59,3,0,0,Bank Transfer,2026-03-23,16:22,0
116.86,100.0,6,0,1,UPI,2026-03-23,16:32,0
2913.25,3081.37,4,0,0,ATM,2026-03-23,16:39,0
428.6,261.33,4,0,0,Bank Transfer,2026-03-23,16:47,0
616.56,435.34,9,0,0,Online,2026-03-23,16:48,0
254.8,189.4,4,0,0,Card,2026-03-23,17:21,0
231.66,146.32,3,0,0,Online,2026-03-23,17:24,0
2050.38,906.62,5,0,0,Online,2026-03-23,17:28,0
79.11,100.0,6,0,0,Online,2026-03-23,17:33,1
511.25,528.09,6,0,0,Online,2026-03-23,17:40,0
144.06,130.29,2,0,0,UPI,2026-03-23,17:40,0
285.93,329.22,6,0,0,ATM,2026-03-23,17:44,0
234.54,245.77,4,0,0,UPI,2026-03-23,17:54,0
174.5,120.73,5,0,0,Online,2026-03-23,18:32,0
415.77,423.37,2,1,0,Bank Transfer,2026-03-23,18:56,0
45.48,100.0,4,0,0,ATM,2026-03-23,19:09,0
308.53,183.07,7,0,0,UPI,2026-03-23,19:17,0
373.63,440.44,3,0,0,Card,2026-03-23,20:07,0
127.05,144.74,4,0,0,Online,2026-03-23,20:28,0
1460.06,650.27,3,0,1,UPI,2026-03-23,20:35,0
243.4,258.86,6,0,0,UPI,2026-03-23,20:40,0
329.69,137.16,8,0,0,Card,2026-03-23,20:44,0
243.86,277.88,6,0,0,ATM,2026-03-23,20:50,0
376.41,331.44,2,0,0,Online,2026-03-23,20:56,0
1226.5,602.94,4,0,0,UPI,2026-03-23,21:02,0
3301.27,3448.75,7,0,1,UPI,2026-03-23,21:16,0
760.36,599.48,4,0,0,ATM,2026-03-23,21:18,0
1017.19,407.5,4,0,0,Bank Transfer,2026-03-23,21:26,0
1735.35,1785.09,5,0,0,UPI,2026-03-23,21:42,0
498.47,508.48,4,0,0,Card,2026-03-23,21:49,0
1532.59,1164.39,9,0,0,Bank Transfer,2026-03-23,21:55,0
791.19,768.6,4,0,1,Card,2026-03-23,22:02,0
455.95,175.14,5,0,0,UPI,2026-03-23,23:27,0
543.37,337.1,4,0,0,Online,2026-03-23,23:30,0
85.78,100.0,7,0,0,Online,2026-03-23,23:32,0
517.13,282.36,3,0,0,Card,2026-03-24,00:12,0
108.62,100.0,3,0,0,Card,2026-03-24,00:25,0
101.34,115.75,6,0,0,UPI,2026-03-24,00:35,1
475.3,500.37,3,0,0,UPI,2026-03-24,00:36,0
156.5,129.0,6,0,0,UPI,2026-03-24,00:38,0
401.0,336.92,4,0,0,Online,2026-03-24,01:07,0
453.81,500.98,5,0,0,Online,2026-03-24,01:22,0
471.35,510.75,9,0,0,Bank Transfer,2026-03-24,01:23,0
187.07,100.0,9,0,0,Bank Transfer,2026-03-24,01:27,0
866.0,645.81,4,0,0,UPI,2026-03-24,01:29,0
373.96,191.55,5,0,0,Card,2026-03-24,02:11,0
586.94,246.95,8,0,0,ATM,2026-03-24,02:23,0
145.92,100.0,3,0,0,ATM,2026-03-24,02:28,0
346.69,301.29,2,0,0,Bank Transfer,2026-03-24,02:31,0
1025.26,1051.11,7,0,0,UPI,2026-03-24,02:49,0
920.26,1035.84,5,0,0,UPI,2026-03-24,03:04,0
204.85,145.35,3,0,0,Bank Transfer,2026-03-24,03:13,0
253.73,179.89,3,0,0,Online,2026-03-24,03:21,0
174.1,100.0,8,0,0,Online,2026-03-24,03:24,0
230.91,119.06,3,0,0,Bank Transfer,2026-03-24,04:17,0
122.83,100.0,5,0,0,Online,2026-03-24,04:34,0
358.72,423.12,8,1,0,Bank Transfer,2026-03-24,04:46,0
691.02,316.8,8,0,1,UPI,2026-03-24,04:51,0
207.0,205.58,8,0,0,Bank Transfer,2026-03-24,05:05,0
373.52,231.62,5,1,1,Bank Transfer,2026-03-24,05:47,1
334.48,269.78,6,1,0,Bank Transfer,2026-03-24,05:59,0
989.15,1079.96,3,0,0,Bank Transfer,2026-03-24,06:01,0
239.88,274.84,6,0,0,ATM,2026-03-24,06:34,0
247.41,137.12,5,0,0,UPI,2026-03-24,06:35,0
196.54,221.03,6,0,0,Card,2026-03-24,06:37,0
153.41,100.0,4,0,0,Bank Transfer,2026-03-24,06:46,0
632.58,654.14,4,0,1,Card,2026-03-24,06:50,0
359.66,130.54,7,0,0,UPI,2026-03-24,06:51,0
422.67,340.23,4,0,0,Bank Transfer,2026-03-24,06:53,0
1192.07,1152.66,4,0,0,Online,2026-03-24,07:28,0
1251.71,1330.69,6,0,0,Online,2026-03-24,08:04,0
99.55,106.02,2,0,0,Online,2026-03-24,08:10,0
699.71,422.65,5,1,0,Online,2026-03-24,08:47,0
488.72,525.47,4,0,0,Card,2026-03-24,08:50,0
272.5,170.34,6,0,0,Online,2026-03-24,09:10,0
533.01,292.46,5,0,0,Online,2026-03-24,09:18,0
93.0,100.0,3,0,0,Online,2026-03-24,10:03,0
1398.63,769.75,2,0,1,Card,2026-03-24,10:05,0
624.97,281.66,3,0,0,UPI,2026-03-24,10:28,0
193.37,178.61,3,0,0,UPI,2026-03-24,10:55,0
245.28,116.03,2,0,0,UPI,2026-03-24,11:11,0
94.85,100.0,3,0,0,Card,2026-03-24,11:48,0
308.94,141.34,3,0,1,Card,2026-03-24,12:09,0
267.65,253.93,4,0,0,Online,2026-03-24,12:20,0
130.8,100.0,2,0,0,Card,2026-03-24,12:26,0
780.7,478.1,4,0,0,Bank Transfer,2026-03-24,12:30,0
1194.25,1068.05,3,0,0,Bank Transfer,2026-03-24,12:32,0
394.15,452.53,5,0,1,Online,2026-03-24,14:09,0
311.13,371.13,7,0,0,Bank Transfer,2026-03-24,14:12,0
583.9,381.68,3,0,0,Online,2026-03-24,14:25,0
396.75,458.0,3,0,0,UPI,2026-03-24,14:30,0
160.8,139.97,11,0,0,Online,2026-03-24,14:56,0
231.65,259.56,6,0,1,Online,2026-03-24,15:01,0
313.57,117.17,7,0,1,UPI,2026-03-24,15:30,1
498.18,188.41,4,0,0,UPI,2026-03-24,15:56,0
406.64,168.1,4,0,0,Card,2026-03-24,16:01,0
482.42,498.69,4,0,0,Online,2026-03-24,16:11,0
110.38,100.0,4,0,0,Online,2026-03-24,16:17,0
710.12,355.13,5,0,0,Online,2026-03-24,16:49,0
404.6,342.94,6,0,0,Online,2026-03-24,16:57,0
3532.65,4111.4,7,0,0,Card,2026-03-24,17:03,0
290.18,241.45,4,0,0,UPI,2026-03-24,17:08,0
531.09,516.6,7,0,0,UPI,2026-03-24,17:09,0
4468.63,2277.1,5,0,0,Online,2026-03-24,17:59,0
475.79,536.24,9,1,0,ATM,2026-03-24,18:03,0
380.89,151.4,8,0,0,Bank Transfer,2026-03-24,18:51,0
174.36,102.94,2,0,0,Online,2026-03-24,19:07,0
1478.86,1087.95,5,0,0,UPI,2026-03-24,19:54,0
150.62,100.0,6,0,0,Online,2026-03-24,20:15,0
580.01,530.25,3,0,0,Online,2026-03-24,20:35,0
269.75,250.05,4,0,0,Card,2026-03-24,20:54,0
343.46,182.06,4,0,0,Card,2026-03-24,21:05,0
120.26,100.0,2,0,0,ATM,2026-03-24,21:28,0
1263.52,522.05,2,0,0,UPI,2026-03-24,22:37,0
318.58,111.62,3,0,0,Card,2026-03-24,22:46,0
143.62,160.8,7,0,0,Card,2026-03-24,22:48,0
1170.03,1027.78,6,0,0,Online,2026-03-24,23:51,0
262.82,122.91,5,0,0,ATM,2026-03-25,00:36,0
536.15,229.81,3,0,0,Online,2026-03-25,01:01,0
824.85,861.93,7,0,0,Card,2026-03-25,01:02,0
603.61,627.38,4,0,0,UPI,2026-03-25,01:18,0
62.36,100.0,3,0,0,Bank Transfer,2026-03-25,01:33,0
728.55,353.62,5,0,0,UPI,2026-03-25,01:46,0
370.36,294.04,4,0,0,Bank Transfer,2026-03-25,02:13,0
305.0,138.24,7,0,0,Online,2026-03-25,02:25,0
367.71,377.38,8,0,0,Online,2026-03-25,02:41,0
102.67,100.0,4,0,0,ATM,2026-03-25,03:11,0
475.01,447.2,6,0,0,Card,2026-03-25,03:29,0
126.5,100.0,6,0,0,Online,2026-03-25,03:30,0
316.41,319.97,6,0,0,UPI,2026-03-25,04:15,0
460.74,251.13,7,0,0,UPI,2026-03-25,04:31,0
1005.19,1071.92,5,0,0,ATM,2026-03-25,04:32,0
201.0,102.11,5,0,0,Bank Transfer,2026-03-25,04:33,0
1385.55,1415.45,5,0,0,UPI,2026-03-25,05:21,0
902.19,418.61,5,0,0,UPI,2026-03-25,05:22,1
280.06,255.95,3,0,1,Card,2026-03-25,05:37,0
157.21,159.15,5,0,0,Bank Transfer,2026-03-25,06:03,0
118.24,100.0,6,0,0,ATM,2026-03-25,06:29,0
508.26,283.45,5,0,0,Card,2026-03-25,06:30,0
215.57,138.58,7,0,0,UPI,2026-03-25,06:43,0
1118.18,673.26,5,0,0,Bank Transfer,2026-03-25,07:20,0
226.42,201.09,4,0,0,Online,2026-03-25,07:27,0
187.62,100.0,6,0,1,Card,2026-03-25,08:40,0
492.05,189.55,5,0,0,ATM,2026-03-25,08:55,0
225.17,133.89,6,1,0,UPI,2026-03-25,09:00,0
406.37,237.9,3,0,0,UPI,2026-03-25,09:14,0
932.71,466.83,2,0,0,UPI,2026-03-25,09:31,0
445.7,427.56,7,0,0,Card,2026-03-25,09:36,0
447.12,165.52,4,0,0,UPI,2026-03-25,09:37,0
480.28,545.41,4,0,0,UPI,2026-03-25,09:50,0
95.67,100.0,3,0,0,UPI,2026-03-25,09:53,0
562.88,389.8,5,0,0,Online,2026-03-25,09:55,0
462.17,499.19,7,0,0,ATM,2026-03-25,09:56,0
861.75,754.4,4,0,0,Bank Transfer,2026-03-25,10:23,0
675.15,563.55,4,0,0,Card,2026-03-25,11:39,0
339.8,209.34,3,0,0,Bank Transfer,2026-03-25,12:10,0
970.23,886.44,9,1,0,Bank Transfer,2026-03-25,12:12,0
314.59,147.46,5,0,0,Online,2026-03-25,12:37,0
497.74,396.29,8,0,0,UPI,2026-03-25,13:06,0
309.67,138.95,6,0,0,UPI,2026-03-25,13:30,0
597.34,435.09,6,1,0,UPI,2026-03-25,13:37,0
292.94,255.98,4,0,0,UPI,2026-03-25,14:17,0
1636.67,789.17,5,1,0,Bank Transfer,2026-03-25,14:23,0
2241.18,1207.55,5,0,0,UPI,2026-03-25,15:18,0
847.97,882.97,4,1,0,Online,2026-03-25,15:50,0
1495.33,848.38,3,0,0,UPI,2026-03-25,16:02,0
109.03,100.0,9,0,0,Online,2026-03-25,16:28,0
120.52,100.0,2,0,0,Card,2026-03-25,17:15,0
306.95,351.41,5,0,0,UPI,2026-03-25,17:43,0
417.82,392.63,4,0,0,UPI,2026-03-25,18:01,0
340.88,286.04,4,0,0,Online,2026-03-25,18:01,0
99.9,106.33,6,0,0,Online,2026-03-25,18:12,0
1073.69,978.3,4,1,0,Card,2026-03-25,18:38,0
2517.62,2617.0,5,0,0,Card,2026-03-25,18:42,0
1198.52,1088.95,7,0,0,Online,2026-03-25,19:13,0
1015.05,1100.94,6,0,0,Card,2026-03-25,19:40,0
488.92,430.45,6,0,0,Card,2026-03-25,20:11,0
197.05,113.33,6,0,0,Online,2026-03-25,21:07,0
429.08,165.18,5,0,0,UPI,2026-03-25,21:48,0
2415.71,1061.76,5,0,1,UPI,2026-03-25,22:08,0
299.11,234.97,6,0,0,Online,2026-03-25,22:24,0
274.04,322.28,2,0,0,UPI,2026-03-25,22:56,0
1034.02,1029.41,4,0,0,Card,2026-03-25,22:59,0
1094.04,1104.03,3,0,0,Online,2026-03-25,23:34,0
196.23,179.4,8,0,0,ATM,2026-03-25,23:41,0
323.03,361.13,3,0,0,UPI,2026-03-26,01:08,0
263.32,256.78,6,0,0,UPI,2026-03-26,01:10,0
428.05,243.82,4,0,0,UPI,2026-03-26,01:25,0
1030.84,798.45,6,0,0,Online,2026-03-26,01:26,0
203.69,141.29,4,0,0,UPI,2026-03-26,01:47,0
1018.63,499.72,4,0,0,Card,2026-03-26,02:25,1
439.84,237.08,5,0,0,Card,2026-03-26,02:44,0
2913.95,1726.17,7,0,0,Bank Transfer,2026-03-26,03:35,0
529.01,263.23,5,0,0,Card,2026-03-26,03:39,0
371.53,198.66,6,0,0,UPI,2026-03-26,03:47,1
657.54,742.32,5,0,0,ATM,2026-03-26,03:47,0
302.91,194.39,4,0,0,Card,2026-03-26,04:09,0
87.71,100.0,3,0,0,UPI,2026-03-26,04:28,0
328.84,133.09,6,0,0,Online,2026-03-26,05:03,0
324.46,384.33,5,0,0,Online,2026-03-26,05:21,0
104.22,104.23,5,1,0,Card,2026-03-26,05:59,0
379.15,424.91,7,0,0,UPI,2026-03-26,06:35,0
69.61,100.0,2,0,0,UPI,2026-03-26,06:53,0
300.21,266.99,4,1,0,UPI,2026-03-26,06:59,0
496.24,325.88,7,0,0,Online,2026-03-26,07:19,0
438.1,314.22,6,0,0,Bank Transfer,2026-03-26,07:20,0
284.46,281.08,6,0,0,Bank Transfer,2026-03-26,07:31,0
375.14,147.23,8,0,0,UPI,2026-03-26,07:38,0
207.17,100.0,4,0,0,ATM,2026-03-26,07:53,0
407.16,445.3,3,0,0,Online,2026-03-26,08:09,0
423.85,187.98,9,0,0,Card,2026-03-26,08:21,0
187.69,180.72,4,0,0,Online,2026-03-26,08:28,0
506.51,263.19,4,0,0,Card,2026-03-26,08:31,0
503.83,333.17,8,0,0,Card,2026-03-26,08:41,0
350.28,210.0,9,1,0,ATM,2026-03-26,08:46,0
3158.62,2421.98,1,1,0,Card,2026-03-26,08:46,0
357.95,376.8,4,0,0,Card,2026-03-26,08:56,0
318.19,348.17,7,0,0,Card,2026-03-26,09:01,0
281.73,151.78,6,0,0,ATM,2026-03-26,09:45,0
176.74,112.59,5,0,0,Card,2026-03-26,10:30,0
722.71,767.07,2,0,0,ATM,2026-03-26,11:18,0
225.13,100.0,8,0,0,Bank Transfer,2026-03-26,11:32,0
248.95,111.87,6,0,0,Online,2026-03-26,11:51,0
255.31,193.44,3,0,0,UPI,2026-03-26,12:28,0
174.65,178.43,6,0,0,UPI,2026-03-26,12:39,0
91.07,100.0,2,0,0,UPI,2026-03-26,13:00,0
272.19,111.33,7,0,0,UPI,2026-03-26,13:10,0
847.54,993.9,7,1,0,Card,2026-03-26,13:23,0
476.96,547.59,3,0,0,Online,2026-03-26,13:44,0
1520.04,1374.29,10,0,1,Online,2026-03-26,14:45,0
763.81,710.03,4,0,0,Card,2026-03-26,15:02,0
629.78,720.24,4,0,0,ATM,2026-03-26,15:02,0
1998.7,1793.4,5,0,0,UPI,2026-03-26,15:26,0
371.45,378.94,2,0,0,UPI,2026-03-26,17:17,0
425.65,316.68,4,0,0,Online,2026-03-26,17:44,0
399.52,217.26,5,0,1,Online,2026-03-26,17:45,0
1498.5,1584.89,1,0,0,UPI,2026-03-26,18:14,0
404.29,376.69,6,0,1,UPI,2026-03-26,19:32,0
232.52,138.61,5,0,0,UPI,2026-03-26,19:45,0
664.83,584.9,7,0,0,Card,2026-03-26,19:51,0
201.58,210.45,12,0,0,Card,2026-03-26,19:52,0
634.89,368.1,4,0,0,UPI,2026-03-26,20:07,0
573.5,575.18,6,0,0,Bank Transfer,2026-03-26,20:12,0
343.44,141.32,4,0,1,UPI,2026-03-26,20:36,0
652.58,575.06,4,0,0,UPI,2026-03-26,20:36,0
113.91,136.58,7,0,0,UPI,2026-03-26,20:51,0
463.37,503.41,6,0,0,ATM,2026-03-26,21:22,0
272.23,297.9,4,0,0,UPI,2026-03-26,21:39,0
4595.92,4266.41,5,0,1,Online,2026-03-26,21:50,0
460.56,341.74,4,0,0,UPI,2026-03-26,22:04,0
243.0,224.93,6,1,0,Bank Transfer,2026-03-26,22:09,0
125.02,100.0,5,0,0,ATM,2026-03-26,22:19,0
1223.65,1003.22,4,0,0,Online,2026-03-26,22:24,0
299.61,242.3,4,0,0,UPI,2026-03-26,22:56,0
205.89,167.22,2,0,0,UPI,2026-03-26,23:02,0
536.92,375.95,5,0,0,ATM,2026-03-26,23:07,0
700.83,455.45,4,0,0,ATM,2026-03-26,23:28,0
691.5,436.2,7,0,0,Card,2026-03-26,23:34,0
410.26,221.96,6,0,0,ATM,2026-03-26,23:45,0
461.88,333.83,6,0,0,Card,2026-03-26,23:52,0
491.39,221.17,4,0,0,Card,2026-03-27,00:05,0
536.97,599.44,1,0,0,Online,2026-03-27,00:11,0
578.91,236.91,4,1,1,UPI,2026-03-27,00:34,1
1022.79,1086.0,3,0,0,ATM,2026-03-27,00:41,0
423.25,234.93,5,0,0,Bank Transfer,2026-03-27,01:08,0
201.49,216.64,6,0,1,ATM,2026-03-27,01:41,0
356.86,343.38,6,0,0,Online,2026-03-27,02:33,0
765.64,867.34,4,0,0,Card,2026-03-27,02:34,0
88.36,100.0,8,0,0,UPI,2026-03-27,02:42,0
88.8,100.0,6,0,0,Online,2026-03-27,02:45,0
880.54,421.71,5,0,0,ATM,2026-03-27,02:58,0
1468.66,1199.44,6,0,0,Online,2026-03-27,03:02,0
137.63,100.0,5,0,0,ATM,2026-03-27,03:47,0
439.39,484.61,4,0,0,UPI,2026-03-27,04:17,0
287.26,313.51,4,0,0,Bank Transfer,2026-03-27,04:30,0
323.21,199.4,6,0,1,UPI,2026-03-27,04:41,0
523.06,481.71,7,0,0,UPI,2026-03-27,05:23,0
134.43,100.0,2,0,0,UPI,2026-03-27,05:23,0
157.41,145.84,6,0,0,UPI,2026-03-27,05:55,0
312.29,272.25,3,0,0,Bank Transfer,2026-03-27,05:59,0
356.53,279.63,5,0,1,UPI,2026-03-27,06:42,0
154.92,169.9,2,0,0,Online,2026-03-27,06:46,0
789.34,441.36,4,0,0,Bank Transfer,2026-03-27,07:07,0
282.89,290.77,6,0,0,Online,2026-03-27,07:35,0
281.87,263.86,4,0,0,Online,2026-03-27,07:43,0
512.99,302.19,3,0,0,Card,2026-03-27,08:18,0
361.56,256.14,8,0,0,ATM,2026-03-27,08:29,0
822.09,335.96,4,1,0,Bank Transfer,2026-03-27,08:34,1
182.47,156.55,4,0,0,Online,2026-03-27,09:06,0
123.0,135.88,7,0,1,Online,2026-03-27,10:30,0
310.03,139.56,5,0,0,ATM,2026-03-27,10:31,0
424.62,196.26,5,0,0,Online,2026-03-27,10:45,0
140.52,105.87,6,0,0,Card,2026-03-27,10:51,0
124.02,100.0,4,0,0,Card,2026-03-27,11:01,0
471.04,275.74,5,0,0,Online,2026-03-27,11:25,0
211.85,189.16,5,0,0,Online,2026-03-27,11:42,0
117.37,100.0,6,0,0,Online,2026-03-27,12:06,0
916.48,978.76,5,0,0,Online,2026-03-27,12:17,0
235.8,168.49,4,0,0,Online,2026-03-27,12:31,0
1072.06,935.89,7,0,0,Online,2026-03-27,12:35,0
413.31,284.44,8,0,0,Online,2026-03-27,12:36,0
518.3,294.19,5,1,0,Card,2026-03-27,12:42,0
337.05,253.0,5,0,0,Bank Transfer,2026-03-27,12:45,0
42.23,100.0,7,0,0,UPI,2026-03-27,13:31,0
153.5,178.05,5,0,0,ATM,2026-03-27,13:35,0
362.54,139.88,3,0,0,UPI,2026-03-27,13:48,0
550.06,441.17,7,1,0,UPI,2026-03-27,13:50,0
88.13,100.0,5,0,0,Online,2026-03-27,14:12,0
385.46,163.0,4,0,0,Card,2026-03-27,14:16,0
155.41,163.93,5,0,0,Online,2026-03-27,14:30,0
492.47,287.88,4,0,0,Card,2026-03-27,14:37,0
396.83,434.0,5,0,0,Card,2026-03-27,14:50,0
758.98,622.15,6,1,0,Card,2026-03-27,15:09,0
999.04,478.81,5,0,0,Bank Transfer,2026-03-27,15:12,0
595.94,583.03,4,0,0,UPI,2026-03-27,15:20,0
838.27,405.42,3,0,0,Bank Transfer,2026-03-27,15:59,0
299.53,288.24,8,0,0,Online,2026-03-27,16:19,0
4445.51,4609.85,7,0,0,Card,2026-03-27,16:34,0
143.17,120.14,7,0,0,Online,2026-03-27,16:52,0
257.6,149.52,10,0,0,Online,2026-03-27,17:08,0
867.97,626.44,2,0,0,UPI,2026-03-27,17:28,0
764.95,611.06,8,0,1,UPI,2026-03-27,17:37,0
610.5,559.17,6,0,0,Card,2026-03-27,17:51,0
716.24,636.62,5,1,0,Bank Transfer,2026-03-27,18:08,0
68.65,100.0,6,0,0,Online,2026-03-27,18:17,0
1557.6,1548.95,7,1,0,Bank Transfer,2026-03-27,18:42,0
339.23,341.17,4,0,0,Online,2026-03-27,18:44,0
1163.29,1095.68,4,1,0,Card,2026-03-27,18:55,0
71.63,100.0,8,0,0,Online,2026-03-27,19:19,0
501.74,375.8,6,0,1,UPI,2026-03-27,19:33,0
249.89,179.38,3,0,0,Bank Transfer,2026-03-27,19:42,0
656.09,685.14,4,0,0,Card,2026-03-27,19:54,0
528.22,547.74,3,0,0,ATM,2026-03-27,20:37,0
550.67,598.12,4,0,0,Card,2026-03-27,20:50,0
164.01,100.0,5,0,0,Bank Transfer,2026-03-27,20:52,0
384.36,379.05,7,0,0,Online,2026-03-27,21:43,0
346.15,377.24,7,0,0,UPI,2026-03-27,22:05,0
614.63,302.1,8,0,1,Card,2026-03-27,22:06,0
935.33,359.12,5,0,0,UPI,2026-03-27,22:13,0
458.47,201.58,3,1,0,Card,2026-03-27,22:36,0
136.35,117.98,5,0,0,Online,2026-03-27,22:56,0
442.06,313.15,6,0,0,Bank Transfer,2026-03-27,23:00,0
3712.33,1914.8,8,0,0,Online,2026-03-27,23:07,0
1634.52,1306.08,7,0,0,Online,2026-03-27,23:11,0
32.19,100.0,8,0,0,Online,2026-03-27,23:47,0
425.75,458.72,2,0,1,UPI,2026-03-27,23:49,0
890.96,881.13,5,0,0,Online,2026-03-28,00:00,1
345.51,380.99,9,0,0,ATM,2026-03-28,00:07,0
272.85,235.62,4,0,0,UPI,2026-03-28,00:34,0
321.53,341.3,8,1,0,Card,2026-03-28,00:55,0
645.07,454.52,3,0,0,ATM,2026-03-28,01:40,0
151.99,163.33,7,0,0,UPI,2026-03-28,01:40,0
1108.08,1231.57,2,0,1,Bank Transfer,2026-03-28,02:00,0
384.68,359.08,3,1,0,Online,2026-03-28,02:06,0
182.22,130.54,5,1,0,UPI,2026-03-28,02:20,1
1049.11,618.37,6,0,0,UPI,2026-03-28,02:22,0
108.49,100.0,3,0,0,Online,2026-03-28,02:37,0
251.66,116.39,1,0,0,Card,2026-03-28,02:46,0
248.16,100.0,3,0,1,Bank Transfer,2026-03-28,02:54,1
2495.77,1752.66,5,0,0,UPI,2026-03-28,03:09,0
225.37,100.0,7,0,0,UPI,2026-03-28,03:57,0
64.6,100.0,6,0,0,UPI,2026-03-28,03:58,1
246.03,222.03,4,0,0,Online,2026-03-28,04:32,0
594.2,634.08,2,0,0,ATM,2026-03-28,04:54,0
785.62,571.74,10,1,0,Bank Transfer,2026-03-28,05:22,0
2793.52,1509.51,3,0,0,Card,2026-03-28,06:18,0
1333.9,795.99,3,0,0,Online,2026-03-28,06:30,0
473.3,509.52,4,1,0,Card,2026-03-28,07:22,0
189.1,100.0,6,0,0,UPI,2026-03-28,07:27,1
1604.27,1513.67,5,0,0,Bank Transfer,2026-03-28,07:50,0
294.92,159.8,3,1,0,Card,2026-03-28,07:55,0
230.57,149.92,4,0,0,Card,2026-03-28,08:52,0
283.01,100.0,4,0,0,Bank Transfer,2026-03-28,08:59,0
139.15,105.37,4,0,0,UPI,2026-03-28,09:14,0
271.71,124.74,3,0,0,ATM,2026-03-28,09:30,0
330.91,357.62,8,0,0,UPI,2026-03-28,09:31,0
750.74,325.12,4,0,0,Online,2026-03-28,09:38,0
290.07,163.26,5,0,0,Card,2026-03-28,10:00,0
137.37,100.0,10,0,0,UPI,2026-03-28,10:07,0
103.21,123.23,7,0,0,Card,2026-03-28,10:07,0
482.09,431.58,6,0,0,Online,2026-03-28,10:30,0
429.12,384.94,4,0,0,Online,2026-03-28,10:54,0
251.85,199.22,4,0,1,ATM,2026-03-28,11:20,0
271.15,294.97,5,0,0,Online,2026-03-28,11:20,0
561.28,265.24,5,0,0,Online,2026-03-28,11:27,0
1315.49,1346.96,4,0,0,Online,2026-03-28,11:37,0
207.86,215.36,10,0,0,Online,2026-03-28,11:43,0
435.1,165.65,5,0,0,UPI,2026-03-28,11:48,0
910.99,421.58,9,0,0,UPI,2026-03-28,11:55,0
208.58,170.01,9,0,0,ATM,2026-03-28,12:08,0
398.1,169.86,6,0,0,Card,2026-03-28,12:24,0
390.61,230.46,4,0,0,UPI,2026-03-28,12:49,0
132.34,100.0,1,0,0,Online,2026-03-28,12:51,0
465.55,225.16,5,0,0,Card,2026-03-28,13:01,0
414.39,393.06,3,0,0,UPI,2026-03-28,13:01,0
646.66,498.45,6,0,0,Card,2026-03-28,13:07,0
147.1,131.49,5,0,0,Card,2026-03-28,13:20,0
406.86,306.43,5,0,0,Online,2026-03-28,13:31,0
1305.67,914.77,6,0,0,Card,2026-03-28,13:50,0
2358.72,1812.75,5,0,0,Bank Transfer,2026-03-28,14:49,0
1197.64,1334.88,7,0,0,UPI,2026-03-28,15:36,0
148.34,101.85,3,0,0,Online,2026-03-28,15:52,0
591.93,530.33,3,1,0,UPI,2026-03-28,16:37,0
267.56,283.31,4,0,0,Bank Transfer,2026-03-28,17:03,0
513.53,450.84,6,0,0,Card,2026-03-28,17:20,0
209.27,113.46,3,0,0,UPI,2026-03-28,17:35,0
94.02,100.0,5,0,0,UPI,2026-03-28,17:40,0
301.02,256.54,6,0,0,Online,2026-03-28,17:58,0
745.62,721.97,6,0,0,ATM,2026-03-28,18:17,0
515.33,517.09,5,0,0,Card,2026-03-28,18:23,0
568.22,533.97,3,0,0,Card,2026-03-28,18:23,0
484.88,171.13,5,0,0,Online,2026-03-28,18:25,0
568.98,573.4,4,0,0,Bank Transfer,2026-03-28,19:00,0
632.76,546.66,7,0,0,Card,2026-03-28,19:13,0
319.42,380.1,5,0,0,Online,2026-03-28,19:55,0
432.88,432.83,4,0,0,ATM,2026-03-28,20:36,0
1775.38,1270.6,2,0,0,ATM,2026-03-28,21:35,0
455.2,420.93,8,0,0,Bank Transfer,2026-03-28,22:07,0
418.29,365.4,7,0,0,Card,2026-03-28,22:15,0
440.3,280.37,2,0,1,UPI,2026-03-28,22:26,0
335.22,269.35,7,1,0,Online,2026-03-28,22:32,0
278.65,145.93,2,0,0,UPI,2026-03-28,22:37,0
481.73,204.57,9,0,0,UPI,2026-03-28,22:45,0
262.47,255.4,2,0,0,Online,2026-03-28,23:00,0
356.49,241.17,4,0,0,UPI,2026-03-28,23:14,1
206.04,204.46,6,0,0,Bank Transfer,2026-03-28,23:15,0
442.22,338.34,5,1,0,Online,2026-03-28,23:36,0
662.86,688.26,4,0,0,ATM,2026-03-28,23:53,0
336.93,329.74,4,0,0,Online,2026-03-28,23:56,0
73.18,100.0,2,0,0,UPI,2026-03-29,00:05,0
666.35,476.4,5,0,0,UPI,2026-03-29,00:40,0
446.82,521.44,2,0,0,Online,2026-03-29,00:50,1
173.43,120.44,5,0,0,Bank Transfer,2026-03-29,01:14,0
778.43,797.25,4,0,0,Card,2026-03-29,01:23,0
122.9,100.0,4,0,0,Online,2026-03-29,01:44,0
981.02,539.39,8,0,0,Bank Transfer,2026-03-29,02:02,0
384.23,339.88,3,0,0,Online,2026-03-29,02:28,0
58.64,100.0,4,0,0,Bank Transfer,2026-03-29,03:02,1
469.46,269.68,2,0,0,Card,2026-03-29,03:34,1
285.64,192.85,6,0,0,Bank Transfer,2026-03-29,03:56,0
251.31,122.12,6,0,0,Online,2026-03-29,04:09,0
215.49,256.22,9,0,0,Online,2026-03-29,04:10,0
362.08,324.68,7,0,0,ATM,2026-03-29,04:14,0
267.09,132.88,4,0,0,Card,2026-03-29,04:26,0
83.25,100.0,3,0,0,ATM,2026-03-29,04:28,0
1189.46,1024.84,8,0,0,UPI,2026-03-29,04:51,0
327.76,316.02,4,0,0,UPI,2026-03-29,04:57,0
216.56,183.38,6,0,0,Bank Transfer,2026-03-29,05:11,0
154.6,100.0,5,0,0,Bank Transfer,2026-03-29,05:23,1
776.75,406.05,2,0,0,UPI,2026-03-29,05:41,0
133.8,134.26,6,0,0,UPI,2026-03-29,06:09,0
452.09,448.11,5,0,1,Bank Transfer,2026-03-29,06:25,0
245.65,243.39,5,0,0,Card,2026-03-29,06:40,0
258.11,100.0,5,0,0,ATM,2026-03-29,07:09,0
157.9,163.33,5,1,0,Online,2026-03-29,07:30,0
238.11,172.21,4,0,0,UPI,2026-03-29,08:14,0
406.46,381.92,4,0,0,Bank Transfer,2026-03-29,08:28,0
492.76,286.42,3,0,0,Bank Transfer,2026-03-29,08:51,0
206.9,207.75,8,0,0,Online,2026-03-29,09:18,0
373.42,442.48,1,0,0,Online,2026-03-29,09:31,0
858.5,485.49,5,0,0,Online,2026-03-29,10:34,0
98.18,100.0,5,0,0,Online,2026-03-29,10:48,0
401.28,346.79,5,1,0,Online,2026-03-29,11:01,0
179.8,104.67,4,0,0,ATM,2026-03-29,11:02,0
164.88,100.0,5,0,0,Card,2026-03-29,11:03,0
503.64,489.48,2,0,1,Online,2026-03-29,11:09,0
253.8,150.17,3,0,0,UPI,2026-03-29,11:11,0
143.41,100.0,6,0,0,Card,2026-03-29,11:12,0
1243.44,1358.92,8,1,0,Card,2026-03-29,11:51,0
881.9,750.15,3,0,1,Bank Transfer,2026-03-29,11:59,0
78.06,100.0,5,0,0,Online,2026-03-29,12:00,0
115.21,100.0,4,1,0,ATM,2026-03-29,12:23,0
668.1,527.12,8,0,0,Card,2026-03-29,13:59,0
316.67,318.09,1,0,0,UPI,2026-03-29,14:34,0
1444.46,545.04,2,0,0,Bank Transfer,2026-03-29,14:44,0
681.22,419.02,4,0,0,Online,2026-03-29,14:47,0
520.37,459.67,6,0,0,UPI,2026-03-29,14:48,0
169.26,195.05,6,0,0,UPI,2026-03-29,15:08,0
612.61,419.39,5,0,0,Card,2026-03-29,15:30,0
136.4,160.82,5,0,1,UPI,2026-03-29,15:31,0
1223.48,1213.68,3,0,0,Card,2026-03-29,16:38,0
577.56,440.2,4,0,0,UPI,2026-03-29,16:40,0
200.12,143.04,4,0,0,Card,2026-03-29,16:54,0
799.49,367.79,5,0,0,Card,2026-03-29,17:11,0
2711.61,2367.0,5,0,0,ATM,2026-03-29,17:16,0
335.3,132.28,6,1,0,Online,2026-03-29,17:17,0
644.1,460.35,2,0,0,Online,2026-03-29,17:20,0
279.48,154.29,7,1,0,UPI,2026-03-29,18:16,0
433.79,504.42,7,0,0,Card,2026-03-29,18:36,0
112.04,100.0,2,1,0,Online,2026-03-29,18:43,0
403.25,308.83,3,0,0,Online,2026-03-29,18:48,0
418.65,280.15,7,0,0,Card,2026-03-29,18:53,0
1861.52,868.64,8,0,0,Card,2026-03-29,19:01,0
87.73,100.0,6,0,0,Online,2026-03-29,19:20,0
317.74,321.61,10,0,0,Card,2026-03-29,19:45,0
1205.8,1058.71,3,0,0,Card,2026-03-29,19:58,0
328.49,237.1,6,0,0,ATM,2026-03-29,20:06,0
348.75,365.31,7,0,0,Card,2026-03-29,20:09,0
198.69,100.0,8,0,0,UPI,2026-03-29,21:18,0
182.6,192.2,6,0,0,Online,2026-03-29,21:42,0
85.46,100.0,8,0,0,ATM,2026-03-29,21:43,0
236.32,257.52,2,0,0,UPI,2026-03-29,21:56,0
174.0,201.04,11,0,0,Bank Transfer,2026-03-29,22:14,0
446.01,466.65,5,0,0,Card,2026-03-29,22:29,0
206.54,100.0,6,0,0,Online,2026-03-29,22:29,0
268.36,213.96,6,0,0,UPI,2026-03-29,22:29,0
274.69,289.65,4,0,1,UPI,2026-03-29,22:46,0
387.25,314.93,9,0,0,Bank Transfer,2026-03-29,22:52,0
257.43,168.86,4,0,0,Online,2026-03-29,22:52,0
163.61,122.72,6,0,0,ATM,2026-03-29,23:02,0
433.94,181.64,3,0,0,UPI,2026-03-29,23:08,0
999.61,771.56,7,0,0,Online,2026-03-29,23:36,0
449.98,168.14,2,0,0,UPI,2026-03-30,00:00,0
240.24,215.62,4,0,0,Online,2026-03-30,00:09,0
363.34,247.75,2,0,0,UPI,2026-03-30,00:15,0
70.6,100.0,2,0,1,Bank Transfer,2026-03-30,00:22,0
358.35,130.72,2,0,0,UPI,2026-03-30,00:32,0
287.06,325.47,7,0,0,UPI,2026-03-30,00:50,0
182.47,150.15,6,0,0,Card,2026-03-30,00:51,0
212.88,191.57,7,0,0,UPI,2026-03-30,00:56,0
284.66,288.21,4,0,0,Online,2026-03-30,00:57,0
937.85,827.75,3,0,0,Card,2026-03-30,01:38,0
1020.71,715.66,2,0,0,Online,2026-03-30,01:56,0
183.29,161.93,5,0,0,Bank Transfer,2026-03-30,02:21,0
259.73,146.65,6,0,0,Card,2026-03-30,02:40,0
265.42,219.54,4,0,0,UPI,2026-03-30,02:40,0
802.81,421.27,3,0,0,UPI,2026-03-30,03:03,0
456.54,515.81,3,0,0,UPI,2026-03-30,03:20,0
436.54,341.87,9,0,0,Online,2026-03-30,04:05,0
636.4,349.23,5,0,0,Online,2026-03-30,06:04,0
243.0,217.16,5,0,0,UPI,2026-03-30,06:04,0
1286.02,548.83,11,0,0,ATM,2026-03-30,06:21,0
402.83,289.6,3,0,0,UPI,2026-03-30,06:26,0
194.9,211.67,6,0,0,Card,2026-03-30,06:43,0
331.89,332.78,3,0,0,ATM,2026-03-30,06:44,0
1149.57,1089.7,7,0,0,UPI,2026-03-30,08:10,0
281.08,210.81,5,0,1,UPI,2026-03-30,08:13,0
904.27,659.98,7,0,0,Card,2026-03-30,08:13,0
237.09,100.0,5,1,0,UPI,2026-03-30,08:23,0
210.44,180.98,4,0,0,Online,2026-03-30,08:25,0
706.74,593.98,6,0,1,Bank Transfer,2026-03-30,09:01,0
191.93,100.0,7,0,0,Online,2026-03-30,09:10,0
811.72,378.66,6,0,0,UPI,2026-03-30,09:14,0
543.96,196.14,6,0,0,UPI,2026-03-30,09:23,0
191.99,108.51,5,0,0,UPI,2026-03-30,09:27,0
379.66,134.12,4,0,0,ATM,2026-03-30,09:46,0
253.04,178.33,6,0,0,ATM,2026-03-30,10:08,0
542.74,409.73,8,0,0,Card,2026-03-30,10:12,0
2007.47,1448.43,4,1,0,Bank Transfer,2026-03-30,10:19,1
294.39,152.93,6,0,0,UPI,2026-03-30,10:44,0
635.05,504.88,5,0,0,UPI,2026-03-30,10:58,0
411.9,429.19,6,0,0,Online,2026-03-30,11:19,0
411.76,246.04,6,0,0,Online,2026-03-30,11:20,0
350.58,215.85,8,0,0,Online,2026-03-30,11:28,0
194.65,157.94,4,0,0,UPI,2026-03-30,12:42,0
536.39,294.31,8,0,0,ATM,2026-03-30,12:56,0
315.63,201.09,3,0,0,Online,2026-03-30,13:00,0
186.96,137.34,3,0,0,Bank Transfer,2026-03-30,13:00,0
955.32,648.05,5,0,0,Online,2026-03-30,13:03,0
438.85,458.82,5,0,0,Bank Transfer,2026-03-30,13:06,0
332.33,356.14,5,0,1,Online,2026-03-30,13:29,0
1260.23,872.64,8,0,1,UPI,2026-03-30,13:29,0
84.72,100.0,6,0,0,Online,2026-03-30,13:45,0
1190.23,1384.66,5,0,0,ATM,2026-03-30,14:01,0
190.92,148.46,4,0,0,Card,2026-03-30,14:10,0
482.9,576.62,5,0,0,UPI,2026-03-30,15:58,0
244.73,244.33,6,0,0,Card,2026-03-30,16:22,0
184.09,105.78,3,0,0,Card,2026-03-30,16:41,0
1232.5,671.38,7,0,0,Card,2026-03-30,16:43,0
1954.29,948.23,1,0,0,Card,2026-03-30,17:41,0
334.27,346.05,4,0,0,Online,2026-03-30,18:11,0
536.55,327.74,7,0,0,Card,2026-03-30,18:19,0
423.45,391.45,4,0,1,Online,2026-03-30,18:27,1
1756.24,1421.0,8,0,0,UPI,2026-03-30,18:42,0
66.94,100.0,5,0,0,Bank Transfer,2026-03-30,19:19,0
555.88,549.32,5,0,0,Card,2026-03-30,19:24,0
217.44,100.0,5,0,0,UPI,2026-03-30,19:55,0
54.46,100.0,5,0,0,Online,2026-03-30,19:59,0
296.95,235.21,3,0,0,UPI,2026-03-30,20:09,0
1940.77,2005.0,7,0,0,Online,2026-03-30,20:47,0
230.99,221.04,8,0,1,UPI,2026-03-30,20:53,0
790.09,645.5,9,0,0,UPI,2026-03-30,20:58,0
1117.52,1159.01,7,0,0,Online,2026-03-30,21:02,0
399.1,287.23,4,0,0,Bank Transfer,2026-03-30,21:10,0
446.92,177.57,3,0,0,Online,2026-03-30,21:50,0
93.8,102.24,4,0,0,Online,2026-03-30,21:51,0
219.48,175.06,6,1,1,Online,2026-03-30,22:01,0
872.15,904.54,7,0,0,Bank Transfer,2026-03-30,22:05,0
424.78,290.24,7,0,0,Online,2026-03-30,22:29,0
551.28,468.74,7,0,0,Bank Transfer,2026-03-30,22:47,0
451.77,285.26,3,0,0,Online,2026-03-30,23:05,0
2599.84,1815.05,6,0,0,UPI,2026-03-30,23:06,0
279.8,132.98,2,0,0,UPI,2026-03-30,23:22,0
1579.08,1548.07,3,0,1,Bank Transfer,2026-03-30,23:54,0
451.91,265.83,7,0,0,ATM,2026-03-31,00:02,0
1702.87,1032.74,4,0,0,Bank Transfer,2026-03-31,00:06,0
142.42,100.0,5,0,1,Online,2026-03-31,01:16,0
471.99,338.56,4,0,0,Online,2026-03-31,01:26,0
288.69,242.43,2,0,1,ATM,2026-03-31,01:32,0
454.21,422.59,9,0,0,Online,2026-03-31,01:36,0
1140.27,1053.99,6,0,0,Online,2026-03-31,01:48,0
556.68,395.31,5,0,1,ATM,2026-03-31,01:55,0
1138.34,864.69,1,0,0,Bank Transfer,2026-03-31,02:02,0
228.22,107.1,5,0,0,Online,2026-03-31,02:02,0
200.46,159.02,3,0,0,Card,2026-03-31,02:33,0
408.99,448.05,3,0,0,Online,2026-03-31,03:32,0
390.39,289.43,6,0,0,Bank Transfer,2026-03-31,03:39,0
344.47,395.22,6,0,0,UPI,2026-03-31,03:42,0
178.6,100.0,3,0,0,UPI,2026-03-31,03:48,0
1117.51,1091.1,3,0,0,Bank Transfer,2026-03-31,03:49,0
296.36,282.08,7,0,0,Online,2026-03-31,04:37,0
1355.83,1259.97,4,0,0,Online,2026-03-31,05:07,0
407.82,372.52,4,0,0,ATM,2026-03-31,05:19,0
700.06,258.3,7,0,0,UPI,2026-03-31,05:25,0
648.11,635.66,4,0,0,Card,2026-03-31,05:28,0
200.21,155.11,3,0,0,Bank Transfer,2026-03-31,06:32,0
551.21,438.52,3,1,0,Online,2026-03-31,07:15,0
2077.84,817.09,6,1,0,Online,2026-03-31,07:44,0
499.63,254.87,4,0,0,UPI,2026-03-31,08:22,0
867.91,975.84,3,0,0,Bank Transfer,2026-03-31,08:39,0
727.26,449.59,6,0,0,ATM,2026-03-31,08:47,0
523.74,358.66,5,0,1,Card,2026-03-31,08:51,0
472.72,241.48,7,0,0,Card,2026-03-31,09:04,0
642.4,570.05,3,0,0,ATM,2026-03-31,09:08,0
771.85,756.1,2,0,0,UPI,2026-03-31,09:16,0
127.82,144.83,9,0,0,Online,2026-03-31,09:26,0
497.8,412.06,4,0,0,ATM,2026-03-31,10:52,0
345.0,201.58,2,0,0,UPI,2026-03-31,10:52,0
289.22,118.67,5,0,1,Online,2026-03-31,10:55,0
1213.87,699.42,7,0,1,ATM,2026-03-31,11:22,1
216.33,189.42,7,0,1,UPI,2026-03-31,11:32,0
123.28,145.22,7,0,0,UPI,2026-03-31,11:39,0
793.42,331.11,6,0,0,UPI,2026-03-31,11:57,0
120.62,100.0,5,0,0,ATM,2026-03-31,12:12,0
78.35,100.0,2,0,0,Bank Transfer,2026-03-31,12:34,0
873.08,731.98,7,0,0,UPI,2026-03-31,12:43,0
461.7,417.35,6,0,0,Online,2026-03-31,13:28,0
602.94,448.42,3,0,0,UPI,2026-03-31,13:55,0
276.98,159.81,5,0,0,ATM,2026-03-31,14:09,0
124.37,100.0,5,0,0,Online,2026-03-31,14:20,0
147.24,100.0,6,0,0,Online,2026-03-31,14:34,0
320.1,305.03,5,1,0,UPI,2026-03-31,14:45,0
136.79,100.0,2,1,0,ATM,2026-03-31,15:04,0
523.74,404.18,3,0,0,UPI,2026-03-31,15:33,0
272.3,317.29,9,0,0,UPI,2026-03-31,15:42,0
472.14,378.67,8,0,0,Bank Transfer,2026-03-31,16:50,0
460.3,253.91,3,0,0,Card,2026-03-31,16:52,0
560.47,642.01,6,0,0,UPI,2026-03-31,17:23,0
616.81,343.89,3,1,0,UPI,2026-03-31,17:25,0
301.17,297.71,4,0,0,Online,2026-03-31,17:44,0
471.71,209.02,4,0,0,Online,2026-03-31,17:54,0
493.05,529.67,6,0,0,Card,2026-03-31,17:56,0
51.18,100.0,8,0,0,UPI,2026-03-31,17:58,0
698.93,478.8,3,0,0,UPI,2026-03-31,18:23,0
458.27,536.53,2,0,0,Card,2026-03-31,18:34,0
651.61,548.97,8,0,0,UPI,2026-03-31,19:08,0
135.12,100.0,9,0,0,ATM,2026-03-31,19:11,0
308.46,108.13,10,0,0,Card,2026-03-31,19:24,0
159.52,100.0,6,0,0,Bank Transfer,2026-03-31,20:00,0
759.69,443.2,5,0,0,UPI,2026-03-31,20:04,0
122.2,100.0,6,0,0,ATM,2026-03-31,20:07,0
183.21,139.64,5,0,0,Card,2026-03-31,20:17,0
635.34,720.23,5,0,0,UPI,2026-03-31,20:27,0
236.28,236.16,3,0,0,Online,2026-03-31,20:31,0
183.25,208.18,5,0,0,UPI,2026-03-31,20:32,0
871.93,684.48,4,0,0,Online,2026-03-31,20:34,0
902.85,658.78,3,0,1,ATM,2026-03-31,20:54,0
745.28,619.46,4,1,0,ATM,2026-03-31,21:03,0
829.98,553.04,2,0,1,Card,2026-03-31,21:09,0
331.34,175.34,6,0,0,UPI,2026-03-31,21:14,0
339.03,359.77,3,0,0,Bank Transfer,2026-03-31,21:19,0
232.56,215.92,5,0,1,UPI,2026-03-31,21:31,0
465.25,291.62,5,0,0,Card,2026-03-31,21:40,0
257.57,187.85,6,0,1,Card,2026-03-31,21:46,0
279.19,151.22,5,0,0,Online,2026-03-31,21:51,0
671.77,556.5,3,0,1,UPI,2026-03-31,21:59,0
1104.18,722.8,5,0,0,UPI,2026-03-31,22:00,0
565.96,619.29,3,0,0,UPI,2026-03-31,22:00,0
1854.13,1481.65,5,0,0,UPI,2026-03-31,22:06,0
221.48,155.03,5,0,0,Bank Transfer,2026-03-31,22:38,0
84.58,100.0,4,0,0,Bank Transfer,2026-03-31,23:12,0
740.58,828.96,6,0,0,Online,2026-03-31,23:31,0
209.34,218.72,3,0,1,UPI,2026-03-31,23:33,0
319.69,246.38,3,0,0,Online,2026-03-31,23:35,0
89.63,100.0,6,0,1,Online,2026-03-31,23:35,1
187.86,171.48,9,0,0,Card,2026-03-31,23:36,0
112.52,117.51,6,0,0,Card,2026-03-31,23:45,0
278.9,329.61,4,0,0,Card,2026-04-01,00:19,0
288.48,213.09,3,0,0,Card,2026-04-01,00:34,0
435.49,399.78,7,0,0,ATM,2026-04-01,00:34,1
1157.21,693.33,3,0,0,Online,2026-04-01,00:40,0
717.21,304.34,5,0,0,Online,2026-04-01,01:00,0
101.61,100.0,6,0,0,Online,2026-04-01,01:08,0
676.42,245.08,4,0,1,Online,2026-04-01,01:49,0
443.63,347.37,5,0,0,Card,2026-04-01,02:07,0
371.24,247.68,4,0,0,Card,2026-04-01,02:38,0
395.72,366.65,4,0,0,UPI,2026-04-01,02:46,1
480.04,419.08,7,0,0,Online,2026-04-01,02:57,0
224.06,110.39,4,0,0,Online,2026-04-01,03:12,0
345.5,318.81,6,0,0,UPI,2026-04-01,03:23,0
1103.62,562.06,5,0,0,Online,2026-04-01,03:26,0
221.78,100.0,5,0,0,UPI,2026-04-01,04:43,0
168.11,197.47,6,1,0,Card,2026-04-01,04:59,0
382.81,142.77,4,0,0,Card,2026-04-01,05:36,0
154.32,100.0,3,1,0,UPI,2026-04-01,05:37,1
93.28,100.0,3,0,1,ATM,2026-04-01,05:37,0
301.03,200.13,7,1,1,Card,2026-04-01,06:06,0
1382.06,931.55,9,1,0,Online,2026-04-01,06:37,1
390.41,376.48,5,0,0,UPI,2026-04-01,07:08,0
469.56,404.68,4,1,0,UPI,2026-04-01,07:20,1
65.98,100.0,6,0,0,Online,2026-04-01,07:36,0
585.47,645.98,7,0,0,Online,2026-04-01,07:50,0
436.75,193.0,5,0,0,UPI,2026-04-01,07:54,0
229.25,171.78,8,0,0,Card,2026-04-01,08:09,0
470.15,260.09,4,0,0,ATM,2026-04-01,08:13,0
466.19,177.75,3,0,0,ATM,2026-04-01,08:57,0
163.93,193.79,4,0,0,Card,2026-04-01,09:21,0
534.9,520.95,7,0,1,Online,2026-04-01,09:45,0
1116.07,595.71,2,0,0,UPI,2026-04-01,10:11,0
332.37,230.02,6,0,0,UPI,2026-04-01,10:33,0
192.97,104.61,2,0,0,Online,2026-04-01,10:58,0
346.91,323.36,4,0,0,UPI,2026-04-01,11:18,0
834.16,540.43,6,0,0,Online,2026-04-01,11:19,0
142.26,161.02,4,0,0,Card,2026-04-01,11:24,0
659.69,347.28,8,0,0,Online,2026-04-01,11:24,0
226.71,146.76,5,1,0,Card,2026-04-01,11:31,0
495.59,565.99,5,0,0,Online,2026-04-01,11:45,0
249.71,275.18,3,0,0,UPI,2026-04-01,11:54,0
249.15,149.29,5,0,0,UPI,2026-04-01,12:06,0
1472.37,1119.9,2,0,0,Bank Transfer,2026-04-01,12:09,0
121.79,134.11,3,0,0,Online,2026-04-01,12:16,0
609.45,560.72,6,0,0,Card,2026-04-01,12:35,0
1757.46,1567.11,4,0,1,Bank Transfer,2026-04-01,12:40,0
722.48,658.52,6,0,0,Card,2026-04-01,12:41,0
130.13,147.42,4,0,0,ATM,2026-04-01,12:46,0
135.73,107.17,7,0,0,UPI,2026-04-01,12:48,0
212.96,107.44,6,0,1,UPI,2026-04-01,13:17,0
461.38,346.87,5,0,1,Online,2026-04-01,13:22,0
488.85,473.96,8,0,0,Card,2026-04-01,13:47,0
136.87,105.16,5,0,0,UPI,2026-04-01,14:07,0
192.13,118.4,5,0,0,ATM,2026-04-01,14:20,0
202.4,185.47,6,0,0,Bank Transfer,2026-04-01,14:37,0
345.97,253.49,7,0,0,UPI,2026-04-01,14:39,0
2179.81,2546.88,3,0,0,Card,2026-04-01,14:39,0
182.51,118.51,2,0,0,UPI,2026-04-01,15:42,0
175.84,168.78,3,0,1,UPI,2026-04-01,16:40,1
153.98,126.54,6,0,0,Card,2026-04-01,17:19,0
692.43,288.0,4,0,1,UPI,2026-04-01,17:24,0
389.5,291.85,2,0,0,UPI,2026-04-01,17:47,0
188.33,100.0,5,0,0,Online,2026-04-01,17:51,1
296.37,302.7,6,0,0,ATM,2026-04-01,17:51,0
205.86,200.58,4,0,1,Online,2026-04-01,18:05,0
518.79,203.85,7,0,0,UPI,2026-04-01,18:10,0
3950.98,3060.99,3,0,1,UPI,2026-04-01,18:11,0
644.35,752.15,4,0,0,UPI,2026-04-01,18:39,0
372.77,220.66,3,0,0,ATM,2026-04-01,18:57,0
229.24,256.44,3,0,0,Bank Transfer,2026-04-01,19:04,0
128.78,100.0,8,0,1,UPI,2026-04-01,19:05,1
752.68,267.66,4,1,1,Card,2026-04-01,19:10,0
718.71,575.64,2,0,0,Card,2026-04-01,19:45,0
271.46,150.21,8,0,0,Online,2026-04-01,19:51,0
1131.54,1241.68,5,0,0,UPI,2026-04-01,20:24,0
410.73,379.04,3,0,0,Online,2026-04-01,20:46,0
779.42,727.86,4,1,0,Online,2026-04-01,21:18,0
518.93,478.6,6,0,0,UPI,2026-04-01,21:33,0
347.04,321.74,7,0,0,Card,2026-04-01,21:54,0
179.17,176.49,9,0,0,Online,2026-04-01,22:02,0
356.49,327.75,2,1,0,UPI,2026-04-01,22:09,0
825.3,874.1,5,0,0,Card,2026-04-01,22:10,0
261.93,215.94,9,1,1,Bank Transfer,2026-04-01,22:14,0
586.27,379.95,7,0,0,Card,2026-04-01,23:28,0
160.72,120.03,6,0,0,Card,2026-04-02,00:06,0
782.93,567.0,5,0,0,Online,2026-04-02,00:06,0
526.37,333.0,5,0,0,ATM,2026-04-02,00:21,0
145.21,102.11,5,0,0,Bank Transfer,2026-04-02,00:28,0
333.48,225.85,6,0,0,Online,2026-04-02,00:57,0
890.45,395.78,6,0,0,Online,2026-04-02,01:41,0
138.35,146.1,9,0,0,UPI,2026-04-02,01:55,0
162.34,161.2,7,0,0,Card,2026-04-02,02:03,0
380.29,242.21,8,0,1,Card,2026-04-02,02:29,1
2473.36,2852.68,9,0,0,Online,2026-04-02,02:32,0
227.76,263.51,6,0,0,UPI,2026-04-02,02:37,0
614.61,662.68,5,0,0,UPI,2026-04-02,03:04,0
503.26,188.71,6,0,0,Online,2026-04-02,03:07,0
244.42,162.67,3,1,0,Card,2026-04-02,03:09,0
462.65,341.77,2,0,0,Online,2026-04-02,03:43,0
275.71,264.93,4,0,0,UPI,2026-04-02,03:43,0
297.63,264.77,2,0,0,UPI,2026-04-02,03:45,0
98.29,100.0,6,0,0,UPI,2026-04-02,03:47,0
395.14,395.98,4,1,0,Online,2026-04-02,03:51,0
866.3,1001.59,5,0,0,Online,2026-04-02,04:09,0
423.61,346.84,5,0,0,Card,2026-04-02,04:45,1
1019.36,1140.09,6,0,0,ATM,2026-04-02,04:55,0
660.69,688.83,3,0,0,Online,2026-04-02,04:58,0
383.52,244.39,4,0,0,Card,2026-04-02,05:04,0
236.57,246.42,3,0,0,Card,2026-04-02,06:09,0
266.85,120.01,8,0,0,Bank Transfer,2026-04-02,06:31,0
115.59,100.0,3,0,0,Online,2026-04-02,06:33,0
321.5,383.71,5,0,0,Bank Transfer,2026-04-02,07:13,0
456.73,326.28,2,0,0,Card,2026-04-02,07:46,0
1733.86,1285.7,1,0,0,Card,2026-04-02,08:02,0
632.12,732.23,2,0,0,Card,2026-04-02,08:06,0
193.42,127.19,2,0,0,Bank Transfer,2026-04-02,08:08,0
118.69,100.0,8,0,0,Card,2026-04-02,08:17,0
338.47,140.85,4,0,0,Bank Transfer,2026-04-02,08:29,0
804.32,638.81,3,0,0,Online,2026-04-02,08:32,0
334.45,173.82,6,0,0,UPI,2026-04-02,08:54,0
639.5,259.05,6,0,0,ATM,2026-04-02,08:54,0
345.86,360.08,5,0,0,UPI,2026-04-02,08:57,0
742.08,466.99,6,0,0,ATM,2026-04-02,09:03,0
103.79,100.0,1,0,0,ATM,2026-04-02,09:06,0
1577.43,692.41,3,0,0,Online,2026-04-02,09:15,0
156.71,122.19,5,1,0,Online,2026-04-02,09:17,0
792.09,702.63,4,0,0,UPI,2026-04-02,09:32,0
320.1,234.44,8,1,1,UPI,2026-04-02,09:52,0
365.6,232.84,5,0,0,Online,2026-04-02,10:02,0
328.67,201.91,4,0,0,ATM,2026-04-02,11:54,0
501.33,222.08,5,0,0,Online,2026-04-02,12:14,0
595.2,266.85,8,0,0,Card,2026-04-02,12:46,0
991.89,765.08,6,0,0,ATM,2026-04-02,12:47,0
1335.09,624.83,3,0,0,Card,2026-04-02,12:49,0
534.88,288.8,8,0,0,Bank Transfer,2026-04-02,12:59,0
1731.29,848.5,6,0,0,Card,2026-04-02,13:01,0
436.6,450.62,3,0,0,Card,2026-04-02,13:30,0
1008.1,738.19,5,0,0,Card,2026-04-02,13:35,0
580.8,476.08,4,0,0,UPI,2026-04-02,13:38,0
252.95,213.87,5,0,0,Card,2026-04-02,13:42,0
470.62,323.28,3,0,0,ATM,2026-04-02,13:45,0
618.75,373.52,3,0,0,Online,2026-04-02,13:50,1
392.54,264.99,5,0,0,Bank Transfer,2026-04-02,14:00,0
573.02,461.06,2,0,0,Online,2026-04-02,14:25,0
841.81,551.21,6,0,0,Online,2026-04-02,14:39,0
395.49,184.35,5,0,0,UPI,2026-04-02,14:50,0
33.04,100.0,5,0,0,Online,2026-04-02,15:00,0
1679.97,1633.84,4,0,0,Card,2026-04-02,15:22,0
313.26,127.29,2,0,1,Card,2026-04-02,15:41,0
200.38,224.39,6,0,0,Bank Transfer,2026-04-02,16:12,0
155.17,100.0,6,0,1,Card,2026-04-02,16:32,0
303.09,131.26,3,0,0,UPI,2026-04-02,16:44,0
250.05,124.33,3,1,0,Bank Transfer,2026-04-02,16:57,0
215.63,246.48,5,0,0,UPI,2026-04-02,17:04,0
225.92,121.57,6,0,0,Bank Transfer,2026-04-02,17:55,0
632.88,644.87,3,0,0,UPI,2026-04-02,18:08,0
2266.08,2031.73,3,0,1,UPI,2026-04-02,18:25,0
810.37,640.59,7,0,0,ATM,2026-04-02,18:55,0
1047.55,692.17,4,0,0,Online,2026-04-02,18:55,1
292.72,125.57,4,0,0,Bank Transfer,2026-04-02,19:24,0
440.97,420.71,9,0,0,ATM,2026-04-02,19:37,0
579.7,397.42,7,0,0,Card,2026-04-02,19:46,0
230.3,185.33,10,0,1,Online,2026-04-02,20:06,0
280.94,110.69,4,0,0,Bank Transfer,2026-04-02,20:13,0
834.11,842.08,8,0,0,Online,2026-04-02,20:17,0
1019.18,956.43,4,1,0,Online,2026-04-02,20:29,0
427.22,341.74,2,0,0,ATM,2026-04-02,20:48,0
146.07,112.75,5,0,0,Online,2026-04-02,21:05,0
313.8,199.72,9,0,0,UPI,2026-04-02,21:15,0
118.49,100.0,3,0,0,UPI,2026-04-02,21:28,0
430.06,175.55,8,0,0,Card,2026-04-02,21:33,0
501.24,468.01,6,1,0,Online,2026-04-02,21:40,0
320.5,124.43,7,0,0,Online,2026-04-02,22:09,0
495.44,174.0,3,0,0,Online,2026-04-02,22:26,0
575.0,216.39,2,0,1,Online,2026-04-02,22:29,0
501.87,262.44,4,0,0,Card,2026-04-02,22:29,0
145.29,121.26,4,0,0,Online,2026-04-02,22:35,0
325.29,302.19,7,0,0,Card,2026-04-02,22:41,0
571.56,404.45,3,0,0,UPI,2026-04-02,22:45,0
1543.65,1076.45,3,0,0,Card,2026-04-02,22:53,0
320.17,269.03,6,0,0,Card,2026-04-02,22:58,0
644.33,552.39,6,0,0,UPI,2026-04-02,23:02,0
851.01,909.09,12,0,1,UPI,2026-04-02,23:37,1
341.34,357.11,5,0,0,Online,2026-04-02,23:46,0
1070.78,1124.32,5,0,1,UPI,2026-04-02,23:53,0
1120.86,1196.57,5,0,0,Online,2026-04-03,00:52,1
1304.18,1431.8,6,0,0,ATM,2026-04-03,01:05,0
595.66,489.64,5,0,0,UPI,2026-04-03,01:18,1
2999.25,2567.03,3,0,0,Card,2026-04-03,01:32,1
239.13,231.51,5,0,0,Card,2026-04-03,01:55,0
2453.98,1274.0,4,0,0,Bank Transfer,2026-04-03,01:57,0
775.15,508.8,4,0,0,Online,2026-04-03,01:58,0
1260.58,1419.11,3,0,0,Online,2026-04-03,02:18,0
307.34,244.14,3,0,0,UPI,2026-04-03,03:14,0
827.0,325.85,8,0,1,ATM,2026-04-03,03:24,0
1356.86,942.65,9,0,0,UPI,2026-04-03,03:29,0
160.09,100.0,3,0,0,Online,2026-04-03,03:32,0
351.14,229.24,3,0,0,ATM,2026-04-03,03:38,0
65.36,100.0,3,0,0,UPI,2026-04-03,03:39,0
346.69,270.19,3,0,0,Online,2026-04-03,03:39,0
201.62,154.62,4,0,0,Bank Transfer,2026-04-03,04:11,0
335.26,122.57,8,0,0,Online,2026-04-03,04:16,0
4842.07,3526.67,9,0,0,Card,2026-04-03,04:31,0
1737.38,650.86,5,0,0,Bank Transfer,2026-04-03,04:37,0
118.68,100.0,4,0,0,Online,2026-04-03,05:07,0
647.02,582.29,4,0,0,Card,2026-04-03,05:17,0
795.6,363.6,4,0,0,UPI,2026-04-03,05:23,0
302.71,341.84,1,0,0,Online,2026-04-03,05:47,0
469.45,415.9,7,0,0,UPI,2026-04-03,06:19,0
510.09,272.88,4,0,0,Bank Transfer,2026-04-03,06:26,0
128.43,100.0,7,0,0,Card,2026-04-03,06:46,0
167.9,100.0,5,0,0,UPI,2026-04-03,07:10,1
467.06,172.23,5,0,0,Card,2026-04-03,07:37,0
439.0,495.4,4,0,0,Bank Transfer,2026-04-03,07:53,0
220.9,204.09,5,0,1,Online,2026-04-03,08:43,0
205.36,207.97,7,0,1,Card,2026-04-03,09:20,0
373.79,328.5,4,0,0,Online,2026-04-03,09:36,0
856.82,960.28,3,0,0,Card,2026-04-03,11:18,0
378.04,420.2,6,0,0,UPI,2026-04-03,11:25,0
1602.5,640.09,9,1,1,Bank Transfer,2026-04-03,11:44,0
223.31,114.12,3,0,0,ATM,2026-04-03,11:46,0
475.39,326.32,4,0,0,Bank Transfer,2026-04-03,11:51,0
298.52,191.03,6,0,0,UPI,2026-04-03,12:23,0
664.99,529.82,8,0,0,Bank Transfer,2026-04-03,12:25,0
207.61,119.7,6,0,0,UPI,2026-04-03,12:37,0
2076.19,2133.99,5,0,0,Online,2026-04-03,12:42,0
95.87,100.0,5,0,0,UPI,2026-04-03,13:04,0
1733.95,1773.46,5,0,0,Bank Transfer,2026-04-03,14:19,0
435.5,298.04,4,1,0,Online,2026-04-03,14:38,0
645.2,228.64,4,0,0,Bank Transfer,2026-04-03,14:42,0
1254.32,1342.12,9,0,0,Bank Transfer,2026-04-03,15:28,0
836.32,610.3,4,0,0,Online,2026-04-03,15:53,0
216.91,209.54,4,0,0,ATM,2026-04-03,15:59,0
671.88,736.84,8,0,0,Card,2026-04-03,16:25,0
1973.08,748.13,4,1,0,Online,2026-04-03,16:27,0
189.77,108.71,3,0,0,Card,2026-04-03,16:41,0
2442.22,1101.58,6,0,0,Card,2026-04-03,16:53,0
559.95,242.63,7,0,0,UPI,2026-04-03,17:38,0
279.15,322.08,6,0,0,Online,2026-04-03,17:52,0
188.8,195.36,3,0,0,ATM,2026-04-03,18:51,0
333.69,220.24,7,0,0,ATM,2026-04-03,19:08,0
76.56,100.0,3,0,0,Bank Transfer,2026-04-03,19:09,0
283.45,320.73,2,0,0,Online,2026-04-03,19:19,0
322.63,173.48,4,0,0,Card,2026-04-03,19:26,0
161.86,100.0,4,0,0,Bank Transfer,2026-04-03,19:44,0
761.79,800.25,6,1,0,Bank Transfer,2026-04-03,20:04,0
334.97,323.01,9,0,0,Online,2026-04-03,20:10,0
235.0,114.26,5,0,0,UPI,2026-04-03,20:12,0
305.96,234.43,5,0,0,Online,2026-04-03,20:19,0
545.58,265.35,3,1,0,Card,2026-04-03,20:21,0
429.34,370.18,4,0,0,Card,2026-04-03,20:49,0
222.33,200.2,4,0,0,UPI,2026-04-03,20:56,0
448.9,262.69,6,0,0,Bank Transfer,2026-04-03,20:56,0
386.42,391.72,5,0,0,UPI,2026-04-03,21:06,0
153.16,115.26,5,0,0,UPI,2026-04-03,21:22,0
315.69,300.04,5,1,0,Bank Transfer,2026-04-03,21:37,0
660.13,590.05,7,0,0,Card,2026-04-03,23:00,0
656.1,481.02,5,1,0,UPI,2026-04-03,23:04,0
331.8,198.68,5,0,1,Card,2026-04-03,23:04,0
717.13,375.53,5,0,0,Bank Transfer,2026-04-03,23:16,0
175.39,172.6,8,0,0,Card,2026-04-03,23:55,0
180.07,161.28,4,0,0,Online,2026-04-03,23:57,0
325.85,191.86,5,0,0,ATM,2026-04-04,00:23,0
1440.77,1688.63,7,0,0,Bank Transfer,2026-04-04,00:29,0
463.48,481.46,4,0,0,UPI,2026-04-04,00:34,0
319.24,146.14,4,0,0,Card,2026-04-04,00:39,0
1498.95,731.75,5,1,0,UPI,2026-04-04,00:40,0
316.11,256.82,9,0,0,Bank Transfer,2026-04-04,00:55,0
2696.0,1178.21,4,0,0,UPI,2026-04-04,00:59,0
261.23,305.56,5,0,0,ATM,2026-04-04,01:15,0
170.72,152.34,4,1,0,ATM,2026-04-04,01:22,0
350.23,142.28,8,0,0,Card,2026-04-04,01:49,0
326.45,237.32,3,0,0,UPI,2026-04-04,02:07,0
203.05,109.38,3,0,0,Card,2026-04-04,02:18,0
3683.72,2824.98,3,1,0,ATM,2026-04-04,02:56,0
528.92,296.18,5,0,0,Online,2026-04-04,03:03,0
598.61,632.75,4,0,0,Card,2026-04-04,03:04,0
272.44,262.34,5,0,0,Online,2026-04-04,03:13,0
246.9,276.67,8,0,0,Card,2026-04-04,03:24,0
964.61,499.92,6,0,0,Online,2026-04-04,03:28,0
97.08,100.0,7,0,0,Online,2026-04-04,03:39,0
152.71,158.0,9,0,0,ATM,2026-04-04,04:06,0
326.94,218.32,8,0,0,Card,2026-04-04,04:19,0
1272.06,855.11,3,0,0,Online,2026-04-04,04:47,1
293.44,348.64,8,0,0,Bank Transfer,2026-04-04,05:15,0
574.63,577.64,2,0,0,Card,2026-04-04,05:18,0
413.05,446.79,7,0,0,Online,2026-04-04,05:30,0
1214.17,844.98,4,1,0,ATM,2026-04-04,05:41,0
104.9,100.0,5,0,0,Online,2026-04-04,05:56,0
754.13,552.76,1,0,0,Online,2026-04-04,05:59,0
340.68,249.63,7,0,0,Bank Transfer,2026-04-04,06:12,0
885.5,406.04,5,0,0,Online,2026-04-04,06:58,0
201.06,214.29,4,0,0,Online,2026-04-04,06:59,0
411.88,280.89,2,1,0,ATM,2026-04-04,07:02,0
369.77,312.29,1,0,0,Online,2026-04-04,07:05,0
172.07,185.58,4,0,0,Online,2026-04-04,07:19,0
135.86,136.88,4,0,0,UPI,2026-04-04,07:19,0
246.32,127.72,4,0,0,Online,2026-04-04,07:21,0
450.54,394.55,6,0,0,Online,2026-04-04,07:55,0
212.01,163.54,5,0,0,Card,2026-04-04,08:44,0
304.73,174.04,4,0,1,UPI,2026-04-04,09:33,0
81.21,100.0,8,0,0,UPI,2026-04-04,09:40,0
294.4,260.64,6,0,0,Card,2026-04-04,09:49,0
963.0,975.4,5,0,0,Card,2026-04-04,10:13,0
734.66,845.19,7,0,0,Online,2026-04-04,10:45,0
374.7,244.2,3,0,0,Online,2026-04-04,10:48,0
496.26,342.09,5,1,0,Online,2026-04-04,11:05,0
199.53,100.0,8,0,0,Online,2026-04-04,11:16,0
1604.83,1904.81,6,0,1,Online,2026-04-04,11:23,0
2339.28,2508.06,5,0,0,Card,2026-04-04,12:47,0
464.1,540.2,7,0,0,Online,2026-04-04,13:04,0
3648.54,2813.19,6,0,0,Online,2026-04-04,13:11,0
226.3,119.56,6,0,0,ATM,2026-04-04,13:44,0
139.29,116.62,6,0,0,Card,2026-04-04,13:51,0
220.7,147.05,8,0,0,Card,2026-04-04,14:05,0
334.77,216.15,6,0,0,ATM,2026-04-04,14:29,0
2879.17,1209.28,5,0,0,Online,2026-04-04,15:44,0
317.67,130.94,6,0,0,ATM,2026-04-04,15:47,0
194.28,130.55,6,0,0,UPI,2026-04-04,15:55,0
187.98,213.78,3,0,0,UPI,2026-04-04,16:14,0
1063.18,1025.51,4,1,0,Card,2026-04-04,16:45,0
941.72,938.4,4,0,0,Online,2026-04-04,17:36,0
267.03,146.64,7,0,0,Bank Transfer,2026-04-04,17:44,0
81.91,100.0,3,0,0,ATM,2026-04-04,17:50,1
154.58,107.49,5,0,0,Card,2026-04-04,18:02,0
1742.47,697.83,6,0,0,UPI,2026-04-04,18:04,1
724.5,496.71,5,0,0,Bank Transfer,2026-04-04,18:06,0
426.51,196.86,7,0,0,Card,2026-04-04,18:30,0
1975.36,2124.79,6,0,0,Online,2026-04-04,18:40,0
2131.49,2268.44,5,0,1,UPI,2026-04-04,18:44,0
391.29,232.56,6,0,1,Online,2026-04-04,18:45,0
397.45,345.83,6,0,0,Card,2026-04-04,19:35,0
245.98,162.15,5,1,0,Card,2026-04-04,19:48,0
316.74,152.38,5,0,0,Card,2026-04-04,19:59,0
114.05,102.87,6,0,1,Bank Transfer,2026-04-04,20:30,0
113.66,113.21,7,0,0,Bank Transfer,2026-04-04,20:55,0
93.29,100.0,7,0,0,Bank Transfer,2026-04-04,21:17,0
1014.03,483.53,6,0,0,UPI,2026-04-04,21:32,0
107.0,100.0,5,0,0,UPI,2026-04-04,21:53,0
2116.39,783.73,6,0,0,Card,2026-04-04,22:05,0
216.84,100.0,5,0,1,Card,2026-04-04,22:16,0
1766.49,739.97,1,0,0,Card,2026-04-04,23:01,0
295.81,117.91,4,0,0,Online,2026-04-04,23:16,0
106.56,100.0,6,1,1,Online,2026-04-05,00:01,0
1201.36,785.72,8,0,0,UPI,2026-04-05,00:16,0
1328.21,1252.75,4,0,0,ATM,2026-04-05,00:26,0
186.77,117.74,5,0,0,Bank Transfer,2026-04-05,00:49,0
304.32,142.83,4,0,0,Card,2026-04-05,00:54,0
186.81,215.73,9,0,0,Card,2026-04-05,01:04,1
364.15,398.43,4,0,0,Card,2026-04-05,01:09,0
442.15,201.44,3,0,0,Card,2026-04-05,01:09,0
299.26,197.02,2,0,0,Online,2026-04-05,01:29,0
85.97,100.0,7,0,0,ATM,2026-04-05,01:48,0
246.23,286.91,5,0,0,Bank Transfer,2026-04-05,02:02,0
733.62,478.75,4,0,0,Bank Transfer,2026-04-05,03:07,0
337.79,146.4,4,0,0,UPI,2026-04-05,03:28,0
305.42,295.59,6,0,0,Card,2026-04-05,03:37,0
182.88,174.64,7,0,0,Card,2026-04-05,03:37,0
240.2,133.28,3,0,0,Online,2026-04-05,03:50,0
1336.23,832.79,4,0,0,UPI,2026-04-05,03:54,0
153.12,107.6,8,0,0,Online,2026-04-05,04:27,0
744.49,429.98,10,0,0,UPI,2026-04-05,04:56,0
419.89,250.07,9,0,0,UPI,2026-04-05,05:10,0
496.75,512.33,7,0,0,ATM,2026-04-05,05:46,0
216.48,214.11,4,0,0,Card,2026-04-05,05:58,0
299.16,280.83,9,0,0,UPI,2026-04-05,06:57,0
401.47,374.88,11,0,0,ATM,2026-04-05,07:12,0
259.16,205.67,3,0,0,UPI,2026-04-05,07:16,0
534.71,346.64,3,0,0,ATM,2026-04-05,07:21,0
595.16,572.82,7,0,0,UPI,2026-04-05,07:22,0
2557.54,1148.11,6,0,0,Online,2026-04-05,07:31,0
511.05,240.15,5,0,0,UPI,2026-04-05,07:34,0
79.41,100.0,7,0,0,Online,2026-04-05,07:46,0
1084.17,1054.69,2,0,0,Online,2026-04-05,07:55,0
339.24,289.31,4,0,0,ATM,2026-04-05,08:04,0
2230.85,1634.4,7,0,0,Card,2026-04-05,08:17,0
1408.51,1063.14,4,0,0,Bank Transfer,2026-04-05,09:31,0
262.57,276.6,9,0,0,Bank Transfer,2026-04-05,09:42,0
745.17,337.88,4,0,0,UPI,2026-04-05,09:55,0
243.51,164.55,4,1,0,Bank Transfer,2026-04-05,10:24,0
404.35,402.79,4,0,0,Card,2026-04-05,10:37,0
716.65,651.55,5,1,0,UPI,2026-04-05,10:51,0
1039.04,747.98,4,0,0,ATM,2026-04-05,11:09,0
863.44,466.85,5,0,1,Bank Transfer,2026-04-05,11:19,0
429.98,496.4,8,0,1,Online,2026-04-05,11:23,0
3330.61,2320.54,8,0,0,Online,2026-04-05,12:04,0
295.81,324.26,5,0,0,Online,2026-04-05,12:57,0
102.91,104.06,3,0,0,UPI,2026-04-05,12:59,0
121.21,131.18,4,0,0,Card,2026-04-05,13:07,0
1412.2,514.58,2,0,0,Card,2026-04-05,14:40,0
377.98,285.67,6,0,0,Bank Transfer,2026-04-05,15:28,0
461.83,263.48,5,0,0,Online,2026-04-05,15:57,0
254.39,148.29,5,0,0,Online,2026-04-05,16:33,0
274.57,159.08,4,0,0,Bank Transfer,2026-04-05,16:37,0
206.64,140.7,8,0,1,Card,2026-04-05,16:40,0
602.13,420.95,6,0,0,Bank Transfer,2026-04-05,16:51,0
371.38,330.13,6,0,0,UPI,2026-04-05,18:11,0
583.91,353.45,1,0,1,Online,2026-04-05,18:24,0
538.36,313.25,4,0,0,Bank Transfer,2026-04-05,18:27,0
280.9,184.42,4,0,0,Online,2026-04-05,18:33,0
116.76,109.0,3,0,0,Online,2026-04-05,18:40,0
108.43,100.0,5,0,0,Card,2026-04-05,18:56,0
5285.14,5205.27,9,0,0,UPI,2026-04-05,19:01,0
1417.21,904.36,5,0,0,Online,2026-04-05,19:13,0
1260.36,1058.46,3,0,1,UPI,2026-04-05,19:14,0
227.37,226.76,6,1,0,Online,2026-04-05,19:20,0
406.7,318.94,4,0,1,Online,2026-04-05,19:23,0
201.73,181.57,7,0,0,UPI,2026-04-05,19:53,0
132.25,149.71,6,0,0,UPI,2026-04-05,20:13,0
244.58,100.0,6,0,0,UPI,2026-04-05,20:17,0
1245.46,805.93,3,0,0,UPI,2026-04-05,20:48,0
824.38,938.0,6,0,0,Bank Transfer,2026-04-05,20:53,0
176.88,187.81,5,0,0,Card,2026-04-05,21:09,0
308.71,269.91,7,0,0,Card,2026-04-05,21:10,0
762.62,415.56,9,0,0,ATM,2026-04-05,21:13,0
248.31,156.67,6,0,0,ATM,2026-04-05,21:15,0
431.66,465.88,6,0,0,Bank Transfer,2026-04-05,21:23,0
567.69,535.63,11,0,0,Bank Transfer,2026-04-05,21:50,1
562.44,333.42,4,0,0,Card,2026-04-05,21:56,0
500.71,231.53,7,0,0,UPI,2026-04-05,22:02,0
231.45,234.61,5,0,0,Online,2026-04-05,23:17,0
252.57,212.1,2,0,0,Bank Transfer,2026-04-05,23:24,1
153.91,179.91,4,0,0,Bank Transfer,2026-04-06,00:35,0
107.0,100.0,2,0,0,Card,2026-04-06,00:41,0
365.94,236.64,8,0,0,Online,2026-04-06,01:04,0
807.4,482.13,4,0,0,Card,2026-04-06,01:06,1
124.81,100.0,5,0,0,Card,2026-04-06,01:20,0
508.79,317.65,3,0,0,Card,2026-04-06,01:28,0
785.98,323.99,8,0,0,Card,2026-04-06,01:43,0
84.67,100.0,5,0,0,Bank Transfer,2026-04-06,01:56,0
320.54,171.83,5,0,0,Online,2026-04-06,02:18,0
1634.8,1705.23,4,0,0,Online,2026-04-06,02:55,0
644.94,354.88,7,0,0,Card,2026-04-06,03:55,0
82.28,100.0,8,0,0,Online,2026-04-06,04:17,0
705.98,650.79,4,1,0,UPI,2026-04-06,04:38,0
213.67,101.89,8,0,0,UPI,2026-04-06,04:54,0
726.04,581.99,5,0,0,Online,2026-04-06,05:23,0
224.4,240.13,5,0,1,Bank Transfer,2026-04-06,05:39,0
385.65,326.44,3,0,0,UPI,2026-04-06,05:55,0
255.47,194.16,5,0,0,Online,2026-04-06,06:04,0
404.51,430.02,3,0,0,Online,2026-04-06,06:08,0
249.09,287.74,8,0,0,Online,2026-04-06,06:19,0
333.62,349.58,4,0,1,Online,2026-04-06,06:38,0
148.52,103.54,8,0,0,Bank Transfer,2026-04-06,06:41,0
612.2,532.58,4,1,0,Online,2026-04-06,06:49,0
468.25,373.49,6,1,0,Card,2026-04-06,07:14,1
102.1,100.0,6,0,0,ATM,2026-04-06,07:52,0
938.22,675.54,4,1,0,Card,2026-04-06,08:22,0
347.29,366.35,8,1,0,Online,2026-04-06,08:36,0
462.89,280.24,7,0,0,Bank Transfer,2026-04-06,08:44,0
772.69,854.69,4,0,0,Online,2026-04-06,09:31,0
533.26,636.03,8,0,0,Card,2026-04-06,09:35,0
1086.18,663.39,3,0,0,UPI,2026-04-06,09:53,0
314.41,142.85,5,0,0,Online,2026-04-06,10:01,0
971.91,1130.91,2,0,0,Online,2026-04-06,10:44,0
447.86,221.87,4,0,0,Bank Transfer,2026-04-06,11:05,0
621.1,624.67,4,0,0,Card,2026-04-06,11:11,0
568.55,217.89,6,0,1,Bank Transfer,2026-04-06,11:50,0
1158.2,637.28,4,0,1,Bank Transfer,2026-04-06,12:07,0
744.86,425.42,3,1,0,Card,2026-04-06,12:22,0
276.86,166.85,7,0,0,Online,2026-04-06,12:51,0
233.91,264.64,8,0,0,UPI,2026-04-06,12:53,0
386.72,192.98,4,0,0,Bank Transfer,2026-04-06,13:04,0
211.43,105.21,6,0,0,UPI,2026-04-06,13:31,0
164.95,154.71,6,0,0,Online,2026-04-06,14:13,0
66.1,100.0,8,0,0,Bank Transfer,2026-04-06,14:23,0
108.11,100.0,4,0,0,Online,2026-04-06,14:30,0
2181.12,2196.74,6,0,1,Online,2026-04-06,14:40,0
230.9,100.0,5,0,0,UPI,2026-04-06,14:46,0
2034.37,2137.01,4,0,1,Bank Transfer,2026-04-06,14:48,0
568.32,548.36,4,0,0,Online,2026-04-06,14:54,0
386.72,430.08,6,0,0,Bank Transfer,2026-04-06,15:19,0
112.67,100.49,4,0,0,UPI,2026-04-06,15:46,0
405.03,465.84,5,0,0,Bank Transfer,2026-04-06,16:45,0
2014.96,1372.95,7,0,0,Bank Transfer,2026-04-06,16:46,0
1516.24,1474.78,2,0,0,Bank Transfer,2026-04-06,16:59,0
509.33,492.39,5,0,0,Bank Transfer,2026-04-06,17:02,0
151.96,100.0,4,1,0,UPI,2026-04-06,17:16,0
178.83,202.52,8,0,1,Card,2026-04-06,17:52,0
195.45,197.85,3,1,0,Card,2026-04-06,18:03,0
1195.63,1298.94,6,1,0,Bank Transfer,2026-04-06,18:20,0
1614.79,1062.86,4,0,1,Card,2026-04-06,18:40,0
476.52,507.53,1,0,0,UPI,2026-04-06,18:55,0
311.81,192.61,4,0,0,Online,2026-04-06,19:14,0
1504.78,1760.21,8,0,0,UPI,2026-04-06,19:16,0
175.6,100.0,10,0,0,UPI,2026-04-06,19:31,0
421.6,369.45,5,0,1,Card,2026-04-06,20:06,0
597.96,266.33,4,0,0,UPI,2026-04-06,20:06,0
193.76,186.19,3,0,0,Card,2026-04-06,20:07,0
234.97,154.88,5,0,0,Online,2026-04-06,20:20,0
219.93,239.74,9,0,0,Online,2026-04-06,20:33,0
1345.09,1468.57,5,0,0,Online,2026-04-06,20:38,0
2053.32,1361.1,6,0,1,Bank Transfer,2026-04-06,20:52,0
444.78,461.89,5,0,0,Card,2026-04-06,20:53,0
321.18,298.37,9,0,0,Online,2026-04-06,21:03,0
242.29,172.65,6,0,1,UPI,2026-04-06,21:12,0
404.03,259.29,6,0,0,Card,2026-04-06,21:33,0
252.73,133.63,3,0,0,ATM,2026-04-06,21:39,0
371.49,149.98,2,0,0,Bank Transfer,2026-04-06,22:34,0
573.21,452.69,7,0,0,Online,2026-04-06,22:49,0
285.85,231.27,3,0,0,UPI,2026-04-06,22:50,0
343.38,249.78,5,0,0,UPI,2026-04-06,23:07,0
344.59,399.04,2,0,0,Online,2026-04-06,23:38,0
307.99,111.38,1,0,0,UPI,2026-04-06,23:49,0
277.21,297.38,6,0,0,Online,2026-04-06,23:54,0
771.14,794.81,8,0,0,Online,2026-04-07,01:06,1
89.56,100.0,10,0,0,ATM,2026-04-07,01:09,0
1537.85,1224.4,7,0,0,ATM,2026-04-07,01:38,0
452.69,231.69,6,0,0,UPI,2026-04-07,01:40,1
677.57,734.11,2,0,0,Online,2026-04-07,01:49,0
747.19,734.41,8,0,0,ATM,2026-04-07,01:50,0
221.0,233.79,5,1,0,Online,2026-04-07,02:53,0
185.45,102.08,5,0,0,Online,2026-04-07,03:15,0
167.77,137.77,5,0,0,Bank Transfer,2026-04-07,03:21,0
327.01,230.07,9,0,0,Card,2026-04-07,03:31,0
730.93,653.25,5,0,0,UPI,2026-04-07,03:43,0
245.62,243.1,2,0,0,UPI,2026-04-07,03:45,0
676.37,336.6,4,0,0,ATM,2026-04-07,03:51,0
53.91,100.0,4,0,0,Card,2026-04-07,04:08,0
290.69,112.52,6,0,0,Online,2026-04-07,04:15,0
1087.97,526.15,5,0,0,Card,2026-04-07,04:29,0
348.86,193.32,3,0,0,Online,2026-04-07,04:31,0
199.38,100.0,8,1,0,Bank Transfer,2026-04-07,04:45,0
230.83,150.58,6,0,0,Card,2026-04-07,04:45,0
30.76,100.0,8,0,0,Online,2026-04-07,05:23,0
170.71,174.83,6,0,0,Bank Transfer,2026-04-07,05:41,0
990.94,638.11,4,0,0,UPI,2026-04-07,06:12,0
245.87,103.57,8,0,0,Bank Transfer,2026-04-07,06:15,0
271.82,270.59,3,0,0,Bank Transfer,2026-04-07,06:25,0
55.59,100.0,8,0,0,Card,2026-04-07,06:25,0
100.87,100.0,8,0,0,UPI,2026-04-07,06:44,0
1109.36,832.12,5,0,0,Online,2026-04-07,06:45,0
681.78,800.67,8,0,0,UPI,2026-04-07,06:49,0
133.91,100.0,5,1,0,Online,2026-04-07,07:08,0
236.04,275.12,7,0,1,Online,2026-04-07,07:17,0
393.55,222.43,6,0,0,UPI,2026-04-07,07:18,0
145.95,100.0,4,0,0,Card,2026-04-07,07:35,0
73.44,100.0,5,0,0,Bank Transfer,2026-04-07,07:36,0
352.37,355.08,6,0,0,UPI,2026-04-07,07:38,0
656.37,529.67,7,0,0,Online,2026-04-07,08:13,0
667.19,563.53,3,0,1,Online,2026-04-07,08:37,0
848.91,995.39,6,0,0,Online,2026-04-07,09:13,0
107.71,100.0,5,0,0,UPI,2026-04-07,09:34,0
423.78,190.48,3,0,0,Bank Transfer,2026-04-07,10:01,0
321.12,308.51,6,0,0,Online,2026-04-07,10:08,0
374.6,197.29,5,0,0,UPI,2026-04-07,10:21,0
336.97,284.5,3,0,1,Online,2026-04-07,10:39,0
230.12,247.66,6,0,0,Card,2026-04-07,10:40,0
31.03,100.0,8,0,0,UPI,2026-04-07,10:50,0
1083.07,668.41,8,0,0,Online,2026-04-07,10:56,0
534.05,448.18,6,0,0,Online,2026-04-07,10:56,0
114.25,100.0,7,1,0,ATM,2026-04-07,11:00,0
603.15,368.78,5,1,1,UPI,2026-04-07,11:03,0
275.83,214.74,5,0,0,Online,2026-04-07,11:30,0
282.56,159.93,5,1,0,Bank Transfer,2026-04-07,11:32,0
209.95,100.0,4,0,0,UPI,2026-04-07,11:46,0
636.76,539.57,3,0,0,Online,2026-04-07,11:46,0
204.41,141.26,6,1,0,UPI,2026-04-07,12:02,0
158.81,108.31,6,1,0,Bank Transfer,2026-04-07,12:08,0
1055.73,1264.01,8,0,0,UPI,2026-04-07,12:12,0
346.52,154.21,2,0,0,UPI,2026-04-07,12:13,0
355.9,171.2,3,1,0,Online,2026-04-07,12:14,0
726.76,795.67,7,0,0,Card,2026-04-07,12:52,0
228.73,105.38,8,0,0,ATM,2026-04-07,12:53,0
270.99,306.21,5,0,1,Card,2026-04-07,13:00,0
523.14,481.9,6,0,1,Card,2026-04-07,13:02,0
108.83,100.0,5,0,0,Online,2026-04-07,13:16,0
486.84,285.6,6,0,0,Online,2026-04-07,13:41,0
212.22,139.12,3,1,0,Online,2026-04-07,14:11,0
834.77,878.23,4,0,1,Card,2026-04-07,14:29,0
642.05,256.1,5,0,0,UPI,2026-04-07,14:50,1
573.85,575.72,2,0,0,Bank Transfer,2026-04-07,14:55,0
102.93,108.46,4,0,0,Bank Transfer,2026-04-07,14:55,0
369.49,351.04,2,0,1,Card,2026-04-07,15:21,0
148.31,100.0,4,1,0,Online,2026-04-07,15:32,0
390.98,383.66,5,0,0,Bank Transfer,2026-04-07,15:48,0
56.37,100.0,4,0,0,Card,2026-04-07,16:00,0
108.89,100.0,4,1,0,UPI,2026-04-07,16:08,0
1108.41,1228.6,1,0,0,UPI,2026-04-07,16:37,0
552.08,255.26,4,0,0,ATM,2026-04-07,16:47,0
298.65,348.42,6,0,0,Card,2026-04-07,16:50,0
186.34,100.0,3,0,0,Card,2026-04-07,16:55,0
160.51,100.0,3,1,0,Card,2026-04-07,16:57,0
478.25,447.98,4,0,0,Online,2026-04-07,17:12,0
301.24,140.58,9,0,0,UPI,2026-04-07,17:55,0
1502.15,761.92,5,0,0,Online,2026-04-07,18:12,0
344.8,123.95,8,0,0,UPI,2026-04-07,18:16,0
424.08,446.34,5,0,0,UPI,2026-04-07,19:51,0
123.94,100.0,8,0,0,UPI,2026-04-07,20:10,0
296.9,263.56,3,0,0,UPI,2026-04-07,20:31,0
468.92,396.22,4,0,0,Card,2026-04-07,20:52,0
293.87,230.56,8,0,1,Bank Transfer,2026-04-07,21:19,0
266.99,178.59,5,1,0,Online,2026-04-07,21:21,0
532.65,322.06,7,0,0,Online,2026-04-07,21:33,0
1462.06,1700.97,6,0,0,UPI,2026-04-07,21:38,0
456.33,464.34,6,0,0,UPI,2026-04-07,21:59,0
1066.95,1210.26,3,0,0,Online,2026-04-07,22:05,0
684.28,666.36,4,0,0,UPI,2026-04-07,22:18,0
1014.04,1069.47,3,0,0,UPI,2026-04-07,22:37,0
240.26,281.0,2,0,0,UPI,2026-04-07,22:43,0
338.36,248.9,3,0,0,Online,2026-04-07,23:06,0
339.56,380.6,2,0,0,Card,2026-04-07,23:21,0
641.84,248.14,3,0,0,Card,2026-04-07,23:25,0
791.2,349.47,6,0,1,Card,2026-04-07,23:53,1
448.67,344.05,4,0,0,Online,2026-04-08,00:14,0
849.97,625.47,6,0,0,Online,2026-04-08,01:05,0
249.93,180.57,5,1,0,UPI,2026-04-08,01:24,0
856.26,690.67,5,0,0,Online,2026-04-08,01:37,0
956.65,772.61,5,0,0,UPI,2026-04-08,01:45,0
717.57,782.14,6,0,0,Bank Transfer,2026-04-08,02:02,0
452.16,291.21,6,0,0,Card,2026-04-08,02:15,0
739.76,457.77,8,0,0,UPI,2026-04-08,02:49,1
188.69,178.61,1,0,0,Online,2026-04-08,02:56,0
477.52,430.34,6,0,0,Bank Transfer,2026-04-08,03:01,0
520.84,549.67,3,1,0,UPI,2026-04-08,03:25,1
130.31,100.0,4,0,0,Online,2026-04-08,04:11,0
603.89,214.64,4,0,0,UPI,2026-04-08,04:31,0
139.56,160.84,6,0,0,UPI,2026-04-08,04:40,0
280.41,108.69,3,0,0,UPI,2026-04-08,04:52,0
417.3,387.26,3,0,0,UPI,2026-04-08,04:56,0
216.78,135.17,2,0,0,Online,2026-04-08,04:59,0
432.75,307.26,8,0,0,Bank Transfer,2026-04-08,05:10,0
426.91,453.52,5,0,0,Online,2026-04-08,05:11,0
200.91,141.97,2,0,0,Bank Transfer,2026-04-08,05:49,0
653.78,309.05,11,0,0,Bank Transfer,2026-04-08,06:24,0
210.71,208.87,6,0,0,Bank Transfer,2026-04-08,06:26,0
2820.81,1035.74,8,0,0,UPI,2026-04-08,06:52,0
367.58,214.49,4,0,1,Online,2026-04-08,07:05,0
149.07,120.35,6,0,0,Card,2026-04-08,07:17,0
174.74,126.18,2,0,0,Bank Transfer,2026-04-08,07:33,0
1070.03,938.63,6,0,0,Card,2026-04-08,08:01,0
284.92,192.08,3,0,0,Online,2026-04-08,08:21,0
126.57,100.0,6,0,0,Card,2026-04-08,08:24,0
833.52,538.75,3,0,0,Online,2026-04-08,08:45,0
283.37,312.89,4,0,0,UPI,2026-04-08,08:49,0
703.03,256.4,5,0,0,Bank Transfer,2026-04-08,08:54,0
893.58,1026.45,4,0,0,Card,2026-04-08,09:02,0
509.43,333.42,5,0,0,UPI,2026-04-08,09:56,0
3091.84,2041.08,7,0,1,UPI,2026-04-08,10:49,0
93.13,100.0,2,0,0,Bank Transfer,2026-04-08,11:06,0
201.29,136.88,7,0,0,UPI,2026-04-08,11:20,0
324.55,283.71,3,1,0,Card,2026-04-08,11:33,0
2757.27,3082.87,4,0,0,ATM,2026-04-08,11:36,0
1859.94,1988.78,5,0,0,Online,2026-04-08,12:35,0
1206.39,950.71,6,0,0,Bank Transfer,2026-04-08,13:20,0
205.41,197.02,6,0,0,Bank Transfer,2026-04-08,13:21,0
226.81,155.04,5,0,0,Online,2026-04-08,13:37,0
199.48,201.4,3,0,0,Online,2026-04-08,13:37,0
207.28,102.53,7,0,0,UPI,2026-04-08,13:38,0
1434.83,557.84,4,0,0,Online,2026-04-08,13:55,0
327.93,265.5,3,0,0,Online,2026-04-08,14:30,0
366.95,195.6,2,0,0,Bank Transfer,2026-04-08,14:38,0
779.17,755.34,4,0,0,Bank Transfer,2026-04-08,14:40,0
98.1,100.0,5,0,1,Online,2026-04-08,15:17,0
421.89,150.71,3,0,0,UPI,2026-04-08,16:23,0
158.8,146.79,3,0,0,Online,2026-04-08,16:34,0
314.11,243.65,8,0,0,Online,2026-04-08,17:12,0
245.07,284.09,3,0,0,Card,2026-04-08,18:23,0
234.56,131.44,4,0,0,Online,2026-04-08,18:50,0
488.7,222.24,4,0,0,Bank Transfer,2026-04-08,19:11,0
486.89,179.97,7,0,1,Card,2026-04-08,19:13,0
334.67,243.51,2,0,0,Card,2026-04-08,19:26,0
552.85,240.87,8,0,0,Online,2026-04-08,19:31,0
192.8,194.6,6,0,0,Online,2026-04-08,19:53,0
720.07,296.08,9,0,0,Online,2026-04-08,19:54,0
338.57,383.48,4,0,0,Card,2026-04-08,20:06,0
267.44,216.55,4,0,0,Bank Transfer,2026-04-08,20:24,0
205.3,193.37,4,0,0,Online,2026-04-08,20:42,0
328.59,151.57,4,0,0,Online,2026-04-08,21:01,0
1978.4,842.96,4,0,0,Online,2026-04-08,21:02,0
382.29,248.73,5,0,0,Online,2026-04-08,21:41,0
152.51,120.85,2,0,1,Online,2026-04-08,21:44,0
880.95,739.27,4,0,0,Bank Transfer,2026-04-08,22:10,0
270.12,170.26,3,0,0,Bank Transfer,2026-04-08,22:23,0
513.47,298.72,4,0,0,Card,2026-04-08,22:53,0
241.09,285.5,8,0,0,Online,2026-04-08,23:21,0
1198.3,697.12,8,0,0,ATM,2026-04-08,23:23,0
244.17,114.08,6,0,0,UPI,2026-04-08,23:55,0
1323.69,867.73,7,0,0,Online,2026-04-08,23:57,0
165.36,100.59,7,0,0,Card,2026-04-09,00:10,0
314.51,222.83,6,0,0,UPI,2026-04-09,01:04,0
1326.1,1167.17,6,0,0,Bank Transfer,2026-04-09,01:22,0
465.42,401.51,6,0,0,ATM,2026-04-09,01:53,0
2781.5,2624.48,9,0,1,ATM,2026-04-09,02:00,1
320.93,155.07,6,0,0,UPI,2026-04-09,02:41,0
501.94,195.28,9,0,0,ATM,2026-04-09,03:09,0
2037.29,2082.5,6,0,0,Bank Transfer,2026-04-09,03:17,0
111.4,100.0,3,1,0,UPI,2026-04-09,03:33,0
100.27,100.0,7,0,0,Online,2026-04-09,03:50,0
205.17,151.27,9,0,0,Bank Transfer,2026-04-09,03:55,0
805.42,772.29,7,0,0,UPI,2026-04-09,04:19,0
102.68,100.0,3,0,0,Card,2026-04-09,04:24,0
670.14,748.58,2,1,0,UPI,2026-04-09,04:35,1
631.25,393.46,9,0,0,Online,2026-04-09,05:15,0
2235.53,2649.69,2,0,0,UPI,2026-04-09,05:15,0
981.09,581.39,6,0,0,Bank Transfer,2026-04-09,05:38,0
549.74,531.49,3,0,0,ATM,2026-04-09,06:18,0
1280.83,858.37,3,0,0,UPI,2026-04-09,06:23,0
637.83,676.8,2,1,0,Online,2026-04-09,06:30,0
272.85,202.74,6,0,1,Online,2026-04-09,06:36,0
152.49,166.2,4,0,1,ATM,2026-04-09,06:37,0
248.65,246.37,7,0,0,UPI,2026-04-09,06:47,0
389.92,330.7,8,0,0,UPI,2026-04-09,07:14,0
468.14,263.32,1,0,0,UPI,2026-04-09,07:17,0
65.7,100.0,5,0,0,UPI,2026-04-09,08:06,0
334.75,399.26,4,0,0,Online,2026-04-09,08:10,0
413.35,469.81,9,0,0,Online,2026-04-09,08:14,0
642.53,300.48,3,0,0,UPI,2026-04-09,08:30,0
1608.06,841.74,6,0,1,Card,2026-04-09,08:31,0
472.39,208.23,3,0,0,Card,2026-04-09,08:41,0
186.21,100.0,5,0,0,ATM,2026-04-09,08:43,0
86.02,100.0,7,0,0,Bank Transfer,2026-04-09,09:08,0
723.4,768.24,2,0,0,Bank Transfer,2026-04-09,09:41,0
192.73,100.0,3,1,0,Online,2026-04-09,09:48,0
842.87,926.99,1,0,0,UPI,2026-04-09,10:17,0
1323.2,1556.27,3,1,0,Bank Transfer,2026-04-09,10:51,0
108.59,100.0,3,0,0,UPI,2026-04-09,12:18,0
646.01,476.62,7,0,0,UPI,2026-04-09,12:21,0
1210.43,968.26,5,0,0,UPI,2026-04-09,12:35,0
959.28,503.46,6,0,1,ATM,2026-04-09,13:29,0
67.9,100.0,8,0,0,Card,2026-04-09,13:33,0
195.27,164.61,7,0,0,Card,2026-04-09,13:35,0
135.89,100.0,5,0,0,Card,2026-04-09,13:35,0
629.52,699.76,2,0,0,Online,2026-04-09,13:43,0
573.25,347.89,2,0,0,Card,2026-04-09,14:19,0
40.72,100.0,4,0,1,Online,2026-04-09,16:17,0
312.4,370.06,9,0,1,Online,2026-04-09,16:28,0
796.81,348.58,6,0,0,UPI,2026-04-09,16:33,0
457.5,183.34,6,0,0,Bank Transfer,2026-04-09,17:01,0
456.84,252.14,7,0,0,UPI,2026-04-09,17:14,0
295.82,183.82,3,0,0,Card,2026-04-09,17:36,0
164.01,117.88,4,0,0,Bank Transfer,2026-04-09,17:48,0
397.62,370.74,5,0,0,Card,2026-04-09,17:50,0
421.69,278.68,1,0,0,Online,2026-04-09,18:01,0
680.59,561.79,8,0,0,Card,2026-04-09,18:02,0
729.26,258.84,9,1,0,UPI,2026-04-09,18:03,0
433.97,293.87,10,0,0,Online,2026-04-09,18:13,0
1023.18,1179.96,5,0,1,ATM,2026-04-09,18:16,0
293.33,295.86,7,0,0,Card,2026-04-09,18:32,0
118.22,115.82,4,0,1,Card,2026-04-09,18:37,0
605.16,368.45,6,0,0,UPI,2026-04-09,18:54,0
449.18,343.6,5,0,0,UPI,2026-04-09,20:03,0
615.47,657.23,4,0,0,Online,2026-04-09,20:12,0
137.72,151.23,8,0,1,UPI,2026-04-09,21:34,0
1848.59,1763.48,6,0,0,Card,2026-04-09,22:08,0
737.99,544.68,8,0,0,Card,2026-04-09,22:33,0
315.83,130.18,11,0,0,Online,2026-04-09,22:50,0
182.16,100.0,6,0,0,Bank Transfer,2026-04-09,23:04,0
1007.86,353.0,4,0,0,Online,2026-04-09,23:14,0
158.14,103.63,5,0,0,Online,2026-04-09,23:19,0
2757.72,1020.02,5,0,0,Card,2026-04-09,23:25,1
239.55,172.42,3,0,1,UPI,2026-04-09,23:32,1
1741.37,1493.94,7,1,0,Card,2026-04-09,23:42,0
344.88,295.39,5,1,0,Card,2026-04-10,00:00,0
1546.32,1271.08,2,0,0,Card,2026-04-10,00:01,0
216.02,117.13,4,0,0,Card,2026-04-10,00:43,0
409.94,324.39,7,0,0,Card,2026-04-10,00:47,1
799.54,945.74,5,0,0,Online,2026-04-10,00:49,0
708.23,515.54,6,1,1,Card,2026-04-10,00:55,0
1028.28,1124.24,6,0,0,Card,2026-04-10,00:58,0
266.57,179.72,8,0,0,Card,2026-04-10,01:16,0
433.58,381.38,4,0,1,Card,2026-04-10,02:02,0
1165.76,885.47,9,1,0,Card,2026-04-10,02:33,0
221.52,207.2,6,0,0,Bank Transfer,2026-04-10,03:03,0
656.33,730.34,2,0,0,UPI,2026-04-10,03:26,0
334.86,242.7,4,0,0,Online,2026-04-10,03:32,0
480.58,477.6,4,0,0,Bank Transfer,2026-04-10,03:35,0
433.49,476.91,6,0,0,Online,2026-04-10,03:36,0
206.43,210.79,6,1,0,Online,2026-04-10,04:02,0
323.25,119.88,5,0,0,Bank Transfer,2026-04-10,05:52,0
456.32,159.79,2,0,0,UPI,2026-04-10,06:23,0
369.7,406.86,4,1,0,ATM,2026-04-10,06:43,0
1535.83,1489.63,4,0,0,ATM,2026-04-10,06:48,0
951.9,1108.41,7,0,0,Online,2026-04-10,07:19,0
516.19,309.0,3,1,0,Online,2026-04-10,07:34,0
210.89,215.06,2,0,0,UPI,2026-04-10,07:37,0
200.25,206.52,6,0,0,UPI,2026-04-10,07:37,0
2159.73,2329.76,4,0,0,UPI,2026-04-10,08:01,1
170.99,160.43,4,0,0,UPI,2026-04-10,08:01,0
444.42,207.8,6,0,0,UPI,2026-04-10,08:54,0
548.29,509.25,5,0,0,UPI,2026-04-10,10:09,0
309.63,267.46,3,1,0,Bank Transfer,2026-04-10,10:10,0
172.11,109.05,4,0,0,Online,2026-04-10,10:19,0
207.02,109.17,5,0,0,Bank Transfer,2026-04-10,11:44,0
253.53,279.47,4,0,0,UPI,2026-04-10,11:44,0
220.73,103.89,2,0,0,Card,2026-04-10,11:55,0
1247.08,884.02,6,0,1,Card,2026-04-10,11:58,0
400.31,352.03,5,0,0,Bank Transfer,2026-04-10,12:02,0
258.47,303.96,2,0,0,ATM,2026-04-10,12:03,0
441.83,406.62,6,0,0,Online,2026-04-10,12:20,0
711.78,433.58,3,0,0,Online,2026-04-10,12:43,0
300.99,120.87,3,1,0,Online,2026-04-10,13:03,0
868.43,538.47,6,0,0,Bank Transfer,2026-04-10,13:09,0
136.94,100.0,3,0,0,UPI,2026-04-10,13:27,0
1091.83,1142.29,6,0,0,Card,2026-04-10,13:32,0
400.37,268.29,5,0,0,Online,2026-04-10,13:38,0
387.3,167.96,8,0,0,Card,2026-04-10,13:56,0
223.84,243.87,5,0,0,Card,2026-04-10,14:04,0
142.07,100.0,5,0,0,Card,2026-04-10,14:06,0
97.84,100.0,3,0,0,Online,2026-04-10,14:09,0
210.95,158.96,5,0,0,UPI,2026-04-10,14:46,0
664.82,271.8,5,0,0,Online,2026-04-10,15:15,0
178.2,100.0,4,0,1,Bank Transfer,2026-04-10,15:25,0
108.18,128.47,3,0,0,ATM,2026-04-10,15:29,0
186.29,198.9,3,0,0,Online,2026-04-10,15:34,0
290.87,290.71,3,1,1,Card,2026-04-10,15:42,0
300.76,276.75,3,0,0,Card,2026-04-10,16:01,0
361.56,141.24,8,0,0,Bank Transfer,2026-04-10,16:06,0
970.41,1029.14,10,0,0,Online,2026-04-10,16:34,0
1166.62,875.56,4,0,0,Bank Transfer,2026-04-10,16:53,0
2218.63,961.93,4,0,0,Bank Transfer,2026-04-10,17:20,0
101.38,100.0,10,0,0,Bank Transfer,2026-04-10,17:59,0
194.9,151.38,6,0,0,Bank Transfer,2026-04-10,18:12,0
730.49,264.17,6,0,0,Online,2026-04-10,18:12,0
274.26,154.83,2,0,0,Online,2026-04-10,18:16,0
838.55,532.92,3,0,0,Bank Transfer,2026-04-10,19:03,0
481.09,358.04,9,0,0,UPI,2026-04-10,19:04,0
1544.3,543.1,2,0,0,ATM,2026-04-10,19:12,0
978.78,813.0,4,0,1,UPI,2026-04-10,19:30,1
994.13,514.95,5,0,0,Online,2026-04-10,19:33,0
284.27,243.8,7,0,0,Card,2026-04-10,19:45,0
371.35,205.46,4,0,0,Bank Transfer,2026-04-10,19:47,0
311.23,215.47,4,0,0,Online,2026-04-10,19:57,0
112.17,100.0,6,0,0,Bank Transfer,2026-04-10,20:46,0
1409.52,1279.97,9,0,0,Card,2026-04-10,20:57,0
760.2,285.84,4,0,0,Online,2026-04-10,21:09,0
300.88,242.16,2,0,0,UPI,2026-04-10,21:17,0
1222.81,1276.79,2,0,0,Online,2026-04-10,21:45,1
236.08,124.05,3,0,0,UPI,2026-04-10,22:14,0
84.57,100.0,3,0,0,ATM,2026-04-10,22:21,0
949.81,693.81,5,0,0,UPI,2026-04-10,22:40,0
136.08,145.94,4,0,0,Online,2026-04-10,22:47,0
341.58,246.95,8,0,0,Online,2026-04-10,23:24,0
480.68,553.87,7,0,0,Online,2026-04-10,23:27,1
559.84,506.41,9,0,0,UPI,2026-04-10,23:30,0
829.76,686.36,3,0,0,Card,2026-04-11,00:29,0
660.98,395.35,7,1,1,Online,2026-04-11,00:38,0
643.81,551.78,6,0,0,Card,2026-04-11,01:10,0
206.0,100.0,7,0,0,UPI,2026-04-11,01:25,0
518.07,364.62,5,0,0,Card,2026-04-11,02:15,0
112.2,100.0,5,0,0,Online,2026-04-11,02:36,0
1522.06,1399.89,7,0,1,Online,2026-04-11,03:19,0
122.46,122.39,2,0,1,Online,2026-04-11,03:21,0
300.52,342.4,6,0,0,Card,2026-04-11,05:30,0
131.49,100.0,5,0,0,Bank Transfer,2026-04-11,05:32,0
216.88,239.01,5,0,0,Online,2026-04-11,05:34,0
408.06,436.24,5,0,1,ATM,2026-04-11,05:54,0
257.38,278.76,5,0,0,UPI,2026-04-11,06:04,0
1067.0,1045.03,6,0,1,ATM,2026-04-11,06:12,0
489.25,282.57,9,0,0,ATM,2026-04-11,06:16,0
272.2,298.38,5,0,0,Card,2026-04-11,06:29,0
360.13,309.57,5,0,0,Bank Transfer,2026-04-11,06:37,0
1137.68,1114.38,4,0,0,Online,2026-04-11,06:41,0
873.53,458.14,4,0,0,Online,2026-04-11,07:06,0
153.25,100.0,5,0,0,Online,2026-04-11,07:16,0
226.21,132.4,3,0,0,Online,2026-04-11,07:34,0
604.0,473.94,5,0,0,Card,2026-04-11,08:54,0
544.77,383.59,7,0,0,Bank Transfer,2026-04-11,09:05,0
165.2,182.46,4,0,0,UPI,2026-04-11,09:21,0
762.62,275.36,5,0,0,Card,2026-04-11,09:45,0
189.19,100.0,4,1,0,Online,2026-04-11,09:45,0
1222.01,765.71,4,0,0,Online,2026-04-11,10:03,0
632.72,311.66,6,0,0,Card,2026-04-11,10:52,0
154.14,107.24,9,0,0,Online,2026-04-11,11:07,0
257.31,247.01,6,0,0,Online,2026-04-11,11:16,0
253.54,302.83,5,0,0,UPI,2026-04-11,11:47,0
462.15,241.13,6,0,0,Card,2026-04-11,12:08,0
339.21,195.41,6,0,0,Online,2026-04-11,12:57,0
152.37,152.9,11,0,0,Online,2026-04-11,13:32,0
123.33,100.0,2,0,0,UPI,2026-04-11,14:09,0
643.34,610.0,7,0,0,UPI,2026-04-11,14:15,0
514.55,435.3,2,0,0,UPI,2026-04-11,14:23,0
441.29,475.12,6,0,0,Online,2026-04-11,15:06,0
507.82,192.13,5,0,0,Online,2026-04-11,15:16,0
238.39,281.97,5,0,0,Card,2026-04-11,15:19,0
471.72,551.73,4,0,0,UPI,2026-04-11,15:49,0
3490.25,1288.01,6,0,0,Online,2026-04-11,16:00,0
1094.86,848.06,5,0,0,Bank Transfer,2026-04-11,16:17,0
315.72,218.23,4,1,0,Card,2026-04-11,16:20,1
258.56,146.36,3,0,0,Online,2026-04-11,16:27,0
35.47,100.0,5,0,0,Bank Transfer,2026-04-11,17:00,0
1000.63,498.73,5,0,1,Bank Transfer,2026-04-11,17:15,0
787.3,451.93,3,0,0,Online,2026-04-11,17:23,0
254.1,100.0,8,0,0,Online,2026-04-11,17:23,0
119.47,100.73,5,0,0,Online,2026-04-11,17:33,0
151.11,163.45,3,0,0,UPI,2026-04-11,17:47,0
588.59,517.15,3,1,0,Bank Transfer,2026-04-11,18:08,0
373.93,337.98,4,0,0,Online,2026-04-11,18:26,0
726.22,295.12,3,0,0,Card,2026-04-11,18:31,0
434.19,415.77,7,0,0,UPI,2026-04-11,19:15,0
917.58,640.16,3,0,0,Card,2026-04-11,19:56,0
552.33,415.71,8,0,0,UPI,2026-04-11,20:07,0
816.05,691.41,4,0,0,Online,2026-04-11,20:08,0
68.29,100.0,3,0,0,Online,2026-04-11,20:26,0
141.29,139.3,6,0,0,Bank Transfer,2026-04-11,20:39,0
295.98,275.66,2,0,0,ATM,2026-04-11,20:39,0
1009.93,724.23,4,0,0,Card,2026-04-11,20:55,0
1995.1,756.71,4,0,0,Card,2026-04-11,21:20,0
350.86,283.46,4,0,0,UPI,2026-04-11,21:37,0
239.88,218.71,3,0,0,ATM,2026-04-11,22:00,0
76.58,100.0,6,0,0,UPI,2026-04-11,22:03,0
840.53,728.48,6,1,0,UPI,2026-04-11,22:22,0
252.73,152.98,3,0,1,UPI,2026-04-11,22:47,0
4986.97,2682.38,4,0,0,ATM,2026-04-11,22:49,0
215.19,100.0,2,0,0,Online,2026-04-11,23:11,0
2415.07,2288.05,4,0,0,Bank Transfer,2026-04-11,23:22,0
762.13,895.63,4,0,0,Online,2026-04-11,23:48,0
168.34,134.04,3,0,0,UPI,2026-04-12,01:24,0
491.43,453.2,5,0,0,Online,2026-04-12,01:31,0
777.18,729.55,5,0,0,Card,2026-04-12,01:49,0
333.13,162.31,6,0,0,Online,2026-04-12,01:55,0
822.45,421.94,4,0,0,Online,2026-04-12,03:17,0
807.19,425.35,8,0,1,Online,2026-04-12,03:28,0
669.74,765.45,6,0,0,Online,2026-04-12,03:38,0
397.82,144.51,4,0,0,Online,2026-04-12,03:43,0
148.61,120.37,2,0,0,UPI,2026-04-12,04:01,0
377.94,253.45,3,1,0,Bank Transfer,2026-04-12,04:21,0
468.56,426.6,6,0,0,UPI,2026-04-12,04:31,0
81.89,100.0,6,0,0,Online,2026-04-12,04:34,0
465.84,543.64,5,0,0,Online,2026-04-12,04:45,0
371.56,234.65,5,1,0,ATM,2026-04-12,04:55,0
134.0,152.37,4,0,0,Card,2026-04-12,05:33,0
303.97,258.63,2,0,0,ATM,2026-04-12,05:47,0
309.49,217.35,6,0,0,UPI,2026-04-12,05:52,0
2080.95,2026.44,3,0,0,UPI,2026-04-12,06:12,0
486.43,398.93,5,0,0,UPI,2026-04-12,06:29,0
973.25,455.28,3,0,0,Online,2026-04-12,06:39,0
364.99,346.3,4,0,0,Card,2026-04-12,06:55,0
82.04,100.0,4,0,0,Bank Transfer,2026-04-12,07:15,0
714.43,593.55,4,1,0,UPI,2026-04-12,07:25,0
230.57,225.36,6,0,0,Online,2026-04-12,07:33,0
303.31,274.63,6,0,0,ATM,2026-04-12,07:40,0
164.84,109.01,3,1,0,Online,2026-04-12,07:44,0
429.17,266.39,5,0,0,Bank Transfer,2026-04-12,08:50,0
997.65,561.87,4,0,0,UPI,2026-04-12,09:04,0
891.43,747.8,11,0,0,Bank Transfer,2026-04-12,09:25,0
1553.49,939.71,4,0,0,ATM,2026-04-12,09:56,0
1752.44,792.73,2,0,0,Bank Transfer,2026-04-12,10:00,0
70.88,100.0,7,0,1,Bank Transfer,2026-04-12,10:02,0
146.27,100.0,5,0,0,Card,2026-04-12,10:09,0
86.75,100.0,4,0,0,UPI,2026-04-12,10:24,0
690.31,739.77,8,0,0,UPI,2026-04-12,10:39,0
223.83,211.92,5,0,0,Card,2026-04-12,11:16,0
266.19,266.51,5,0,0,Bank Transfer,2026-04-12,11:47,0
335.59,217.4,3,0,0,Card,2026-04-12,11:49,0
558.46,488.55,2,0,0,ATM,2026-04-12,11:50,0
114.15,130.4,3,0,0,ATM,2026-04-12,11:52,0
138.37,100.0,4,0,0,Online,2026-04-12,11:57,0
403.87,165.03,5,0,0,Card,2026-04-12,12:01,0
1117.59,553.48,7,0,0,Online,2026-04-12,12:04,0
394.81,439.37,2,0,0,UPI,2026-04-12,12:16,0
205.84,121.3,5,0,0,ATM,2026-04-12,12:24,0
64.98,100.0,4,0,0,Online,2026-04-12,12:33,0
906.67,729.31,5,0,1,UPI,2026-04-12,12:38,0
215.82,251.65,4,0,0,UPI,2026-04-12,12:41,1
152.12,100.0,3,1,0,Bank Transfer,2026-04-12,13:00,0
93.88,100.0,1,0,0,Card,2026-04-12,13:46,0
118.72,138.24,4,0,0,ATM,2026-04-12,14:29,0
178.21,100.0,4,0,0,Online,2026-04-12,14:32,0
329.3,282.61,3,0,0,Card,2026-04-12,15:04,0
144.4,100.0,8,0,0,UPI,2026-04-12,16:25,0
472.41,270.94,6,0,0,Card,2026-04-12,16:30,0
327.18,133.76,4,0,0,Online,2026-04-12,16:32,0
2666.96,1681.86,5,0,0,Online,2026-04-12,16:39,0
94.75,100.0,4,0,1,Online,2026-04-12,16:53,1
462.78,476.04,7,0,1,Online,2026-04-12,16:54,0
467.74,347.94,4,0,0,ATM,2026-04-12,17:05,0
168.01,116.64,4,1,0,UPI,2026-04-12,18:43,0
437.45,410.54,1,0,0,Card,2026-04-12,18:56,0
776.0,896.38,2,0,0,UPI,2026-04-12,19:17,0
437.91,265.51,2,0,0,ATM,2026-04-12,19:17,0
1308.71,532.3,3,0,0,UPI,2026-04-12,19:51,0
63.37,100.0,2,0,0,ATM,2026-04-12,19:55,0
197.18,212.68,2,0,0,UPI,2026-04-12,20:27,0
1413.46,1510.96,2,0,0,Online,2026-04-12,20:36,0
875.87,660.46,5,0,0,Bank Transfer,2026-04-12,20:53,0
638.7,303.7,4,0,0,Online,2026-04-12,21:23,0
1150.82,917.8,6,0,0,Card,2026-04-12,21:30,0
79.12,100.0,3,0,0,Bank Transfer,2026-04-12,21:50,0
793.35,501.72,6,0,1,Bank Transfer,2026-04-12,21:55,0
996.96,418.86,1,0,0,ATM,2026-04-12,22:00,0
230.47,143.73,3,0,0,UPI,2026-04-12,22:27,0
3770.08,3532.52,5,0,0,Bank Transfer,2026-04-12,22:28,0
476.7,563.28,6,0,0,ATM,2026-04-12,22:51,0
62.56,100.0,2,0,0,ATM,2026-04-12,23:12,0
557.85,628.9,4,0,0,UPI,2026-04-12,23:24,0
218.79,161.5,3,0,0,Online,2026-04-12,23:28,0
1085.99,992.31,2,0,1,Online,2026-04-12,23:52,1
642.75,696.83,5,0,0,Online,2026-04-12,23:59,0
242.69,199.93,5,0,1,Bank Transfer,2026-04-13,00:01,0
1446.76,581.95,2,0,0,UPI,2026-04-13,00:18,0
896.53,516.32,3,0,0,Card,2026-04-13,00:53,0
199.59,206.07,4,0,0,Card,2026-04-13,01:15,0
354.52,290.69,2,0,0,Card,2026-04-13,01:29,0
626.02,394.21,7,0,0,Card,2026-04-13,01:30,0
296.0,250.36,3,0,1,UPI,2026-04-13,02:16,0
303.62,175.58,5,0,0,UPI,2026-04-13,02:31,0
416.22,230.94,6,0,0,Bank Transfer,2026-04-13,02:46,0
163.05,171.88,3,0,0,ATM,2026-04-13,02:58,0
60.47,100.0,6,0,0,UPI,2026-04-13,03:10,0
494.36,288.16,4,0,0,UPI,2026-04-13,03:47,0
74.4,100.0,5,0,0,Online,2026-04-13,04:20,0
173.45,196.44,4,0,0,Card,2026-04-13,04:51,0
89.49,100.0,2,0,1,Online,2026-04-13,05:09,0
99.37,100.0,5,0,0,UPI,2026-04-13,05:27,0
579.64,377.17,8,0,0,UPI,2026-04-13,05:27,0
333.97,134.04,6,0,0,Online,2026-04-13,05:28,0
323.88,133.98,2,0,0,Card,2026-04-13,05:31,0
131.83,100.0,4,0,0,UPI,2026-04-13,06:03,0
231.03,109.57,3,0,0,ATM,2026-04-13,06:54,0
555.57,496.86,9,0,0,Online,2026-04-13,07:06,0
385.96,199.53,7,0,0,UPI,2026-04-13,07:14,0
811.82,544.83,7,0,0,Card,2026-04-13,07:14,0
916.29,870.24,9,0,0,Online,2026-04-13,07:17,0
325.58,122.76,7,0,0,Online,2026-04-13,07:22,0
83.56,100.0,3,0,0,UPI,2026-04-13,07:27,0
212.06,253.73,9,1,1,UPI,2026-04-13,08:00,0
371.28,318.34,3,0,0,Bank Transfer,2026-04-13,08:13,0
208.51,189.95,4,0,0,Online,2026-04-13,08:19,0
164.61,129.82,5,0,0,Card,2026-04-13,08:21,0
428.07,501.28,2,1,1,UPI,2026-04-13,08:23,1
3183.57,1504.72,2,0,0,Card,2026-04-13,08:35,0
266.41,108.5,4,0,0,Card,2026-04-13,09:28,0
402.47,420.07,5,0,0,Online,2026-04-13,09:39,0
132.26,100.0,4,0,0,ATM,2026-04-13,09:45,0
1160.83,960.39,6,0,0,Bank Transfer,2026-04-13,09:45,0
848.55,298.01,7,0,0,ATM,2026-04-13,09:47,0
800.21,516.94,4,1,0,Online,2026-04-13,09:49,0
1281.55,1157.57,9,1,0,Online,2026-04-13,10:14,0
280.55,228.71,1,0,0,Online,2026-04-13,10:22,0
311.98,257.66,5,0,0,Card,2026-04-13,10:26,0
1725.72,834.8,5,0,0,Online,2026-04-13,10:30,0
690.78,414.83,8,0,1,Card,2026-04-13,10:32,0
61.17,100.0,4,0,0,Online,2026-04-13,10:34,0
593.83,219.6,5,0,0,Card,2026-04-13,10:37,0
246.06,210.62,7,0,0,UPI,2026-04-13,11:03,0
865.62,683.41,4,1,0,Bank Transfer,2026-04-13,11:08,0
570.76,366.63,5,0,0,Online,2026-04-13,11:34,0
91.89,100.0,2,0,0,Bank Transfer,2026-04-13,11:52,0
507.0,521.75,7,0,0,UPI,2026-04-13,11:59,0
482.53,325.56,5,0,0,UPI,2026-04-13,12:15,0
549.46,229.61,6,0,0,Bank Transfer,2026-04-13,12:15,0
658.0,768.36,5,0,0,Online,2026-04-13,12:22,0
1438.81,663.02,5,0,0,Card,2026-04-13,12:50,0
573.53,589.49,1,0,0,UPI,2026-04-13,13:16,0
411.36,148.85,5,1,0,Card,2026-04-13,13:17,0
1070.38,706.17,3,0,0,UPI,2026-04-13,13:20,0
2714.41,2138.69,2,0,0,UPI,2026-04-13,13:57,0
878.14,329.58,4,0,0,Online,2026-04-13,14:09,0
480.72,468.2,5,0,0,Online,2026-04-13,14:20,0
582.69,333.0,2,0,0,Card,2026-04-13,14:22,0
501.52,406.23,5,0,0,UPI,2026-04-13,14:34,0
409.83,419.45,7,0,0,Online,2026-04-13,14:39,0
2541.21,2166.25,4,0,0,Card,2026-04-13,14:43,0
213.43,157.36,2,0,0,Online,2026-04-13,14:48,0
1076.71,684.46,6,0,0,ATM,2026-04-13,15:10,0
362.5,140.77,9,0,0,Online,2026-04-13,15:16,1
114.62,129.07,5,0,0,Online,2026-04-13,15:43,0
343.76,293.27,7,1,1,Online,2026-04-13,15:51,1
253.47,224.78,4,0,1,Online,2026-04-13,15:57,0
659.14,477.51,5,1,0,UPI,2026-04-13,16:33,0
435.98,290.72,6,1,0,Card,2026-04-13,17:00,0
169.23,100.0,5,0,0,Online,2026-04-13,18:02,0
1408.61,695.35,5,0,0,UPI,2026-04-13,18:37,0
1019.04,725.27,3,0,0,Online,2026-04-13,18:42,0
1553.32,862.79,6,0,0,ATM,2026-04-13,18:48,0
493.45,191.35,4,0,0,ATM,2026-04-13,19:27,0
391.36,318.61,9,0,0,Bank Transfer,2026-04-13,19:27,0
733.65,546.2,5,0,0,Online,2026-04-13,19:30,0
246.94,174.87,5,0,0,Card,2026-04-13,19:40,0
450.59,458.06,8,0,0,UPI,2026-04-13,20:28,0
347.47,298.68,4,0,0,Bank Transfer,2026-04-13,20:52,0
116.53,100.0,5,0,0,UPI,2026-04-13,21:04,0
449.59,448.52,7,0,0,Online,2026-04-13,21:06,0
277.32,210.82,5,0,0,Online,2026-04-13,21:20,0
328.27,259.1,4,0,0,Card,2026-04-13,21:31,0
549.61,607.95,4,0,0,Card,2026-04-13,21:35,0
1189.93,526.95,7,0,0,Online,2026-04-13,21:39,0
196.08,168.53,2,0,0,Bank Transfer,2026-04-13,21:55,0
303.06,178.75,3,0,0,Card,2026-04-13,22:02,0
210.54,100.0,11,0,0,Card,2026-04-13,22:17,0
199.21,143.78,4,0,0,Online,2026-04-13,22:29,0
243.38,143.85,3,0,0,UPI,2026-04-13,23:14,0
341.39,119.92,6,0,0,Card,2026-04-13,23:30,0
663.81,510.47,8,0,0,Bank Transfer,2026-04-13,23:37,0
529.74,325.5,5,1,0,Online,2026-04-13,23:52,0
164.3,118.13,3,0,0,Online,2026-04-14,00:35,0
1212.01,436.29,8,0,0,UPI,2026-04-14,00:46,0
900.32,622.58,4,0,0,UPI,2026-04-14,00:48,0
187.54,140.63,6,1,1,Card,2026-04-14,01:14,1
1141.95,852.03,5,0,0,Online,2026-04-14,01:19,0
532.67,511.03,3,0,0,Online,2026-04-14,01:20,0
353.19,421.22,2,0,0,Online,2026-04-14,02:10,0
546.96,204.39,2,0,0,Online,2026-04-14,02:11,0
394.69,271.0,4,0,0,Card,2026-04-14,02:50,0
641.18,691.33,4,0,0,Online,2026-04-14,02:56,0
473.06,417.16,7,0,0,Bank Transfer,2026-04-14,03:27,0
302.83,359.18,3,0,0,Online,2026-04-14,03:42,0
72.1,100.0,1,0,0,Card,2026-04-14,03:46,0
631.5,609.79,2,0,1,Bank Transfer,2026-04-14,03:51,0
293.65,121.77,4,0,0,UPI,2026-04-14,03:56,0
781.53,456.39,5,1,0,Online,2026-04-14,04:02,0
607.54,514.13,4,1,0,UPI,2026-04-14,04:02,0
300.21,238.38,8,0,0,Card,2026-04-14,04:24,0
962.51,960.78,6,0,0,Online,2026-04-14,04:29,0
480.16,573.6,5,0,1,Card,2026-04-14,04:45,0
463.63,243.77,3,0,0,Bank Transfer,2026-04-14,05:37,0
358.74,256.19,3,0,0,UPI,2026-04-14,06:08,0
1687.53,1834.03,4,0,0,ATM,2026-04-14,06:48,0
220.02,233.76,5,0,0,Online,2026-04-14,07:02,0
306.66,320.34,6,0,0,ATM,2026-04-14,07:09,0
140.93,123.64,5,0,0,UPI,2026-04-14,07:46,0
748.24,893.56,4,0,0,Online,2026-04-14,08:24,0
245.96,160.91,2,0,0,UPI,2026-04-14,08:47,0
270.55,121.44,6,0,0,Online,2026-04-14,08:52,0
259.98,120.29,7,0,0,Online,2026-04-14,09:01,0
425.52,306.52,3,0,0,UPI,2026-04-14,09:17,0
139.33,144.1,5,0,0,UPI,2026-04-14,09:45,0
59.93,100.0,7,0,0,Card,2026-04-14,09:58,0
595.29,517.71,6,0,0,Online,2026-04-14,10:12,0
66.92,100.0,5,0,0,UPI,2026-04-14,10:49,0
833.82,798.47,5,0,0,Online,2026-04-14,10:49,0
1517.39,728.61,3,0,1,Card,2026-04-14,10:52,0
350.87,277.92,4,0,0,ATM,2026-04-14,11:26,0
1217.52,617.72,2,0,0,Card,2026-04-14,11:28,0
395.2,295.73,4,0,0,Card,2026-04-14,12:24,0
1570.82,1124.58,2,0,0,Card,2026-04-14,12:26,0
273.75,236.49,4,0,0,UPI,2026-04-14,12:32,0
54.05,100.0,5,0,0,ATM,2026-04-14,12:52,0
376.94,444.55,3,0,0,Online,2026-04-14,13:18,0
1722.91,1921.5,3,1,0,Online,2026-04-14,13:22,1
635.7,381.4,3,0,0,Online,2026-04-14,13:42,0
260.34,117.93,2,0,0,Card,2026-04-14,13:49,0
533.56,216.11,5,0,0,Online,2026-04-14,14:20,0
921.0,477.35,7,0,0,Online,2026-04-14,14:36,0
375.11,202.11,4,0,0,Bank Transfer,2026-04-14,14:47,0
3760.97,4157.3,7,0,0,Online,2026-04-14,14:49,0
259.87,295.25,4,0,0,UPI,2026-04-14,15:06,0
945.9,516.37,7,0,0,Online,2026-04-14,15:10,0
770.97,767.05,5,0,0,Online,2026-04-14,15:25,1
222.55,235.99,3,0,0,ATM,2026-04-14,15:26,0
281.24,188.68,5,0,0,Online,2026-04-14,15:36,0
958.51,1045.6,2,0,0,Card,2026-04-14,15:52,0
456.26,543.11,5,0,0,UPI,2026-04-14,15:54,0
537.73,630.56,6,0,1,Bank Transfer,2026-04-14,16:00,0
100.43,100.0,7,0,0,UPI,2026-04-14,16:06,0
704.58,469.19,6,0,0,UPI,2026-04-14,16:21,0
515.02,279.63,4,0,0,Online,2026-04-14,16:22,0
382.1,456.2,2,1,0,UPI,2026-04-14,16:35,0
548.26,320.6,4,0,1,Card,2026-04-14,16:57,0
284.91,205.88,4,0,0,Online,2026-04-14,16:59,0
243.93,140.14,5,0,0,Card,2026-04-14,17:15,0
328.45,253.47,7,0,0,Card,2026-04-14,18:18,0
271.9,120.67,4,0,0,UPI,2026-04-14,19:01,0
2574.6,2671.66,6,0,1,Card,2026-04-14,19:03,0
875.76,682.51,7,0,0,Card,2026-04-14,19:12,0
177.12,125.15,5,1,0,Card,2026-04-14,19:18,0
2277.54,1500.15,6,0,0,UPI,2026-04-14,20:02,0
279.24,235.35,8,0,1,UPI,2026-04-14,20:56,0
413.66,419.0,4,0,0,Card,2026-04-14,21:08,0
865.06,966.43,7,0,0,Card,2026-04-14,21:08,0
75.6,100.0,3,1,0,Card,2026-04-14,21:15,0
329.81,240.33,5,0,1,Bank Transfer,2026-04-14,21:28,0
247.81,262.41,6,0,0,Online,2026-04-14,21:45,0
480.26,383.88,3,0,1,UPI,2026-04-14,22:13,0
552.55,493.12,3,1,0,UPI,2026-04-14,22:29,0
377.79,348.84,4,0,0,Online,2026-04-14,22:38,0
363.18,250.5,5,0,0,Online,2026-04-14,22:59,0
997.61,761.32,5,0,0,Card,2026-04-14,23:11,0
521.27,489.31,3,0,0,Online,2026-04-14,23:13,0
417.89,255.64,4,0,0,Bank Transfer,2026-04-14,23:30,0
457.46,450.54,5,0,0,Online,2026-04-14,23:43,1
1920.82,1250.43,6,0,0,Bank Transfer,2026-04-15,00:24,0
467.21,396.04,4,0,0,ATM,2026-04-15,00:33,0
260.53,276.68,7,0,0,UPI,2026-04-15,01:13,0
79.63,100.0,3,0,0,ATM,2026-04-15,01:32,0
119.24,100.0,4,0,0,Card,2026-04-15,01:37,0
271.25,224.32,6,0,0,UPI,2026-04-15,01:42,0
367.93,161.96,4,0,0,Bank Transfer,2026-04-15,01:43,0
251.57,132.01,6,0,0,Online,2026-04-15,01:43,0
543.74,536.52,4,0,0,Card,2026-04-15,02:13,0
248.83,100.0,2,0,1,Bank Transfer,2026-04-15,02:37,0
185.43,161.05,6,0,0,ATM,2026-04-15,03:23,0
679.09,257.4,4,0,0,Online,2026-04-15,03:26,0
1292.05,579.53,4,0,0,Online,2026-04-15,03:28,0
157.42,107.33,6,0,0,Bank Transfer,2026-04-15,03:31,0
496.29,580.68,4,1,0,Card,2026-04-15,03:35,1
79.9,100.0,6,0,0,ATM,2026-04-15,03:50,0
115.2,100.0,3,0,0,UPI,2026-04-15,04:01,0
244.58,171.12,5,1,0,UPI,2026-04-15,04:18,0
1058.57,882.27,7,0,0,Online,2026-04-15,04:29,0
208.12,182.42,3,0,0,Online,2026-04-15,04:43,0
201.61,116.47,6,0,0,UPI,2026-04-15,05:26,0
416.0,215.36,5,0,0,Bank Transfer,2026-04-15,05:30,0
416.35,321.01,2,0,0,Online,2026-04-15,05:50,0
206.98,185.9,7,0,0,Online,2026-04-15,06:10,0
2182.64,2278.87,5,0,0,Card,2026-04-15,07:29,1
321.96,274.92,5,1,0,UPI,2026-04-15,07:52,0
444.32,417.03,2,0,1,Card,2026-04-15,08:03,0
286.71,218.3,10,0,0,Online,2026-04-15,08:50,0
586.38,487.7,9,0,0,Online,2026-04-15,09:23,0
1152.53,1025.9,7,1,0,UPI,2026-04-15,09:30,0
1659.24,914.04,5,0,0,Card,2026-04-15,09:51,0
211.05,241.43,8,0,0,Card,2026-04-15,09:58,0
1028.31,661.76,5,0,0,UPI,2026-04-15,10:00,0
643.7,556.14,3,0,1,Card,2026-04-15,10:06,0
923.67,763.7,7,0,0,Card,2026-04-15,10:27,0
373.12,401.23,11,0,0,ATM,2026-04-15,10:48,0
344.13,153.68,5,0,1,Online,2026-04-15,10:49,0
893.69,984.48,6,0,0,Bank Transfer,2026-04-15,11:10,0
908.22,423.65,4,0,0,UPI,2026-04-15,11:21,0
1526.7,721.9,6,0,0,UPI,2026-04-15,11:22,0
477.6,517.2,3,0,0,UPI,2026-04-15,11:40,0
368.38,209.44,10,0,0,UPI,2026-04-15,12:05,0
49.86,100.0,6,0,0,UPI,2026-04-15,12:27,1
102.56,100.0,6,0,0,Card,2026-04-15,12:49,0
288.56,330.14,3,0,0,Bank Transfer,2026-04-15,12:53,0
158.24,160.58,2,0,0,Online,2026-04-15,12:59,0
805.94,511.57,3,1,1,Online,2026-04-15,13:17,0
132.49,137.97,10,0,0,Online,2026-04-15,13:31,0
263.46,142.77,5,0,0,Bank Transfer,2026-04-15,13:31,0
272.4,237.87,5,0,0,Online,2026-04-15,14:15,0
1123.31,1110.78,4,0,0,Online,2026-04-15,14:20,0
240.57,227.98,4,0,0,Online,2026-04-15,14:52,0
592.62,538.2,6,0,0,UPI,2026-04-15,15:23,0
476.44,502.87,5,0,0,Bank Transfer,2026-04-15,15:52,0
869.39,715.32,5,0,0,Online,2026-04-15,15:54,0
831.04,946.64,8,0,0,UPI,2026-04-15,15:59,0
392.12,185.51,3,0,0,Card,2026-04-15,16:45,0
95.41,100.0,8,0,0,Online,2026-04-15,16:51,0
331.3,336.45,4,0,0,Card,2026-04-15,17:02,0
396.64,242.69,7,0,0,ATM,2026-04-15,17:41,0
514.45,373.75,10,0,0,UPI,2026-04-15,18:27,0
215.53,217.02,6,0,0,Card,2026-04-15,18:52,0
1063.97,859.46,4,0,1,ATM,2026-04-15,20:11,1
408.13,207.93,4,0,0,UPI,2026-04-15,20:42,0
184.49,100.0,3,0,1,ATM,2026-04-15,21:50,0
273.28,165.62,5,0,1,UPI,2026-04-15,21:56,0
2078.21,1262.64,4,0,0,ATM,2026-04-15,22:10,0
709.61,330.8,7,1,0,Online,2026-04-15,22:10,0
983.57,1042.05,6,0,0,Card,2026-04-15,22:39,0
166.44,100.0,6,1,0,ATM,2026-04-15,23:30,1
224.64,231.81,6,0,0,Card,2026-04-15,23:31,0
226.06,266.17,5,0,0,Bank Transfer,2026-04-16,00:13,0
471.88,298.31,2,0,1,Bank Transfer,2026-04-16,00:39,0
347.96,408.75,4,0,0,Online,2026-04-16,00:42,0
266.12,136.39,9,0,0,ATM,2026-04-16,01:16,0
296.05,266.55,7,1,0,Bank Transfer,2026-04-16,01:20,1
205.42,244.97,5,0,0,ATM,2026-04-16,01:30,0
346.24,359.09,6,0,0,Online,2026-04-16,01:53,0
1039.23,566.63,6,0,0,UPI,2026-04-16,02:00,0
111.48,100.0,7,0,0,UPI,2026-04-16,02:13,0
541.59,310.37,5,1,0,ATM,2026-04-16,02:21,1
1303.85,1501.44,4,1,0,Card,2026-04-16,02:31,0
345.26,192.86,7,0,0,Online,2026-04-16,02:40,0
257.35,201.55,7,0,0,UPI,2026-04-16,02:50,0
885.01,572.96,4,0,0,UPI,2026-04-16,02:58,0
174.76,114.83,2,0,0,UPI,2026-04-16,02:59,0
395.72,275.81,10,0,0,ATM,2026-04-16,03:12,0
166.69,107.23,5,0,0,Online,2026-04-16,03:23,1
82.3,100.0,3,0,0,Card,2026-04-16,03:55,0
354.54,252.31,3,0,0,Online,2026-04-16,05:03,0
137.84,100.0,6,0,0,Card,2026-04-16,05:47,0
399.45,311.61,6,0,0,UPI,2026-04-16,07:01,0
1040.83,679.4,7,0,1,Card,2026-04-16,07:02,1
1951.04,1934.21,5,0,0,ATM,2026-04-16,07:04,0
436.81,339.82,4,0,0,Bank Transfer,2026-04-16,07:44,0
959.42,751.07,9,0,0,Online,2026-04-16,07:46,0
566.3,299.21,7,0,1,UPI,2026-04-16,07:56,0
291.3,109.59,3,0,0,Card,2026-04-16,08:29,0
78.57,100.0,5,0,1,UPI,2026-04-16,08:34,1
1607.63,1731.68,6,0,0,Online,2026-04-16,08:42,0
165.38,100.0,3,1,0,Card,2026-04-16,09:00,0
1306.82,857.31,6,0,0,Online,2026-04-16,09:00,0
636.69,416.6,5,0,0,Card,2026-04-16,09:04,0
175.98,163.94,7,0,0,Card,2026-04-16,09:14,0
525.95,267.79,11,0,0,Bank Transfer,2026-04-16,09:17,0
2472.47,2922.23,6,0,0,Card,2026-04-16,09:18,0
1488.17,599.11,5,0,0,UPI,2026-04-16,09:50,0
260.91,307.28,1,0,0,Online,2026-04-16,10:15,0
220.26,100.0,4,0,0,UPI,2026-04-16,10:23,0
439.3,272.31,5,0,0,UPI,2026-04-16,10:33,0
350.48,197.35,5,0,0,Online,2026-04-16,11:07,1
1118.54,638.34,6,0,0,Bank Transfer,2026-04-16,11:08,0
756.46,904.33,5,0,0,Online,2026-04-16,12:16,0
95.74,100.0,6,0,0,Online,2026-04-16,12:38,0
595.78,269.05,5,0,0,UPI,2026-04-16,12:44,0
346.46,410.54,5,0,0,UPI,2026-04-16,12:52,0
416.36,231.6,8,0,0,Online,2026-04-16,13:01,0
498.5,205.21,3,0,0,Online,2026-04-16,13:49,0
1117.58,414.12,6,0,0,Bank Transfer,2026-04-16,13:55,0
926.23,688.88,4,0,0,Card,2026-04-16,14:41,0
213.3,241.16,6,1,0,Bank Transfer,2026-04-16,15:15,0
383.82,139.87,4,0,0,Card,2026-04-16,15:33,0
275.55,266.29,9,0,0,Online,2026-04-16,15:35,0
96.59,100.0,7,0,0,Card,2026-04-16,15:49,0
367.61,197.12,9,0,0,Online,2026-04-16,15:59,0
1935.35,1835.14,5,0,0,Online,2026-04-16,16:08,0
94.14,100.0,4,0,0,Bank Transfer,2026-04-16,16:52,1
395.26,326.16,4,0,0,Online,2026-04-16,17:13,0
384.63,200.75,5,0,0,UPI,2026-04-16,17:23,0
515.21,183.09,5,0,0,Card,2026-04-16,17:27,0
177.98,173.83,6,0,0,Online,2026-04-16,17:36,0
120.14,103.28,5,0,0,UPI,2026-04-16,18:00,0
124.98,100.0,6,0,0,Card,2026-04-16,18:03,0
1250.49,664.69,6,0,0,UPI,2026-04-16,18:32,0
174.99,174.58,4,0,0,Card,2026-04-16,18:41,0
263.85,108.25,4,0,0,Online,2026-04-16,18:44,0
2413.75,2163.44,4,0,0,UPI,2026-04-16,18:59,0
216.13,202.11,5,0,0,Card,2026-04-16,19:09,0
539.71,291.32,5,0,0,Card,2026-04-16,19:29,0
996.49,758.16,3,0,0,Online,2026-04-16,19:50,0
956.58,757.77,6,0,0,Online,2026-04-16,19:53,0
130.08,110.91,5,0,0,Bank Transfer,2026-04-16,20:07,0
220.01,245.53,4,0,0,Online,2026-04-16,20:18,0
521.66,424.86,7,0,0,UPI,2026-04-16,20:25,0
2079.05,846.63,2,0,0,UPI,2026-04-16,20:30,0
211.18,135.84,4,0,0,UPI,2026-04-16,20:34,0
265.19,234.44,6,0,0,UPI,2026-04-16,20:43,0
576.31,364.9,7,0,0,UPI,2026-04-16,20:47,0
683.15,685.02,6,0,0,Online,2026-04-16,21:05,0
719.25,367.84,5,0,1,UPI,2026-04-16,21:16,0
196.49,100.0,6,0,0,Card,2026-04-16,21:42,0
256.66,140.23,2,0,0,UPI,2026-04-16,21:44,0
484.53,530.4,8,0,0,UPI,2026-04-16,21:46,0
1179.64,1095.64,5,0,0,Bank Transfer,2026-04-16,21:50,0
329.41,260.9,4,0,0,UPI,2026-04-16,21:51,0
395.85,239.6,7,0,0,UPI,2026-04-16,21:52,0
168.67,190.74,3,1,0,UPI,2026-04-16,22:45,0
1965.97,2173.3,1,0,0,Bank Transfer,2026-04-16,23:23,0
459.95,317.13,2,0,0,UPI,2026-04-17,00:29,1
1008.37,998.1,3,0,0,Online,2026-04-17,00:51,0
413.81,466.17,6,0,0,UPI,2026-04-17,00:56,0
433.75,267.34,3,0,0,Bank Transfer,2026-04-17,01:05,0
112.7,100.0,3,0,0,UPI,2026-04-17,01:28,0
64.84,100.0,5,1,1,Online,2026-04-17,01:44,0
1169.25,815.1,5,0,0,Online,2026-04-17,01:57,0
431.1,429.92,7,0,0,Online,2026-04-17,02:23,0
480.81,387.72,8,0,0,Bank Transfer,2026-04-17,02:48,0
139.53,100.0,4,0,0,ATM,2026-04-17,02:52,0
187.24,122.25,7,0,0,Card,2026-04-17,02:57,0
995.21,916.15,3,1,0,Online,2026-04-17,03:10,0
1770.69,700.16,7,0,0,UPI,2026-04-17,03:18,0
237.92,152.47,2,0,0,Bank Transfer,2026-04-17,03:37,0
713.91,259.64,7,0,0,Bank Transfer,2026-04-17,03:51,0
474.15,496.78,3,0,0,Card,2026-04-17,04:03,0
364.14,163.72,1,0,0,Online,2026-04-17,04:06,0
1947.23,809.32,3,0,0,UPI,2026-04-17,04:21,0
274.45,279.56,6,0,0,UPI,2026-04-17,04:27,0
1158.18,493.48,2,0,0,UPI,2026-04-17,04:44,0
557.92,519.77,4,0,0,UPI,2026-04-17,04:53,0
397.68,267.59,2,0,0,Online,2026-04-17,05:18,0
1294.93,1357.67,3,0,0,Online,2026-04-17,05:23,0
516.26,260.93,5,0,0,Bank Transfer,2026-04-17,05:24,0
371.68,156.76,4,0,0,Online,2026-04-17,05:39,0
1303.13,709.09,3,0,0,UPI,2026-04-17,05:50,0
1166.63,1332.66,4,0,0,Bank Transfer,2026-04-17,06:38,0
1120.66,1182.01,2,0,0,ATM,2026-04-17,07:29,0
14.81,100.0,5,0,0,UPI,2026-04-17,07:32,0
586.49,308.02,4,0,0,Bank Transfer,2026-04-17,07:36,0
483.14,233.51,8,0,0,Card,2026-04-17,07:55,0
391.65,210.72,10,0,0,Card,2026-04-17,08:23,0
677.43,355.17,2,0,0,UPI,2026-04-17,08:24,0
503.44,556.29,8,0,0,Online,2026-04-17,09:02,0
717.76,263.41,6,0,0,Online,2026-04-17,09:33,1
321.25,352.77,5,0,0,ATM,2026-04-17,09:37,0
1441.52,555.29,6,0,1,Bank Transfer,2026-04-17,09:48,0
782.19,823.5,1,0,0,ATM,2026-04-17,09:57,0
639.79,455.46,4,0,0,Bank Transfer,2026-04-17,09:57,0
613.79,255.11,8,0,0,Online,2026-04-17,11:12,0
1078.89,1110.35,10,0,0,UPI,2026-04-17,11:20,0
961.44,546.07,12,0,0,Bank Transfer,2026-04-17,11:24,0
366.55,401.86,4,0,1,Online,2026-04-17,11:29,1
936.14,926.23,8,0,1,UPI,2026-04-17,11:38,0
467.75,554.06,4,0,0,Card,2026-04-17,12:40,0
2057.79,2175.27,7,0,0,UPI,2026-04-17,13:02,0
1025.64,569.04,7,0,0,Online,2026-04-17,13:21,0
237.04,165.41,4,0,0,Card,2026-04-17,14:04,0
2925.16,2755.9,4,0,0,Online,2026-04-17,14:16,0
67.58,100.0,8,0,1,Bank Transfer,2026-04-17,15:44,0
693.5,564.88,5,0,1,Card,2026-04-17,15:49,0
223.23,123.22,3,0,0,Online,2026-04-17,16:21,0
1997.9,1825.1,4,0,0,Online,2026-04-17,16:37,0
500.14,320.5,5,0,0,Card,2026-04-17,17:18,0
205.46,100.0,5,0,0,Card,2026-04-17,17:31,0
321.65,377.18,11,0,0,Online,2026-04-17,17:38,1
219.9,234.7,3,0,0,Card,2026-04-17,17:50,0
311.09,189.19,4,0,0,UPI,2026-04-17,18:03,0
305.1,140.4,8,0,1,Card,2026-04-17,18:17,0
213.05,207.71,4,0,0,Card,2026-04-17,18:17,0
507.53,272.83,7,0,0,Online,2026-04-17,18:32,0
562.58,486.43,5,0,0,Bank Transfer,2026-04-17,19:40,0
172.97,175.09,6,0,0,Bank Transfer,2026-04-17,20:21,0
98.54,100.0,4,0,0,Card,2026-04-17,20:34,0
525.48,311.05,4,0,0,Card,2026-04-17,20:41,1
634.05,255.12,5,0,0,Online,2026-04-17,20:41,0
750.46,466.69,5,0,0,UPI,2026-04-17,20:46,0
644.52,552.89,4,0,0,Online,2026-04-17,20:56,0
1535.8,740.91,5,0,0,UPI,2026-04-17,21:12,0
941.53,1092.29,7,0,0,UPI,2026-04-17,21:31,0
3935.74,3794.26,4,0,0,Bank Transfer,2026-04-17,21:45,0
5628.23,2945.34,4,0,0,Online,2026-04-17,22:07,0
90.52,100.0,6,0,0,UPI,2026-04-17,22:24,0
62.33,100.0,3,0,0,Card,2026-04-17,22:31,0
400.9,270.61,8,0,1,Card,2026-04-17,22:33,0
619.3,511.54,7,1,0,Online,2026-04-17,22:36,0
378.23,167.15,5,1,0,Online,2026-04-17,23:14,0
733.66,391.05,8,0,0,UPI,2026-04-17,23:20,0
320.63,153.01,5,0,0,Online,2026-04-17,23:29,0
223.66,111.36,9,0,0,UPI,2026-04-18,00:11,0
254.31,230.64,3,0,0,UPI,2026-04-18,00:20,0
340.31,407.26,1,0,0,Bank Transfer,2026-04-18,00:30,0
826.32,746.53,9,0,0,ATM,2026-04-18,00:42,0
266.74,316.62,5,0,1,UPI,2026-04-18,00:43,0
315.57,265.22,7,1,0,UPI,2026-04-18,00:54,0
655.03,387.0,6,0,0,Online,2026-04-18,01:11,0
340.71,371.87,3,1,0,Card,2026-04-18,01:24,1
1042.32,424.34,3,0,0,UPI,2026-04-18,01:39,0
184.64,100.0,6,0,0,Card,2026-04-18,01:54,0
153.56,177.44,4,0,0,Bank Transfer,2026-04-18,02:09,0
522.66,471.78,5,0,0,UPI,2026-04-18,02:11,1
568.87,648.29,6,0,0,Card,2026-04-18,03:12,0
193.4,100.0,4,0,0,Online,2026-04-18,03:33,0
1264.02,1267.84,2,0,0,UPI,2026-04-18,03:54,0
2071.85,1138.66,5,0,0,Bank Transfer,2026-04-18,04:14,0
236.59,151.85,3,0,0,Online,2026-04-18,04:15,0
1428.25,1591.27,2,0,0,Online,2026-04-18,04:45,0
53.26,100.0,5,0,0,UPI,2026-04-18,04:56,0
1006.96,926.36,3,0,0,Card,2026-04-18,04:57,0
194.59,214.86,7,1,0,Online,2026-04-18,05:23,0
924.88,1008.34,3,0,1,Online,2026-04-18,05:32,1
178.2,100.0,5,0,0,ATM,2026-04-18,05:45,1
380.61,184.4,3,0,0,Online,2026-04-18,06:07,0
202.63,229.14,1,0,0,Card,2026-04-18,06:28,0
336.37,278.53,4,1,0,UPI,2026-04-18,06:42,0
1911.1,1448.94,4,1,1,ATM,2026-04-18,09:01,0
368.06,149.24,7,0,0,ATM,2026-04-18,09:20,0
2425.41,900.54,6,0,0,UPI,2026-04-18,09:24,0
290.63,337.25,5,0,0,Bank Transfer,2026-04-18,09:25,0
1433.68,1079.24,7,0,0,Online,2026-04-18,09:37,0
101.31,103.18,5,0,0,UPI,2026-04-18,09:42,0
316.23,169.82,8,1,0,UPI,2026-04-18,10:56,0
255.78,141.06,8,0,0,Card,2026-04-18,11:20,0
1490.77,1231.7,5,0,0,Online,2026-04-18,11:21,0
472.23,516.91,8,0,0,Bank Transfer,2026-04-18,11:21,0
68.38,100.0,10,0,0,Bank Transfer,2026-04-18,11:31,0
132.47,100.0,3,0,0,Card,2026-04-18,11:59,0
170.59,139.54,7,0,0,Online,2026-04-18,12:33,0
892.43,342.7,9,0,0,Online,2026-04-18,12:55,0
799.72,537.37,5,0,0,Online,2026-04-18,12:59,0
312.52,257.15,5,0,0,Online,2026-04-18,13:11,0
253.1,100.0,3,1,1,Bank Transfer,2026-04-18,13:12,0
741.69,661.81,6,1,0,UPI,2026-04-18,14:07,0
154.46,100.0,7,1,0,UPI,2026-04-18,14:25,0
595.27,572.63,5,0,0,Card,2026-04-18,14:58,0
553.71,571.11,3,1,0,Online,2026-04-18,16:33,0
319.45,339.57,5,1,0,Bank Transfer,2026-04-18,17:09,0
565.68,521.77,5,0,0,ATM,2026-04-18,17:11,0
440.0,364.03,4,0,1,UPI,2026-04-18,17:24,0
615.73,376.47,4,0,0,UPI,2026-04-18,17:42,0
129.8,100.0,5,0,0,Card,2026-04-18,17:49,0
680.16,288.39,5,0,0,Card,2026-04-18,18:21,0
965.47,918.19,7,0,0,ATM,2026-04-18,18:22,0
529.96,196.61,8,0,0,Online,2026-04-18,18:29,0
672.52,471.72,2,0,1,Online,2026-04-18,19:04,1
367.44,286.71,3,0,0,Online,2026-04-18,19:24,0
860.6,776.76,6,0,1,Bank Transfer,2026-04-18,20:03,0
426.44,273.65,7,0,0,Online,2026-04-18,20:13,0
152.06,110.45,4,0,0,Card,2026-04-18,20:25,0
810.12,688.01,1,0,0,UPI,2026-04-18,21:49,0
100.58,114.13,7,0,0,Bank Transfer,2026-04-18,21:56,0
513.04,472.6,7,0,0,UPI,2026-04-18,22:18,0
291.03,164.8,5,0,0,Card,2026-04-18,23:13,0
275.64,294.98,4,0,0,Card,2026-04-18,23:30,0
466.94,185.28,1,0,0,Bank Transfer,2026-04-18,23:32,0
220.77,128.37,5,0,0,Online,2026-04-18,23:39,0
623.52,275.55,3,0,0,UPI,2026-04-19,00:20,0
423.38,309.06,3,0,0,UPI,2026-04-19,00:21,0
238.72,212.79,6,0,0,Online,2026-04-19,00:27,0
1258.22,1008.27,3,0,0,UPI,2026-04-19,01:13,0
480.13,499.13,5,0,0,Card,2026-04-19,01:26,0
689.65,574.04,6,0,0,Card,2026-04-19,01:58,0
1344.93,736.71,6,0,0,Online,2026-04-19,02:38,0
1326.3,1068.95,7,0,0,UPI,2026-04-19,02:38,0
660.38,643.98,6,1,0,Bank Transfer,2026-04-19,02:57,0
311.92,242.52,5,0,0,Bank Transfer,2026-04-19,03:29,0
119.67,100.0,5,0,0,Online,2026-04-19,03:35,0
480.91,384.6,2,0,1,Card,2026-04-19,03:57,0
1022.9,834.53,6,1,0,Online,2026-04-19,03:59,0
545.21,334.74,3,1,1,Bank Transfer,2026-04-19,04:17,0
21.59,100.0,5,0,0,Bank Transfer,2026-04-19,04:19,0
845.18,445.01,6,0,0,ATM,2026-04-19,05:35,0
890.49,336.52,2,0,0,Online,2026-04-19,05:37,0
312.3,306.14,6,0,1,UPI,2026-04-19,05:44,0
934.59,996.24,4,0,1,Online,2026-04-19,05:53,0
687.99,616.66,4,0,0,Bank Transfer,2026-04-19,06:09,0
225.27,168.64,4,0,0,ATM,2026-04-19,06:13,0
1188.69,1401.37,4,0,0,UPI,2026-04-19,07:21,0
137.37,100.0,6,0,0,Card,2026-04-19,07:50,0
384.27,267.07,4,0,0,Bank Transfer,2026-04-19,07:51,0
353.03,300.94,4,0,0,Card,2026-04-19,09:15,0
200.01,143.18,3,0,1,UPI,2026-04-19,09:48,0
522.29,429.33,5,0,0,UPI,2026-04-19,10:17,0
1228.82,1439.67,4,0,0,Online,2026-04-19,10:47,0
1165.12,643.0,4,0,1,UPI,2026-04-19,10:47,0
746.29,355.44,5,0,0,Card,2026-04-19,11:17,0
95.44,100.0,5,0,1,Bank Transfer,2026-04-19,12:10,0
129.6,100.88,9,0,0,UPI,2026-04-19,12:24,0
464.63,444.29,8,0,0,Card,2026-04-19,12:38,0
391.86,455.3,6,0,0,Online,2026-04-19,12:53,0
264.18,247.11,2,0,0,Online,2026-04-19,13:43,0
2037.59,2422.9,2,0,0,Online,2026-04-19,14:16,0
441.41,246.92,2,0,0,UPI,2026-04-19,14:24,0
639.73,337.5,5,0,0,Online,2026-04-19,14:37,0
934.22,570.39,5,0,1,Online,2026-04-19,15:11,0
422.72,430.78,3,0,1,Online,2026-04-19,15:37,1
3649.71,1856.01,3,0,0,Online,2026-04-19,15:49,0
181.4,100.0,4,1,0,UPI,2026-04-19,16:10,0
241.01,168.7,5,1,1,Card,2026-04-19,16:17,0
181.02,112.22,8,0,1,Bank Transfer,2026-04-19,16:21,0
1522.73,1369.7,4,0,1,Card,2026-04-19,16:29,0
797.73,882.8,4,1,0,ATM,2026-04-19,16:36,1
254.03,118.85,5,0,1,UPI,2026-04-19,16:38,0
193.58,157.72,3,0,0,Online,2026-04-19,16:39,0
1309.18,556.59,9,0,1,Card,2026-04-19,16:40,0
548.64,295.31,6,0,0,Card,2026-04-19,17:01,0
1337.9,819.78,3,0,0,ATM,2026-04-19,17:19,0
383.32,322.85,7,0,0,ATM,2026-04-19,17:36,0
623.16,512.02,5,0,0,UPI,2026-04-19,17:59,0
520.71,466.87,3,0,0,UPI,2026-04-19,18:35,0
237.34,248.28,3,0,0,Bank Transfer,2026-04-19,18:46,0
356.91,181.72,3,0,0,Card,2026-04-19,19:10,0
147.43,144.76,5,0,0,ATM,2026-04-19,20:02,0
614.0,563.02,5,0,0,Card,2026-04-19,20:04,0
770.52,321.89,7,0,0,Card,2026-04-19,20:13,0
936.02,601.85,2,1,0,UPI,2026-04-19,20:14,0
710.92,265.56,6,0,0,Card,2026-04-19,20:26,0
361.77,154.35,6,0,0,UPI,2026-04-19,20:41,0
1508.96,892.12,8,0,0,Card,2026-04-19,21:58,0
861.32,479.45,2,0,0,Card,2026-04-19,22:17,0
1313.26,1464.47,10,0,1,Online,2026-04-19,23:56,0
1385.19,1537.18,3,0,0,Card,2026-04-19,23:57,0
362.58,305.0,2,0,0,UPI,2026-04-20,00:11,0
560.99,546.84,4,0,1,UPI,2026-04-20,00:55,0
779.29,934.88,6,0,0,ATM,2026-04-20,00:56,0
151.9,106.13,6,0,0,Online,2026-04-20,01:10,0
154.79,122.91,4,0,0,UPI,2026-04-20,01:40,0
133.7,120.79,7,0,0,Online,2026-04-20,01:59,0
368.01,416.76,4,0,0,Online,2026-04-20,02:34,0
303.89,312.24,6,0,0,Online,2026-04-20,02:35,0
119.07,100.0,6,0,0,UPI,2026-04-20,02:53,0
458.04,437.89,6,0,0,Card,2026-04-20,02:55,0
371.94,209.83,6,0,0,Card,2026-04-20,03:42,0
1102.02,624.48,6,0,0,Online,2026-04-20,04:36,0
2232.85,1820.11,6,0,0,Bank Transfer,2026-04-20,04:52,0
594.66,560.08,8,0,0,Card,2026-04-20,05:24,0
223.15,108.31,4,0,0,ATM,2026-04-20,05:27,0
699.05,431.55,3,0,0,UPI,2026-04-20,05:43,0
406.63,389.84,3,0,0,ATM,2026-04-20,06:21,0
328.95,157.63,6,0,0,Online,2026-04-20,06:54,0
193.96,207.97,6,0,1,Bank Transfer,2026-04-20,07:09,0
271.89,200.56,7,0,0,UPI,2026-04-20,07:30,0
346.84,294.16,4,0,0,Bank Transfer,2026-04-20,09:02,0
799.1,334.29,6,0,0,Online,2026-04-20,09:42,0
622.89,723.38,8,1,0,Card,2026-04-20,09:47,0
1904.05,2135.21,4,0,0,Online,2026-04-20,09:49,0
715.65,366.1,2,0,0,ATM,2026-04-20,09:50,0
578.62,528.65,5,0,0,Bank Transfer,2026-04-20,10:50,0
310.97,318.48,2,0,0,Online,2026-04-20,11:04,0
167.03,100.0,7,1,0,UPI,2026-04-20,11:06,1
248.54,208.98,6,0,0,UPI,2026-04-20,11:38,0
222.55,238.77,3,0,0,Online,2026-04-20,11:47,0
45.75,100.0,4,0,1,Card,2026-04-20,12:00,0
171.17,194.32,6,0,1,Card,2026-04-20,12:09,0
1574.79,615.16,6,0,0,ATM,2026-04-20,12:10,0
551.87,624.35,7,0,0,Card,2026-04-20,12:24,0
292.94,345.85,3,0,0,Card,2026-04-20,12:30,1
566.06,273.15,4,0,0,UPI,2026-04-20,13:12,0
76.68,100.0,3,0,0,Card,2026-04-20,13:12,0
512.75,450.01,7,0,0,Card,2026-04-20,13:13,0
1194.96,1325.51,2,0,0,UPI,2026-04-20,13:29,0
363.96,176.74,3,0,0,Bank Transfer,2026-04-20,13:37,0
89.46,100.0,7,0,0,UPI,2026-04-20,13:39,0
283.77,291.78,9,0,0,ATM,2026-04-20,14:01,0
1196.76,835.94,5,0,0,ATM,2026-04-20,14:03,0
502.62,434.37,7,0,0,Online,2026-04-20,14:44,0
120.84,100.0,7,1,0,Card,2026-04-20,15:11,0
3018.41,3553.26,5,0,0,UPI,2026-04-20,15:38,0
138.97,100.0,9,0,0,UPI,2026-04-20,15:42,0
328.16,379.42,6,1,0,Card,2026-04-20,15:55,0
167.04,138.56,6,0,0,Bank Transfer,2026-04-20,16:49,0
167.23,187.06,3,0,0,Online,2026-04-20,17:59,0
274.7,123.68,3,1,0,UPI,2026-04-20,18:09,0
692.79,620.24,7,0,0,Bank Transfer,2026-04-20,18:25,0
1208.28,1285.72,2,0,0,Bank Transfer,2026-04-20,19:07,0
290.54,296.02,10,0,0,Bank Transfer,2026-04-20,19:11,0
170.95,100.0,5,1,0,UPI,2026-04-20,19:31,0
605.98,445.01,4,0,0,ATM,2026-04-20,20:09,0
621.27,278.36,3,0,1,Card,2026-04-20,20:50,0
494.88,237.49,1,0,0,ATM,2026-04-20,20:51,0
509.98,484.66,2,0,0,Bank Transfer,2026-04-20,20:55,0
366.62,426.41,6,0,0,Online,2026-04-20,21:14,0
438.53,389.85,6,0,0,UPI,2026-04-20,21:29,0
345.71,151.08,3,0,1,Online,2026-04-20,21:40,0
1001.95,558.49,5,0,0,Online,2026-04-20,22:52,0
2681.66,1802.19,5,0,0,UPI,2026-04-20,23:02,0
469.99,214.57,8,0,0,Online,2026-04-20,23:06,0
401.18,429.57,3,0,0,Card,2026-04-20,23:15,0
501.44,258.41,7,0,0,Online,2026-04-20,23:21,0
230.62,106.11,2,0,0,Card,2026-04-20,23:32,0
772.96,747.33,6,0,0,UPI,2026-04-20,23:40,0
586.99,268.73,3,0,0,Online,2026-04-20,23:41,0
282.2,197.19,5,0,1,Online,2026-04-21,00:30,0
868.49,684.53,4,0,0,Online,2026-04-21,00:48,0
409.99,171.46,3,0,0,Online,2026-04-21,01:02,0
176.88,145.47,3,0,0,ATM,2026-04-21,01:06,0
543.95,412.39,8,0,0,Online,2026-04-21,01:20,0
493.46,453.07,4,0,0,Card,2026-04-21,01:22,0
912.65,489.43,4,0,0,UPI,2026-04-21,01:49,0
817.96,534.24,2,0,0,Online,2026-04-21,01:50,0
367.66,334.83,5,1,0,UPI,2026-04-21,02:07,1
270.08,102.7,3,0,0,Online,2026-04-21,02:26,0
404.03,181.18,8,0,0,UPI,2026-04-21,03:02,0
549.39,324.7,4,0,0,UPI,2026-04-21,03:09,0
608.62,268.04,7,1,0,UPI,2026-04-21,03:17,0
521.23,199.94,7,0,0,ATM,2026-04-21,03:41,0
373.48,444.17,4,0,0,Card,2026-04-21,04:35,0
941.33,694.13,7,0,0,ATM,2026-04-21,04:58,0
227.43,182.77,7,0,0,Online,2026-04-21,04:59,0
3319.25,1880.91,6,0,0,Card,2026-04-21,05:03,1
771.71,275.14,7,0,0,Online,2026-04-21,05:08,0
154.72,152.88,5,0,0,Bank Transfer,2026-04-21,05:20,0
472.22,455.78,6,0,0,Bank Transfer,2026-04-21,05:25,0
778.04,915.49,7,0,0,UPI,2026-04-21,06:05,0
299.78,110.3,6,0,0,UPI,2026-04-21,06:18,0
113.2,100.0,5,0,0,UPI,2026-04-21,06:20,0
166.8,159.35,4,0,0,ATM,2026-04-21,06:23,0
639.56,403.28,6,0,0,Bank Transfer,2026-04-21,06:25,0
90.79,100.0,5,0,0,ATM,2026-04-21,06:59,0
117.69,100.0,4,0,0,Online,2026-04-21,07:06,0
636.71,270.32,7,0,0,Card,2026-04-21,07:09,0
333.9,354.59,2,0,0,Bank Transfer,2026-04-21,07:14,1
223.32,244.62,7,0,0,UPI,2026-04-21,07:27,0
264.93,236.15,6,0,0,Online,2026-04-21,07:56,0
115.56,100.0,5,1,0,UPI,2026-04-21,08:04,0
608.98,611.09,2,0,0,Online,2026-04-21,08:15,0
203.25,180.25,7,0,0,Bank Transfer,2026-04-21,08:19,0
255.85,261.79,3,0,0,Online,2026-04-21,08:19,0
541.73,424.86,10,0,0,Online,2026-04-21,09:02,0
324.36,377.75,7,0,0,UPI,2026-04-21,09:15,0
221.64,132.21,6,0,1,Online,2026-04-21,09:26,0
74.36,100.0,4,0,0,Card,2026-04-21,09:31,0
551.32,571.63,2,0,0,Online,2026-04-21,09:56,0
431.45,478.82,8,0,0,Bank Transfer,2026-04-21,10:55,0
259.88,300.09,4,0,0,Online,2026-04-21,11:05,0
167.04,114.55,4,0,0,Online,2026-04-21,11:50,0
407.83,385.17,5,0,0,UPI,2026-04-21,12:26,0
606.92,362.13,10,0,0,ATM,2026-04-21,12:27,0
438.38,395.41,5,0,0,UPI,2026-04-21,12:30,0
1623.53,822.47,8,0,0,Bank Transfer,2026-04-21,13:33,0
734.4,520.13,3,0,0,Card,2026-04-21,13:40,0
368.27,416.95,5,0,0,Bank Transfer,2026-04-21,13:48,0
755.62,785.29,4,0,0,Online,2026-04-21,13:58,0
420.47,324.61,8,0,0,ATM,2026-04-21,14:06,0
419.23,199.06,8,0,0,Bank Transfer,2026-04-21,14:17,0
1214.28,836.38,2,1,0,UPI,2026-04-21,14:39,0
188.04,100.0,4,1,0,Card,2026-04-21,14:45,0
411.5,167.99,6,0,0,ATM,2026-04-21,14:45,0
1109.04,1242.72,6,0,0,Card,2026-04-21,15:02,0
524.6,402.75,4,0,0,Card,2026-04-21,15:07,0
294.8,125.58,11,0,0,Online,2026-04-21,15:08,0
94.61,100.0,6,0,0,UPI,2026-04-21,15:12,0
58.57,100.0,6,0,0,Card,2026-04-21,15:27,0
2356.08,1618.02,4,1,0,Card,2026-04-21,15:31,0
524.39,286.18,6,1,0,Online,2026-04-21,15:32,0
245.56,120.31,7,0,0,Card,2026-04-21,15:58,0
542.96,436.28,3,0,0,Online,2026-04-21,16:02,0
180.27,173.38,7,0,0,Card,2026-04-21,16:10,0
304.44,232.63,3,1,0,UPI,2026-04-21,16:21,0
181.31,189.95,4,0,0,Online,2026-04-21,16:25,0
121.35,137.1,5,0,1,Online,2026-04-21,16:37,0
67.41,100.0,10,0,0,Online,2026-04-21,16:51,0
103.75,120.66,5,0,1,Bank Transfer,2026-04-21,18:20,0
961.12,1095.36,4,0,0,Card,2026-04-21,18:56,0
174.36,184.42,5,0,1,Online,2026-04-21,18:57,0
635.66,380.59,3,0,1,Online,2026-04-21,19:38,0
909.73,453.21,7,0,0,UPI,2026-04-21,19:39,0
409.15,396.05,7,0,0,UPI,2026-04-21,19:45,0
313.0,334.51,6,0,1,Online,2026-04-21,19:54,0
451.72,474.15,5,0,0,Bank Transfer,2026-04-21,20:31,0
283.12,253.98,3,0,0,UPI,2026-04-21,20:42,0
1122.51,1184.68,5,0,0,Bank Transfer,2026-04-21,21:19,0
1988.34,1891.09,5,0,0,Bank Transfer,2026-04-21,21:21,0
1383.46,1266.64,3,0,0,UPI,2026-04-21,21:21,0
64.79,100.0,7,0,0,UPI,2026-04-21,21:23,0
278.25,206.3,7,0,0,Card,2026-04-21,21:38,0
404.86,153.35,7,0,0,Online,2026-04-21,22:02,0
598.01,256.25,6,0,0,Bank Transfer,2026-04-21,22:24,0
92.92,100.0,6,0,0,UPI,2026-04-21,22:27,0
91.66,100.0,4,0,0,ATM,2026-04-21,23:00,0
1225.09,1379.74,7,0,0,UPI,2026-04-21,23:16,0
250.82,183.8,9,1,0,Card,2026-04-21,23:27,0
113.94,107.67,4,0,0,Online,2026-04-21,23:31,0
157.89,100.0,2,0,0,Online,2026-04-21,23:34,0
562.23,601.84,8,0,0,Bank Transfer,2026-04-21,23:39,0
200.5,151.65,6,1,0,UPI,2026-04-21,23:56,1
495.41,408.69,4,0,0,Online,2026-04-22,00:03,0
175.58,158.23,10,0,0,Bank Transfer,2026-04-22,00:15,0
91.6,100.0,7,0,0,Bank Transfer,2026-04-22,00:52,0
1353.87,1121.97,4,0,0,UPI,2026-04-22,00:57,0
565.92,556.22,4,0,0,Card,2026-04-22,01:23,0
303.78,314.57,4,0,0,Bank Transfer,2026-04-22,01:28,0
259.0,158.05,5,0,0,Bank Transfer,2026-04-22,01:29,0
1401.31,1588.73,8,0,0,Online,2026-04-22,01:52,1
667.01,434.1,2,0,1,Online,2026-04-22,02:08,1
1069.33,621.79,5,0,0,Card,2026-04-22,02:29,0
245.64,151.0,7,0,0,UPI,2026-04-22,02:50,0
421.18,275.76,6,0,0,Card,2026-04-22,02:57,0
567.86,351.73,5,0,0,Online,2026-04-22,03:04,0
252.76,269.74,5,0,0,Bank Transfer,2026-04-22,03:16,0
371.96,307.61,3,0,0,Bank Transfer,2026-04-22,03:36,0
245.66,288.03,5,0,0,Card,2026-04-22,03:36,0
566.34,238.64,5,1,0,UPI,2026-04-22,03:40,0
131.21,114.4,5,0,1,Bank Transfer,2026-04-22,03:53,1
656.01,283.15,4,0,0,Card,2026-04-22,04:06,0
525.37,388.79,6,0,0,UPI,2026-04-22,04:08,0
339.4,229.21,1,1,0,Bank Transfer,2026-04-22,04:14,0
591.16,548.99,3,0,0,Bank Transfer,2026-04-22,04:16,0
295.83,290.99,1,0,0,UPI,2026-04-22,04:38,0
228.24,126.07,6,0,0,Online,2026-04-22,05:29,0
640.45,329.61,4,0,0,UPI,2026-04-22,05:45,0
664.45,469.49,6,0,0,UPI,2026-04-22,05:49,0
262.12,145.66,3,0,0,Online,2026-04-22,06:28,0
243.69,225.45,3,0,0,Bank Transfer,2026-04-22,06:35,0
345.32,272.82,5,0,0,Online,2026-04-22,06:46,0
252.34,265.7,4,0,0,Bank Transfer,2026-04-22,06:55,0
1474.91,1746.41,4,0,1,Bank Transfer,2026-04-22,06:57,0
527.95,354.46,3,0,1,Online,2026-04-22,07:26,0
408.47,459.61,5,1,1,ATM,2026-04-22,07:54,1
182.58,184.51,2,0,0,Card,2026-04-22,07:59,0
756.08,360.46,9,0,0,UPI,2026-04-22,08:08,0
239.88,254.4,6,0,0,Online,2026-04-22,08:09,0
231.64,175.88,5,1,0,ATM,2026-04-22,08:15,1
778.0,741.27,4,0,0,ATM,2026-04-22,08:26,0
560.72,531.13,5,0,0,Online,2026-04-22,08:32,0
48.04,100.0,7,1,0,Card,2026-04-22,08:49,0
352.8,351.74,3,0,0,Card,2026-04-22,08:53,0
448.85,471.71,4,0,0,Online,2026-04-22,09:20,0
302.28,188.25,6,0,0,Bank Transfer,2026-04-22,09:33,0
462.34,544.26,3,0,0,Card,2026-04-22,10:52,0
86.64,100.0,2,0,1,UPI,2026-04-22,10:58,0
36.37,100.0,6,0,0,Bank Transfer,2026-04-22,11:21,0
176.06,190.16,5,0,1,UPI,2026-04-22,11:25,0
512.81,233.44,4,0,0,Bank Transfer,2026-04-22,11:49,0
26.02,100.0,4,0,0,Online,2026-04-22,12:24,0
196.96,208.88,4,0,0,Bank Transfer,2026-04-22,13:13,0
78.7,100.0,4,0,1,UPI,2026-04-22,13:14,0
328.25,325.85,5,0,1,Card,2026-04-22,13:33,0
2130.72,1619.27,4,0,0,UPI,2026-04-22,13:34,0
335.43,189.0,6,0,0,UPI,2026-04-22,13:48,0
368.2,293.19,6,0,0,Online,2026-04-22,14:04,0
823.32,566.2,5,0,0,Online,2026-04-22,14:05,0
410.8,453.03,3,0,0,Online,2026-04-22,14:33,0
336.05,279.65,3,0,0,Online,2026-04-22,14:35,0
886.83,605.93,5,0,0,Card,2026-04-22,14:36,0
602.51,466.17,4,1,0,Bank Transfer,2026-04-22,14:56,1
515.6,589.61,6,0,0,Online,2026-04-22,14:56,0
358.54,312.38,7,0,0,Card,2026-04-22,15:28,0
300.62,163.73,2,0,0,Card,2026-04-22,15:42,0
879.71,681.84,8,0,0,Card,2026-04-22,16:05,0
303.08,226.04,5,0,0,UPI,2026-04-22,16:12,0
1148.91,705.25,6,0,0,ATM,2026-04-22,16:12,0
165.66,161.66,2,0,0,Card,2026-04-22,16:22,0
1364.74,788.88,6,0,0,UPI,2026-04-22,16:41,0
602.59,463.19,4,0,0,Online,2026-04-22,17:03,0
177.11,128.38,4,0,0,UPI,2026-04-22,17:12,0
621.81,464.39,10,0,0,ATM,2026-04-22,17:13,0
232.12,193.07,8,0,0,Bank Transfer,2026-04-22,17:17,0
415.06,386.34,2,0,0,UPI,2026-04-22,17:33,0
266.76,125.79,7,0,1,UPI,2026-04-22,17:41,0
360.33,214.42,5,0,0,Online,2026-04-22,17:48,0
898.04,904.25,6,0,1,Card,2026-04-22,18:19,0
626.87,703.08,2,0,0,UPI,2026-04-22,19:09,0
155.0,100.0,6,0,0,Online,2026-04-22,19:47,0
162.73,100.0,7,0,0,Online,2026-04-22,19:59,0
507.84,580.84,7,1,0,Bank Transfer,2026-04-22,20:00,0
540.08,256.94,6,0,0,UPI,2026-04-22,20:19,0
227.4,268.88,3,0,0,ATM,2026-04-22,20:45,0
1560.28,1644.51,4,0,0,UPI,2026-04-22,20:59,0
805.51,364.57,4,0,0,Card,2026-04-22,21:13,0
237.05,103.62,4,0,0,UPI,2026-04-22,21:29,0
218.35,257.8,5,0,1,ATM,2026-04-22,22:10,0
332.41,188.34,4,0,0,Online,2026-04-22,22:14,0
304.27,245.81,3,0,0,Card,2026-04-22,22:20,1
1173.49,646.36,5,0,0,ATM,2026-04-22,22:26,0
931.55,801.66,4,0,0,Bank Transfer,2026-04-22,22:43,0
415.64,442.25,4,1,0,UPI,2026-04-22,22:47,0
717.82,652.05,5,0,0,Online,2026-04-22,23:05,0
812.02,316.38,3,0,0,Card,2026-04-22,23:12,0
423.91,362.83,3,0,0,Online,2026-04-22,23:15,0
568.06,517.99,6,0,0,Online,2026-04-22,23:24,0
668.52,348.14,6,0,0,Card,2026-04-22,23:33,0
610.61,609.27,4,0,0,ATM,2026-04-22,23:42,0
208.1,183.72,5,0,0,ATM,2026-04-22,23:48,0
226.77,100.0,4,0,1,Bank Transfer,2026-04-23,00:30,0
315.67,365.54,4,0,0,Card,2026-04-23,01:06,0
221.26,161.24,5,0,0,Card,2026-04-23,01:22,0
115.34,100.0,4,0,0,ATM,2026-04-23,01:26,0
716.63,303.33,5,0,1,UPI,2026-04-23,01:36,0
541.56,361.9,1,0,1,Card,2026-04-23,02:09,0
129.22,100.0,2,0,1,Online,2026-04-23,02:32,0
328.72,198.31,6,0,0,ATM,2026-04-23,02:53,0
344.94,353.29,4,0,0,ATM,2026-04-23,02:57,0
470.9,423.36,2,0,0,Bank Transfer,2026-04-23,02:58,0
160.83,100.0,3,0,0,Online,2026-04-23,03:03,0
127.63,121.48,4,0,0,ATM,2026-04-23,03:20,0
627.51,605.53,7,0,0,Online,2026-04-23,03:24,0
109.52,100.0,3,0,0,Card,2026-04-23,03:36,0
331.04,396.06,8,0,0,UPI,2026-04-23,03:41,0
305.77,180.7,2,1,0,Online,2026-04-23,03:54,1
363.29,145.2,4,1,0,Online,2026-04-23,03:57,0
500.1,187.28,5,0,0,UPI,2026-04-23,04:12,0
1569.93,977.23,2,0,0,Online,2026-04-23,04:25,0
103.59,100.0,4,0,0,Bank Transfer,2026-04-23,04:34,0
849.88,353.97,4,0,0,Card,2026-04-23,04:35,0
47.69,100.0,4,0,0,Online,2026-04-23,04:39,0
1319.03,1471.7,6,0,0,Card,2026-04-23,04:57,0
71.06,100.0,7,0,0,UPI,2026-04-23,04:59,0
3200.09,2949.2,8,0,0,UPI,2026-04-23,05:16,0
289.66,264.3,10,0,0,Online,2026-04-23,05:28,0
1208.13,1172.79,14,0,0,UPI,2026-04-23,05:29,0
1013.87,780.76,4,0,0,UPI,2026-04-23,06:11,0
278.38,192.51,4,0,0,Online,2026-04-23,07:24,0
297.14,181.45,4,0,0,ATM,2026-04-23,07:43,0
198.03,100.0,2,0,0,Online,2026-04-23,07:45,0
787.82,652.18,8,0,0,UPI,2026-04-23,07:48,0
281.48,211.57,5,0,0,Card,2026-04-23,07:50,0
201.11,100.0,8,0,0,Card,2026-04-23,07:58,0
636.95,368.17,8,0,0,UPI,2026-04-23,08:06,0
188.18,191.78,10,0,1,ATM,2026-04-23,08:41,0
305.02,173.02,4,0,0,Online,2026-04-23,08:56,0
441.88,314.56,4,0,0,Online,2026-04-23,09:09,0
233.68,113.83,2,0,0,UPI,2026-04-23,09:57,0
265.65,131.33,7,1,0,Card,2026-04-23,10:04,0
1487.33,1476.76,5,1,0,Online,2026-04-23,10:30,0
339.14,137.92,7,0,1,UPI,2026-04-23,11:59,0
297.17,176.01,10,0,0,Online,2026-04-23,12:48,0
347.63,411.5,4,0,0,UPI,2026-04-23,12:53,0
593.65,447.91,7,0,0,Bank Transfer,2026-04-23,13:06,0
167.54,144.97,3,0,0,Online,2026-04-23,13:21,0
580.06,518.96,7,0,0,UPI,2026-04-23,13:29,0
501.42,259.09,3,0,0,ATM,2026-04-23,13:36,0
88.2,100.0,7,0,1,Bank Transfer,2026-04-23,13:39,0
1854.03,1280.39,5,0,0,Card,2026-04-23,13:40,0
1396.45,762.58,3,0,0,Online,2026-04-23,14:53,0
204.29,112.13,3,0,1,Online,2026-04-23,15:21,0
155.39,134.67,5,0,0,Card,2026-04-23,15:23,0
489.72,216.56,9,0,0,Online,2026-04-23,15:32,0
120.06,100.0,7,0,1,ATM,2026-04-23,15:46,0
1286.45,1077.15,4,0,0,UPI,2026-04-23,15:47,0
270.92,198.29,5,0,0,UPI,2026-04-23,16:19,0
1601.24,1393.31,4,0,0,UPI,2026-04-23,16:29,0
200.19,100.0,3,0,0,Online,2026-04-23,16:30,0
366.73,348.09,7,0,0,UPI,2026-04-23,16:38,0
1184.56,1270.33,4,0,0,UPI,2026-04-23,16:48,0
306.51,243.83,6,0,1,UPI,2026-04-23,16:55,0
508.4,541.31,3,0,0,UPI,2026-04-23,17:02,0
1021.23,704.35,8,0,0,Card,2026-04-23,17:04,1
251.48,104.89,10,0,0,UPI,2026-04-23,17:11,0
138.04,100.0,6,0,0,Card,2026-04-23,17:28,0
116.76,100.0,5,0,0,ATM,2026-04-23,17:28,0
662.43,719.21,3,0,0,Bank Transfer,2026-04-23,17:28,0
561.42,356.22,8,0,0,ATM,2026-04-23,18:04,0
994.67,614.54,4,0,0,Online,2026-04-23,18:36,0
319.6,353.1,4,0,0,UPI,2026-04-23,18:47,0
119.57,100.0,6,0,0,ATM,2026-04-23,18:49,0
54.61,100.0,3,0,0,UPI,2026-04-23,19:01,0
4618.24,2898.58,3,0,0,Card,2026-04-23,19:11,0
631.37,731.59,3,0,1,Card,2026-04-23,19:17,0
453.17,231.65,4,0,0,Bank Transfer,2026-04-23,19:17,0
511.24,493.53,4,0,1,ATM,2026-04-23,19:24,0
119.51,100.0,5,0,0,Card,2026-04-23,19:36,0
205.28,242.62,10,0,0,UPI,2026-04-23,19:42,0
1775.49,2121.62,2,0,0,Card,2026-04-23,19:44,0
705.99,723.38,8,0,0,Card,2026-04-23,19:59,0
210.81,100.0,6,0,0,UPI,2026-04-23,21:11,0
142.2,106.46,6,0,0,Online,2026-04-23,21:29,0
260.25,280.12,4,0,0,Online,2026-04-23,21:35,0
308.55,275.45,3,0,0,UPI,2026-04-23,21:50,0
2302.55,2526.19,5,0,0,Online,2026-04-23,21:56,0
343.77,353.9,7,0,0,Card,2026-04-23,22:03,0
146.77,100.0,5,0,0,UPI,2026-04-23,22:30,0
383.83,197.98,2,0,0,ATM,2026-04-23,22:35,0
505.07,315.25,4,0,0,Online,2026-04-23,22:47,0
135.85,127.91,6,0,0,Card,2026-04-23,23:04,0
567.84,430.94,3,0,0,Online,2026-04-23,23:14,1
1127.3,436.57,7,0,0,UPI,2026-04-23,23:15,0
453.9,445.32,9,0,0,ATM,2026-04-23,23:36,0
204.89,100.0,9,0,0,Online,2026-04-23,23:43,0
257.36,179.61,4,0,0,Online,2026-04-23,23:49,0
98.49,100.0,1,0,0,Online,2026-04-23,23:50,0
360.05,279.96,7,0,1,Online,2026-04-23,23:54,0
525.4,246.01,4,0,0,Card,2026-04-24,00:11,0
188.27,185.56,4,0,0,UPI,2026-04-24,00:23,0
2098.01,2249.0,2,0,0,Online,2026-04-24,00:27,0
791.11,746.19,3,1,0,Online,2026-04-24,00:37,0
87.89,101.82,4,0,0,Bank Transfer,2026-04-24,00:44,0
89.44,100.0,3,0,0,Online,2026-04-24,00:45,1
174.79,100.0,6,0,0,UPI,2026-04-24,00:50,0
1536.42,625.63,7,1,0,Card,2026-04-24,01:59,0
860.3,828.72,7,0,0,Online,2026-04-24,02:04,0
1603.84,782.34,4,0,0,Online,2026-04-24,02:20,0
406.94,466.95,4,0,0,Online,2026-04-24,02:32,0
337.62,289.88,3,0,0,UPI,2026-04-24,02:41,0
139.72,144.4,4,1,0,Online,2026-04-24,02:53,0
543.07,390.73,4,0,0,UPI,2026-04-24,03:23,0
341.47,332.8,5,0,0,Card,2026-04-24,03:25,0
330.47,240.29,4,0,0,Bank Transfer,2026-04-24,03:49,0
1596.14,1289.6,3,0,0,UPI,2026-04-24,04:08,0
362.35,365.08,4,0,1,Card,2026-04-24,04:12,0
1250.54,690.84,3,0,0,Card,2026-04-24,04:15,0
104.6,115.25,5,0,0,ATM,2026-04-24,04:22,0
3963.55,3800.47,8,0,1,Bank Transfer,2026-04-24,04:58,0
293.75,289.21,6,0,0,UPI,2026-04-24,05:04,0
735.91,406.54,10,1,0,Bank Transfer,2026-04-24,05:12,0
842.46,359.4,6,0,0,Online,2026-04-24,05:54,0
264.34,108.89,5,0,0,UPI,2026-04-24,05:57,0
809.3,728.35,3,0,0,Online,2026-04-24,06:16,0
845.86,403.9,4,0,0,Card,2026-04-24,07:17,0
220.04,263.9,8,0,0,UPI,2026-04-24,07:34,0
222.27,259.37,4,0,0,Online,2026-04-24,07:53,0
419.27,157.14,8,0,0,Online,2026-04-24,08:08,0
365.71,353.38,4,0,0,UPI,2026-04-24,08:37,0
1318.38,753.66,6,0,0,UPI,2026-04-24,08:44,0
733.09,469.0,3,0,0,Online,2026-04-24,08:44,0
379.99,210.61,6,0,0,Online,2026-04-24,11:07,0
675.31,713.1,2,0,0,Bank Transfer,2026-04-24,11:24,0
70.83,100.0,5,1,0,ATM,2026-04-24,11:25,0
239.12,100.0,3,0,0,UPI,2026-04-24,11:35,0
515.25,298.6,6,0,0,UPI,2026-04-24,11:45,0
1041.13,761.47,5,0,0,Card,2026-04-24,12:23,0
478.09,379.39,2,0,0,Online,2026-04-24,13:56,0
1393.4,591.5,6,0,0,Card,2026-04-24,14:55,0
843.66,890.5,4,0,0,Online,2026-04-24,14:57,0
266.38,304.71,7,0,0,Online,2026-04-24,15:08,0
358.16,248.0,2,0,0,Bank Transfer,2026-04-24,15:34,0
570.87,615.77,5,0,0,UPI,2026-04-24,16:03,0
275.52,254.83,7,0,0,Bank Transfer,2026-04-24,16:08,0
1482.67,1264.69,2,0,0,Bank Transfer,2026-04-24,16:08,0
157.21,164.47,4,0,0,UPI,2026-04-24,16:47,0
527.79,396.93,5,0,0,Online,2026-04-24,17:05,0
753.8,614.77,5,0,0,Card,2026-04-24,17:14,0
309.07,180.33,3,0,0,Online,2026-04-24,17:45,0
255.19,243.8,5,0,0,Online,2026-04-24,17:57,0
378.17,183.49,1,0,0,Card,2026-04-24,18:02,0
804.48,447.85,7,1,0,Bank Transfer,2026-04-24,18:36,0
263.78,199.93,6,0,0,ATM,2026-04-24,18:45,0
162.62,110.18,7,0,0,ATM,2026-04-24,19:01,0
1072.77,593.93,3,0,0,Online,2026-04-24,19:47,0
566.46,290.65,4,0,0,Bank Transfer,2026-04-24,20:05,0
950.21,1027.9,7,0,0,Bank Transfer,2026-04-24,20:35,0
769.26,655.59,7,0,0,Online,2026-04-24,21:11,0
2573.2,1726.06,5,0,0,Card,2026-04-24,21:20,0
1040.78,1112.5,9,0,0,Online,2026-04-24,21:33,0
218.01,229.21,8,0,0,Bank Transfer,2026-04-24,21:33,0
601.68,267.3,6,0,0,Bank Transfer,2026-04-24,21:38,0
251.17,209.02,4,0,0,Bank Transfer,2026-04-24,22:00,0
274.24,167.22,7,0,0,ATM,2026-04-24,23:09,0
121.43,100.0,4,0,0,Online,2026-04-24,23:29,0
316.34,303.78,5,0,0,Card,2026-04-24,23:57,0
641.16,229.04,4,0,0,UPI,2026-04-25,00:02,0
381.41,299.99,7,0,0,Card,2026-04-25,00:07,0
158.47,100.0,6,0,0,Online,2026-04-25,01:16,0
110.55,100.0,6,0,0,Card,2026-04-25,01:26,0
2428.6,1076.76,3,1,0,ATM,2026-04-25,01:46,1
531.86,555.76,3,0,0,UPI,2026-04-25,01:54,0
200.24,162.62,3,0,0,Online,2026-04-25,02:27,0
597.36,316.24,4,0,0,ATM,2026-04-25,02:30,0
2593.62,2604.59,7,0,0,UPI,2026-04-25,02:48,1
683.61,261.22,8,0,0,Bank Transfer,2026-04-25,03:06,0
37.75,100.0,5,0,0,Card,2026-04-25,03:39,0
3844.69,2985.39,6,0,0,UPI,2026-04-25,04:19,0
83.78,100.0,4,0,0,Online,2026-04-25,04:24,0
338.62,190.39,6,0,0,UPI,2026-04-25,05:05,0
153.95,100.0,4,0,0,Card,2026-04-25,05:06,0
215.08,209.17,6,0,1,UPI,2026-04-25,05:39,0
513.76,488.02,7,0,0,UPI,2026-04-25,05:40,0
69.38,100.0,4,0,0,Bank Transfer,2026-04-25,05:42,0
373.64,165.46,3,0,0,Bank Transfer,2026-04-25,05:45,0
1069.82,1174.91,4,0,0,UPI,2026-04-25,06:18,0
197.01,102.59,8,0,0,Online,2026-04-25,06:31,0
123.75,100.0,11,0,0,UPI,2026-04-25,06:50,0
358.38,333.88,2,0,0,Bank Transfer,2026-04-25,06:57,0
302.6,121.53,7,0,0,Online,2026-04-25,07:46,0
243.24,281.07,7,0,0,Card,2026-04-25,07:51,0
146.92,100.0,5,0,0,UPI,2026-04-25,07:56,0
627.23,672.24,8,0,0,Online,2026-04-25,08:16,0
669.13,439.46,4,0,0,UPI,2026-04-25,08:20,0
163.07,100.0,6,0,1,Online,2026-04-25,08:23,0
183.43,123.06,5,1,0,Card,2026-04-25,08:34,0
453.06,533.21,3,0,0,ATM,2026-04-25,08:48,0
177.64,142.05,5,0,1,Bank Transfer,2026-04-25,09:00,0
469.59,188.02,2,0,0,Online,2026-04-25,09:10,0
1405.07,1616.26,4,0,0,Card,2026-04-25,09:14,0
383.43,180.99,2,0,0,Card,2026-04-25,10:25,0
143.8,100.0,6,0,0,Online,2026-04-25,10:54,0
563.0,218.79,6,0,0,Bank Transfer,2026-04-25,12:00,0
346.89,365.06,6,0,1,Online,2026-04-25,12:26,0
355.09,170.47,2,0,0,ATM,2026-04-25,12:41,0
604.27,303.43,5,0,0,Online,2026-04-25,13:26,0
725.88,836.57,3,0,0,Bank Transfer,2026-04-25,13:56,0
415.79,361.68,6,0,0,UPI,2026-04-25,14:33,0
383.15,227.06,6,1,0,ATM,2026-04-25,15:20,0
2330.9,1977.74,5,0,0,UPI,2026-04-25,15:28,0
1119.31,623.04,4,0,0,Online,2026-04-25,15:35,0
819.35,631.0,3,1,0,Bank Transfer,2026-04-25,16:13,0
451.03,286.14,5,0,0,UPI,2026-04-25,16:18,0
171.59,150.87,8,0,0,UPI,2026-04-25,17:21,0
1051.82,1046.55,5,0,0,Card,2026-04-25,17:22,0
456.07,294.73,7,0,0,ATM,2026-04-25,17:25,0
247.0,116.67,6,0,0,Card,2026-04-25,17:26,0
328.1,214.05,8,1,0,Online,2026-04-25,17:30,0
177.46,176.47,4,0,1,Bank Transfer,2026-04-25,17:34,1
991.02,1009.86,7,0,1,UPI,2026-04-25,17:34,0
720.96,733.73,7,0,0,UPI,2026-04-25,17:38,0
470.78,554.76,3,0,0,Online,2026-04-25,18:04,0
389.02,408.89,10,1,1,Online,2026-04-25,18:04,0
226.2,265.4,8,0,0,ATM,2026-04-25,18:13,0
65.99,100.0,8,0,0,Card,2026-04-25,18:13,0
121.39,100.0,7,0,0,Bank Transfer,2026-04-25,18:22,0
214.59,186.05,7,0,0,Card,2026-04-25,18:51,0
188.85,100.0,11,0,0,Card,2026-04-25,19:51,0
515.92,217.99,4,0,0,Online,2026-04-25,20:05,0
804.14,487.41,8,1,0,Online,2026-04-25,20:49,0
361.7,238.13,8,0,0,UPI,2026-04-25,20:55,0
1336.19,1272.8,2,0,0,Bank Transfer,2026-04-25,21:17,0
207.38,136.58,3,0,0,Card,2026-04-25,21:49,0
359.53,126.8,5,1,0,Online,2026-04-25,23:01,0
386.32,436.31,8,0,0,Bank Transfer,2026-04-25,23:06,0
1020.82,868.71,7,1,0,Card,2026-04-25,23:26,0
441.42,233.58,6,0,0,ATM,2026-04-26,00:24,0
451.93,255.09,2,0,0,Online,2026-04-26,00:30,0
98.83,100.0,3,0,0,ATM,2026-04-26,00:59,0
187.74,210.38,5,0,0,UPI,2026-04-26,01:11,0
1024.09,558.82,1,0,0,ATM,2026-04-26,01:26,0
69.13,100.0,4,0,0,UPI,2026-04-26,01:52,0
1263.38,726.02,3,0,0,Card,2026-04-26,02:24,0
616.9,635.02,7,0,0,UPI,2026-04-26,02:49,0
213.71,100.0,4,0,1,Online,2026-04-26,03:42,0
198.89,151.31,9,0,0,Online,2026-04-26,04:18,0
2021.43,1341.89,4,0,0,Card,2026-04-26,04:48,0
1339.02,849.47,5,0,1,Online,2026-04-26,05:04,0
364.48,434.95,5,0,0,ATM,2026-04-26,05:51,0
452.33,435.47,4,0,0,Bank Transfer,2026-04-26,07:09,0
232.93,132.17,3,0,0,Online,2026-04-26,07:16,0
452.4,447.68,6,0,0,UPI,2026-04-26,08:04,0
227.51,104.68,7,0,0,Bank Transfer,2026-04-26,08:18,0
377.37,429.09,7,0,0,Online,2026-04-26,09:16,0
1879.54,1339.03,5,0,0,Bank Transfer,2026-04-26,09:31,0
371.94,190.46,2,0,0,Bank Transfer,2026-04-26,09:37,0
165.53,100.0,5,0,1,Card,2026-04-26,09:39,0
126.29,100.0,6,0,0,Bank Transfer,2026-04-26,10:04,0
449.46,512.82,6,0,0,Card,2026-04-26,10:34,0
211.29,128.89,3,0,0,ATM,2026-04-26,10:36,0
497.51,234.54,4,0,0,Card,2026-04-26,10:51,0
101.84,106.01,4,0,0,Card,2026-04-26,10:52,0
725.39,385.38,7,0,0,Bank Transfer,2026-04-26,10:59,0
163.84,100.0,4,0,0,Online,2026-04-26,11:07,0
419.62,385.27,5,0,0,Online,2026-04-26,11:11,0
302.61,107.82,5,0,0,Card,2026-04-26,11:12,0
1738.24,1838.29,4,0,0,UPI,2026-04-26,11:19,0
466.74,386.6,5,0,1,ATM,2026-04-26,11:24,0
2108.33,1180.23,6,0,0,UPI,2026-04-26,11:31,0
649.78,488.99,7,0,0,Bank Transfer,2026-04-26,11:52,0
1355.05,776.52,4,0,0,Card,2026-04-26,12:00,0
337.82,271.25,5,1,0,Bank Transfer,2026-04-26,12:21,0
541.14,452.34,5,0,0,Online,2026-04-26,12:38,0
1136.66,1143.4,4,0,0,Bank Transfer,2026-04-26,12:52,0
870.63,649.64,6,0,0,ATM,2026-04-26,12:53,0
633.55,645.36,8,0,0,UPI,2026-04-26,12:54,0
305.29,124.82,9,0,0,Online,2026-04-26,13:09,0
352.5,399.43,9,0,0,UPI,2026-04-26,13:14,0
1061.05,538.68,3,0,0,Card,2026-04-26,13:20,0
1266.52,1343.89,4,0,0,Card,2026-04-26,13:37,1
243.73,187.78,4,0,1,Card,2026-04-26,13:58,0
214.39,100.0,4,0,0,UPI,2026-04-26,14:27,0
187.07,122.69,8,0,0,Card,2026-04-26,14:37,0
816.68,923.32,4,0,0,UPI,2026-04-26,14:46,0
183.08,193.98,3,0,0,UPI,2026-04-26,15:13,1
808.32,779.2,5,0,0,Online,2026-04-26,15:23,0
641.52,431.66,6,0,0,UPI,2026-04-26,15:28,1
253.83,215.88,3,0,0,Online,2026-04-26,15:29,0
1524.28,834.25,6,0,0,Online,2026-04-26,15:36,0
116.41,104.84,10,0,0,UPI,2026-04-26,16:06,0
1653.42,945.43,4,0,0,Card,2026-04-26,16:27,0
529.03,557.95,5,0,0,Card,2026-04-26,16:41,0
69.24,100.0,4,0,0,Online,2026-04-26,16:49,0
1561.02,1058.65,4,0,0,Bank Transfer,2026-04-26,17:25,0
921.85,839.4,3,0,0,Online,2026-04-26,17:32,0
280.34,175.6,5,0,0,UPI,2026-04-26,18:10,0
177.68,100.0,4,0,0,Card,2026-04-26,18:11,0
106.3,100.0,6,0,0,Bank Transfer,2026-04-26,18:15,0
3143.62,1826.24,5,0,0,UPI,2026-04-26,18:25,0
184.03,100.0,4,0,0,UPI,2026-04-26,18:54,0
137.82,127.7,5,0,0,UPI,2026-04-26,19:04,0
506.6,495.82,10,0,0,Online,2026-04-26,19:05,0
100.26,100.0,5,0,0,Card,2026-04-26,19:13,0
175.16,208.37,7,0,0,Bank Transfer,2026-04-26,19:15,0
939.85,1040.76,8,0,0,Card,2026-04-26,19:36,0
598.59,253.8,2,0,0,UPI,2026-04-26,19:47,0
290.49,215.37,7,0,0,Online,2026-04-26,20:00,0
409.76,459.83,5,0,0,UPI,2026-04-26,20:08,0
276.97,148.79,4,0,0,Online,2026-04-26,20:31,0
382.72,257.05,2,0,0,Bank Transfer,2026-04-26,20:51,0
211.13,243.83,4,0,0,Card,2026-04-26,21:19,0
246.36,248.74,4,0,0,UPI,2026-04-26,21:21,0
240.07,253.87,1,0,0,UPI,2026-04-26,21:31,0
217.68,238.92,5,0,0,ATM,2026-04-26,21:34,0
979.78,485.48,5,0,0,Card,2026-04-26,22:51,0
776.35,733.17,5,0,1,Bank Transfer,2026-04-26,22:58,0
182.64,188.55,4,0,0,UPI,2026-04-26,23:02,0
146.17,100.0,6,0,0,UPI,2026-04-26,23:03,0
352.95,136.54,4,0,1,Bank Transfer,2026-04-26,23:10,1
2519.95,1264.01,5,0,0,Online,2026-04-26,23:46,1
168.42,165.08,6,0,0,UPI,2026-04-26,23:51,0
351.76,330.71,7,0,0,ATM,2026-04-27,00:01,0
435.03,482.0,8,0,0,Card,2026-04-27,00:06,0
367.84,227.85,2,0,1,UPI,2026-04-27,01:21,0
273.29,240.08,6,0,0,UPI,2026-04-27,02:08,0
1076.87,401.43,5,0,0,Online,2026-04-27,02:22,0
593.65,679.62,7,0,0,Card,2026-04-27,02:23,0
827.93,680.0,5,0,0,Card,2026-04-27,02:48,0
665.79,656.55,3,1,0,ATM,2026-04-27,02:59,0
862.52,509.96,7,1,0,Card,2026-04-27,04:20,1
1551.14,650.95,3,0,0,UPI,2026-04-27,04:36,0
1250.61,504.49,5,1,0,Card,2026-04-27,05:11,0
2910.51,3034.09,7,0,0,UPI,2026-04-27,05:16,0
1135.4,544.03,7,0,0,UPI,2026-04-27,05:23,0
228.37,239.88,7,0,1,UPI,2026-04-27,07:39,0
829.0,477.07,4,0,0,Card,2026-04-27,07:44,0
737.95,597.8,3,0,0,Card,2026-04-27,07:56,0
2063.69,1181.73,5,0,0,UPI,2026-04-27,08:15,0
177.31,100.0,6,0,0,Card,2026-04-27,08:36,0
648.24,525.68,5,0,1,Card,2026-04-27,09:09,0
226.13,149.71,5,0,0,Card,2026-04-27,09:16,0
623.7,448.96,6,1,0,ATM,2026-04-27,09:23,0
336.12,289.51,8,0,0,UPI,2026-04-27,09:26,0
606.41,373.92,7,0,0,Bank Transfer,2026-04-27,09:48,0
121.66,100.88,7,0,0,Online,2026-04-27,09:54,0
791.75,719.78,4,0,0,ATM,2026-04-27,10:19,0
480.66,204.81,3,0,0,UPI,2026-04-27,11:10,0
459.14,297.33,9,0,0,Card,2026-04-27,11:18,0
2116.87,902.75,7,0,0,Card,2026-04-27,11:20,0
291.46,103.73,3,0,0,Online,2026-04-27,11:25,0
539.65,212.38,4,0,0,ATM,2026-04-27,11:40,0
439.32,374.91,7,0,1,UPI,2026-04-27,11:51,0
477.39,201.3,3,0,0,UPI,2026-04-27,12:34,0
2666.53,2901.79,6,0,0,UPI,2026-04-27,13:11,0
425.91,424.01,8,0,0,Online,2026-04-27,13:24,0
249.09,100.0,6,0,0,UPI,2026-04-27,13:35,0
1978.84,1656.8,4,0,0,Bank Transfer,2026-04-27,13:44,0
310.59,111.41,4,0,0,UPI,2026-04-27,13:56,0
103.09,100.0,3,0,0,UPI,2026-04-27,14:13,0
214.92,255.76,8,0,0,Online,2026-04-27,15:00,0
139.83,103.26,7,0,0,Card,2026-04-27,16:13,0
87.36,100.0,4,0,0,Bank Transfer,2026-04-27,16:25,0
296.32,317.88,4,0,0,UPI,2026-04-27,16:35,0
380.06,429.36,6,0,0,Card,2026-04-27,16:36,0
1100.42,898.08,5,0,0,ATM,2026-04-27,16:44,0
688.83,654.42,3,0,0,Card,2026-04-27,16:47,0
662.66,671.34,2,0,0,Online,2026-04-27,17:02,0
188.82,184.0,6,0,0,Bank Transfer,2026-04-27,17:11,0
855.93,659.36,5,1,0,Card,2026-04-27,17:39,0
1316.26,1392.31,3,0,0,UPI,2026-04-27,17:56,0
564.19,450.35,7,0,0,Card,2026-04-27,18:00,0
577.75,329.65,5,0,1,Online,2026-04-27,18:04,0
137.69,100.0,5,0,0,Online,2026-04-27,18:24,0
988.58,647.32,6,0,0,Card,2026-04-27,18:32,1
1832.99,770.22,8,0,0,Card,2026-04-27,18:35,0
530.87,214.36,6,0,0,Card,2026-04-27,18:59,0
243.42,182.28,4,0,1,Bank Transfer,2026-04-27,19:10,0
351.53,405.01,5,0,0,Card,2026-04-27,19:16,0
282.21,124.08,7,0,0,Bank Transfer,2026-04-27,19:37,0
296.97,173.04,3,0,0,Online,2026-04-27,20:11,0
699.79,738.68,8,0,0,UPI,2026-04-27,20:29,0
511.6,353.8,3,0,0,Bank Transfer,2026-04-27,20:36,0
947.04,942.29,4,0,0,Online,2026-04-27,20:38,0
552.95,448.43,1,0,1,Bank Transfer,2026-04-27,21:08,0
193.55,167.1,5,0,0,Card,2026-04-27,21:19,0
263.59,128.36,6,0,0,Online,2026-04-27,21:36,0
250.03,162.38,7,0,0,Card,2026-04-27,21:52,0
344.3,302.46,9,0,0,Bank Transfer,2026-04-27,21:53,0
1854.75,691.36,6,0,0,Card,2026-04-27,22:02,0
2125.29,1084.06,5,0,0,ATM,2026-04-27,22:13,0
821.48,557.39,4,0,0,Bank Transfer,2026-04-27,22:29,0
446.28,412.1,3,0,1,UPI,2026-04-27,22:30,0
126.8,100.0,5,0,0,Card,2026-04-27,22:48,0
486.39,467.38,4,0,0,UPI,2026-04-27,23:47,0
206.13,199.5,6,0,0,Bank Transfer,2026-04-27,23:51,0
1613.15,607.18,6,0,0,Online,2026-04-28,00:20,0
103.01,115.0,4,0,0,Card,2026-04-28,00:33,0
559.37,587.66,3,0,0,Bank Transfer,2026-04-28,01:21,0
191.89,111.37,5,0,0,Bank Transfer,2026-04-28,02:05,0
400.18,304.87,5,0,0,Card,2026-04-28,03:35,0
710.63,434.86,6,0,0,Online,2026-04-28,03:58,0
961.67,1077.69,8,0,0,Card,2026-04-28,04:06,0
383.14,258.77,2,0,0,UPI,2026-04-28,04:14,0
770.5,529.06,4,0,0,Online,2026-04-28,04:24,0
229.73,258.47,8,0,0,Online,2026-04-28,05:09,0
497.06,427.76,7,0,0,Bank Transfer,2026-04-28,05:11,0
945.65,441.8,5,0,0,Card,2026-04-28,05:58,0
535.01,471.94,5,0,0,Bank Transfer,2026-04-28,06:26,0
257.25,263.76,3,0,0,ATM,2026-04-28,06:31,0
318.24,202.77,8,0,0,Bank Transfer,2026-04-28,07:19,0
956.53,763.26,8,0,0,Bank Transfer,2026-04-28,07:23,0
159.48,140.79,5,0,0,Online,2026-04-28,07:33,0
180.79,141.71,9,1,0,Card,2026-04-28,07:43,0
672.73,806.78,6,0,0,Card,2026-04-28,07:49,0
277.75,216.86,4,0,0,ATM,2026-04-28,08:38,0
117.32,105.22,4,0,0,ATM,2026-04-28,08:53,0
1271.81,1303.03,6,0,0,UPI,2026-04-28,09:26,0
158.43,100.0,5,0,0,Card,2026-04-28,09:39,0
340.52,131.89,6,0,0,Card,2026-04-28,09:41,0
238.27,280.45,2,0,0,Bank Transfer,2026-04-28,10:09,0
313.24,304.6,6,0,1,Bank Transfer,2026-04-28,10:34,0
190.2,130.15,3,0,0,UPI,2026-04-28,10:42,0
740.36,270.25,5,0,0,Online,2026-04-28,10:47,0
443.28,217.85,9,0,0,Card,2026-04-28,10:51,0
930.86,333.51,6,0,1,UPI,2026-04-28,11:07,0
240.38,165.14,10,0,0,Online,2026-04-28,11:34,0
2472.71,2031.64,6,0,0,ATM,2026-04-28,11:35,0
79.92,100.0,7,0,0,Card,2026-04-28,12:08,0
104.86,100.0,4,0,0,Card,2026-04-28,12:14,0
1790.27,2078.69,2,0,0,UPI,2026-04-28,12:27,0
603.61,719.44,5,0,0,Card,2026-04-28,12:42,0
539.25,570.63,4,0,0,UPI,2026-04-28,13:08,0
582.07,423.34,5,0,0,Bank Transfer,2026-04-28,13:23,0
655.58,534.5,3,0,0,UPI,2026-04-28,13:47,0
520.51,404.86,4,0,0,Card,2026-04-28,13:55,0
177.5,100.0,6,0,0,ATM,2026-04-28,13:56,0
808.73,870.39,4,0,0,Card,2026-04-28,14:50,0
707.39,653.92,4,0,0,Bank Transfer,2026-04-28,15:10,0
1358.54,1212.15,5,0,0,Card,2026-04-28,15:18,0
1807.33,971.04,5,0,1,Card,2026-04-28,16:13,0
534.27,256.55,7,0,0,UPI,2026-04-28,17:24,0
142.11,155.19,2,0,0,Card,2026-04-28,17:45,0
1820.1,914.6,6,0,0,Online,2026-04-28,17:46,0
169.79,100.0,5,0,0,Online,2026-04-28,18:13,0
537.68,474.11,6,0,0,Online,2026-04-28,19:01,0
324.33,307.69,4,0,0,Online,2026-04-28,19:27,0
279.77,126.37,3,0,0,UPI,2026-04-28,19:58,0
772.52,406.21,4,0,0,Online,2026-04-28,20:05,0
496.6,506.76,6,0,0,Card,2026-04-28,20:09,0
624.07,711.53,8,0,0,ATM,2026-04-28,20:13,0
201.68,152.27,6,0,0,Online,2026-04-28,20:53,0
347.94,356.02,5,0,0,Online,2026-04-28,21:10,0
209.75,130.35,3,0,0,Card,2026-04-28,21:13,0
340.63,322.83,5,0,1,Bank Transfer,2026-04-28,22:09,0
364.69,300.37,3,0,0,UPI,2026-04-28,22:18,0
1934.61,2063.7,2,0,0,Card,2026-04-28,22:24,0
323.6,326.68,5,0,1,Card,2026-04-28,23:07,0
66.24,100.0,8,0,1,UPI,2026-04-28,23:20,0
1320.58,629.97,5,0,0,Online,2026-04-28,23:22,0
591.03,612.61,3,0,0,Online,2026-04-28,23:26,0
360.91,136.38,8,0,0,ATM,2026-04-28,23:28,0
278.21,257.95,4,0,0,Card,2026-04-28,23:32,0
180.39,136.11,8,1,0,Card,2026-04-28,23:59,0
2095.07,867.37,5,0,0,Card,2026-04-29,00:01,0
421.6,394.32,4,0,0,UPI,2026-04-29,00:02,0
92.1,100.0,6,0,0,Card,2026-04-29,00:07,0
533.03,576.25,3,0,0,Bank Transfer,2026-04-29,00:17,0
1124.67,593.08,8,0,0,Online,2026-04-29,00:52,0
460.8,162.18,5,0,0,Card,2026-04-29,01:14,0
187.48,100.0,11,0,0,Online,2026-04-29,01:27,0
173.74,100.63,3,0,0,Online,2026-04-29,01:34,0
184.99,167.3,3,0,0,ATM,2026-04-29,01:45,1
1470.58,968.0,11,0,0,UPI,2026-04-29,02:17,1
379.59,171.01,3,0,0,ATM,2026-04-29,02:25,0
96.84,114.69,1,0,0,Online,2026-04-29,03:02,0
559.2,247.16,7,0,0,Online,2026-04-29,03:04,0
454.81,296.47,9,0,0,UPI,2026-04-29,03:13,0
275.46,301.66,7,0,0,Card,2026-04-29,03:23,0
169.47,153.32,7,0,0,Card,2026-04-29,04:36,1
163.32,101.55,2,0,0,ATM,2026-04-29,04:48,0
1016.01,1193.6,8,0,0,Bank Transfer,2026-04-29,05:05,0
497.89,386.33,5,0,1,Bank Transfer,2026-04-29,05:34,0
605.98,216.27,3,0,0,Card,2026-04-29,05:49,0
496.73,176.46,8,0,1,UPI,2026-04-29,06:07,0
533.01,612.88,5,0,0,UPI,2026-04-29,06:12,0
270.93,159.58,6,0,0,Bank Transfer,2026-04-29,07:17,0
338.68,352.31,2,0,0,Online,2026-04-29,07:52,0
1085.91,420.28,9,0,0,UPI,2026-04-29,08:00,0
1342.65,637.6,9,0,1,ATM,2026-04-29,08:20,0
142.77,153.94,10,0,1,UPI,2026-04-29,09:14,0
337.98,403.88,11,0,0,Online,2026-04-29,09:34,0
823.36,324.51,6,0,0,ATM,2026-04-29,10:24,0
1997.73,983.87,5,0,0,Card,2026-04-29,10:53,0
1834.75,1769.57,2,0,0,ATM,2026-04-29,11:27,0
205.12,164.11,4,0,0,Card,2026-04-29,12:08,0
1192.48,828.86,5,0,0,Online,2026-04-29,12:27,0
424.05,218.51,4,0,1,UPI,2026-04-29,12:33,0
980.2,1130.78,6,0,0,UPI,2026-04-29,12:35,0
788.42,391.4,6,0,0,Online,2026-04-29,12:36,0
137.78,100.0,4,0,0,Online,2026-04-29,12:39,0
643.86,402.83,5,0,0,Card,2026-04-29,12:40,0
948.46,443.69,6,0,0,UPI,2026-04-29,12:47,0
396.58,319.56,4,0,0,Card,2026-04-29,12:51,0
327.22,209.46,5,0,0,Card,2026-04-29,13:07,0
106.07,100.0,4,0,0,Bank Transfer,2026-04-29,13:27,0
721.31,478.0,3,0,0,UPI,2026-04-29,13:56,0
481.76,216.29,4,0,0,UPI,2026-04-29,14:49,0
184.22,201.12,4,0,0,UPI,2026-04-29,14:50,0
305.83,239.53,8,0,0,Card,2026-04-29,14:56,0
460.05,286.87,8,0,1,UPI,2026-04-29,15:21,0
250.93,100.0,5,0,0,Card,2026-04-29,15:35,0
404.35,347.0,4,0,1,UPI,2026-04-29,15:39,0
91.15,100.0,1,0,0,Bank Transfer,2026-04-29,15:43,0
1270.3,1146.51,2,0,0,Online,2026-04-29,15:48,0
408.92,416.92,4,0,0,Bank Transfer,2026-04-29,16:15,0
158.47,100.0,8,0,0,Online,2026-04-29,16:41,0
49.86,100.0,7,0,0,Card,2026-04-29,16:45,0
967.55,512.45,4,0,0,Online,2026-04-29,17:12,0
648.32,373.92,2,0,0,UPI,2026-04-29,18:22,0
482.55,379.03,11,0,0,Online,2026-04-29,18:22,0
840.59,297.92,5,0,1,Online,2026-04-29,18:28,0
838.62,608.91,6,0,0,Online,2026-04-29,18:29,0
475.93,245.75,2,0,0,Online,2026-04-29,18:29,0
325.03,320.7,6,0,0,Card,2026-04-29,18:41,0
283.0,281.32,2,0,0,UPI,2026-04-29,18:43,0
576.98,503.92,7,0,0,Card,2026-04-29,18:51,0
1322.76,937.09,2,0,0,Online,2026-04-29,18:56,0
369.64,226.85,4,0,0,Online,2026-04-29,19:14,0
1415.17,1490.66,8,0,0,Card,2026-04-29,19:24,0
554.01,432.7,3,0,0,UPI,2026-04-29,19:32,0
557.57,430.44,7,0,0,ATM,2026-04-29,19:42,0
3116.12,1391.09,4,0,0,Bank Transfer,2026-04-29,20:05,0
1643.82,880.47,10,0,0,Online,2026-04-29,20:11,0
1680.45,1103.08,2,0,0,UPI,2026-04-29,20:27,0
204.8,193.34,2,1,0,Online,2026-04-29,21:25,0
2600.23,2778.29,6,1,0,UPI,2026-04-29,21:41,0
376.2,449.15,6,0,0,UPI,2026-04-29,22:15,0
332.5,237.18,4,0,0,ATM,2026-04-29,22:21,0
64.37,100.0,4,0,0,UPI,2026-04-29,22:30,1
532.37,532.99,9,0,0,Card,2026-04-29,22:50,0
160.64,100.08,4,0,1,UPI,2026-04-29,22:56,0
570.79,462.02,3,0,0,Card,2026-04-29,23:32,0
150.31,139.1,5,0,0,Online,2026-04-29,23:43,0
1859.47,1024.22,5,0,0,Online,2026-04-30,00:10,0
644.73,378.88,7,0,0,Card,2026-04-30,01:32,0
2801.45,1828.68,6,0,0,Online,2026-04-30,01:34,0
169.09,142.21,4,0,0,Online,2026-04-30,01:35,0
1505.38,872.9,7,0,0,UPI,2026-04-30,01:42,0
87.16,100.0,10,0,0,Card,2026-04-30,01:49,0
481.48,229.71,6,1,0,Card,2026-04-30,02:35,0
235.83,244.77,4,1,0,UPI,2026-04-30,02:47,0
275.68,304.09,8,0,0,Card,2026-04-30,03:12,0
260.08,291.03,3,0,0,Bank Transfer,2026-04-30,03:14,0
185.4,194.37,5,0,0,Online,2026-04-30,03:17,0
138.28,100.0,3,1,0,ATM,2026-04-30,03:41,0
276.98,119.96,4,0,0,UPI,2026-04-30,03:43,0
445.24,344.75,3,0,0,UPI,2026-04-30,04:01,0
1084.79,860.47,4,1,1,Online,2026-04-30,04:17,1
518.56,504.5,5,0,0,UPI,2026-04-30,04:37,0
1087.42,586.6,5,0,0,Online,2026-04-30,04:41,0
114.84,131.07,3,0,0,Card,2026-04-30,04:47,0
279.21,171.28,5,1,0,Online,2026-04-30,05:00,0
738.3,621.01,5,0,0,Card,2026-04-30,05:05,0
540.08,585.76,6,0,0,UPI,2026-04-30,05:07,0
194.03,154.24,4,0,0,Card,2026-04-30,05:16,1
892.44,883.98,4,0,0,Card,2026-04-30,05:19,0
256.83,253.41,5,0,0,Bank Transfer,2026-04-30,05:28,0
208.35,212.84,5,0,1,Bank Transfer,2026-04-30,05:37,0
610.27,634.31,6,0,0,UPI,2026-04-30,06:01,0
405.55,277.23,7,0,0,UPI,2026-04-30,06:20,1
258.66,170.46,5,0,0,Bank Transfer,2026-04-30,06:31,0
251.3,259.59,6,0,0,Online,2026-04-30,06:41,0
162.5,136.95,13,0,0,Bank Transfer,2026-04-30,06:42,1
288.19,249.73,3,0,0,Bank Transfer,2026-04-30,06:43,0
1027.63,719.47,4,0,0,ATM,2026-04-30,06:44,0
496.64,258.94,5,0,1,Online,2026-04-30,07:03,0
911.24,672.85,5,0,0,Card,2026-04-30,07:04,0
625.57,734.54,5,1,0,Card,2026-04-30,07:07,1
239.75,143.19,6,0,0,UPI,2026-04-30,07:47,0
99.31,100.0,7,0,0,ATM,2026-04-30,08:04,0
183.49,100.0,4,0,0,Online,2026-04-30,08:10,0
228.02,173.07,5,0,0,Online,2026-04-30,08:26,0
213.51,127.09,4,0,0,Online,2026-04-30,08:51,0
928.78,867.53,5,0,0,Online,2026-04-30,09:18,0
920.58,427.94,1,0,0,UPI,2026-04-30,09:24,0
2644.13,1481.28,1,0,0,Bank Transfer,2026-04-30,09:39,0
210.78,100.0,6,0,0,Card,2026-04-30,09:39,0
1568.43,604.24,3,0,0,Bank Transfer,2026-04-30,09:52,0
1560.21,1625.78,6,0,0,ATM,2026-04-30,10:04,0
331.15,370.89,5,1,0,ATM,2026-04-30,10:39,0
603.36,602.95,1,0,0,Online,2026-04-30,10:40,1
1158.2,1257.1,5,0,0,UPI,2026-04-30,10:43,0
383.72,162.55,6,0,0,Online,2026-04-30,10:55,0
359.27,400.01,2,0,0,UPI,2026-04-30,11:02,0
236.69,176.6,3,1,1,Card,2026-04-30,11:17,0
54.27,100.0,8,0,0,Card,2026-04-30,11:25,0
428.33,374.1,4,0,0,ATM,2026-04-30,11:48,0
220.66,142.85,4,0,0,Card,2026-04-30,11:52,0
161.73,100.0,6,0,0,UPI,2026-04-30,11:52,0
577.59,260.15,9,0,0,ATM,2026-04-30,12:17,0
117.49,100.0,4,0,0,Bank Transfer,2026-04-30,12:49,0
800.45,616.33,2,0,0,Bank Transfer,2026-04-30,13:05,0
608.54,721.51,3,0,0,ATM,2026-04-30,13:07,0
287.1,109.59,4,0,0,ATM,2026-04-30,13:54,0
382.29,325.57,3,0,0,UPI,2026-04-30,13:58,1
146.69,116.8,9,1,0,ATM,2026-04-30,14:20,0
763.4,282.05,2,1,0,ATM,2026-04-30,14:23,1
473.08,298.17,5,0,0,Card,2026-04-30,14:24,0
504.0,357.58,3,1,0,ATM,2026-04-30,15:27,0
618.07,476.0,3,0,0,ATM,2026-04-30,15:56,0
233.68,128.16,9,0,0,Online,2026-04-30,16:29,0
110.92,100.0,4,0,0,ATM,2026-04-30,16:31,0
910.25,545.94,9,0,0,UPI,2026-04-30,17:10,0
724.45,768.57,3,0,0,Bank Transfer,2026-04-30,17:19,0
255.94,265.33,6,0,0,UPI,2026-04-30,17:20,0
571.2,287.68,5,0,0,Bank Transfer,2026-04-30,17:23,0
1175.3,1057.01,7,0,0,Card,2026-04-30,17:44,0
1061.99,1205.46,6,0,0,ATM,2026-04-30,18:02,0
249.67,123.91,8,0,0,Card,2026-04-30,18:04,0
113.81,100.0,5,1,0,Online,2026-04-30,18:05,0
131.68,100.0,6,0,0,UPI,2026-04-30,18:07,0
309.52,153.69,5,0,0,Card,2026-04-30,18:37,0
1398.24,1456.77,4,0,0,UPI,2026-04-30,19:07,0
217.2,226.3,6,0,0,Online,2026-04-30,19:56,0
243.01,196.69,4,0,0,Bank Transfer,2026-04-30,20:11,1
238.8,151.29,4,0,0,Card,2026-04-30,20:21,0
256.73,265.91,4,0,0,Card,2026-04-30,20:30,0
399.6,206.1,7,0,0,UPI,2026-04-30,20:31,0
135.91,100.0,5,0,0,Bank Transfer,2026-04-30,21:31,0
1014.05,431.81,3,0,0,UPI,2026-04-30,21:44,0
356.7,382.97,6,0,0,Online,2026-04-30,21:47,0
3318.49,3177.84,4,0,1,Online,2026-04-30,21:50,0
148.78,131.06,4,0,1,Bank Transfer,2026-04-30,22:14,0
1558.36,1509.03,2,1,0,Card,2026-04-30,22:31,0
1316.38,621.28,1,0,0,Card,2026-04-30,22:56,0
284.31,192.5,3,0,0,UPI,2026-04-30,23:22,1
288.36,300.47,4,0,0,Online,2026-04-30,23:25,0
184.36,208.19,4,0,0,UPI,2026-04-30,23:37,0
186.17,146.35,5,0,0,Card,2026-04-30,23:37,0
403.22,182.96,7,0,0,Card,2026-05-01,00:05,0
410.59,485.21,5,0,0,Card,2026-05-01,00:27,0
103.34,100.0,4,1,0,UPI,2026-05-01,00:33,0
2834.1,1760.39,8,0,0,UPI,2026-05-01,01:15,0
323.57,146.25,7,0,0,UPI,2026-05-01,01:35,0
426.57,153.88,8,0,0,UPI,2026-05-01,01:40,0
236.91,204.49,5,0,0,Card,2026-05-01,01:47,0
321.51,279.9,6,0,0,UPI,2026-05-01,01:53,0
297.62,163.42,5,0,0,UPI,2026-05-01,02:01,0
402.43,196.26,5,0,0,Online,2026-05-01,02:05,0
398.46,318.29,5,0,0,Online,2026-05-01,02:07,0
799.62,575.8,4,0,0,ATM,2026-05-01,02:13,1
489.38,297.59,7,0,0,Online,2026-05-01,02:13,0
734.1,393.11,6,1,1,Online,2026-05-01,02:16,1
400.08,432.25,7,0,0,UPI,2026-05-01,02:18,1
491.06,582.52,6,1,0,Online,2026-05-01,02:42,0
328.62,214.34,5,0,0,Online,2026-05-01,03:19,0
946.38,892.83,3,0,0,UPI,2026-05-01,03:50,0
530.72,576.21,4,0,0,UPI,2026-05-01,03:53,0
352.71,131.52,3,0,0,Card,2026-05-01,03:58,0
343.87,385.78,3,0,0,Card,2026-05-01,04:59,0
367.66,284.67,3,0,0,Online,2026-05-01,05:12,0
414.0,340.82,5,0,0,Bank Transfer,2026-05-01,05:22,1
384.56,311.07,3,0,0,Online,2026-05-01,05:37,0
250.88,139.61,6,0,0,Online,2026-05-01,05:37,0
772.91,784.43,10,0,0,Card,2026-05-01,05:45,0
815.55,793.11,7,0,0,Online,2026-05-01,06:14,0
1837.72,792.83,2,0,0,Online,2026-05-01,06:25,0
241.51,200.06,6,0,0,Online,2026-05-01,06:28,0
710.86,827.06,3,0,0,Card,2026-05-01,06:42,0
79.62,100.0,5,0,0,Online,2026-05-01,06:45,0
816.22,719.92,2,0,0,Bank Transfer,2026-05-01,07:14,0
116.97,100.0,6,0,0,Online,2026-05-01,07:17,0
174.74,112.73,6,0,0,Card,2026-05-01,07:20,0
535.07,255.66,6,0,0,Online,2026-05-01,07:31,0
237.87,249.44,5,0,0,Online,2026-05-01,08:10,0
211.75,214.26,3,0,0,Online,2026-05-01,08:19,0
267.18,300.25,4,0,0,UPI,2026-05-01,08:27,0
750.08,302.95,5,0,0,UPI,2026-05-01,08:52,0
